{"stat.pickup.minecraft.bone":13,"stat.mineBlock.rebornmod.ice_age_shard":2,"stat.leaveGame":1,"stat.mineBlock.minecraft.cobblestone":3,"stat.craftItem.minecraft.iron_axe":1,"stat.useItem.minecraft.mutton":2,"stat.swimOneCm":11581,"stat.climbOneCm":388,"stat.craftItem.minecraft.shield":1,"stat.useItem.minecraft.dirt":7,"stat.useItem.minecraft.stone_slab2":12,"stat.pickup.minecraft.rotten_flesh":2,"stat.craftItem.minecraft.furnace":1,"stat.craftItem.minecraft.stone_pickaxe":1,"stat.pickup.minecraft.cobblestone":127,"stat.entityKilledBy.artifacts.mimic":1,"stat.flyOneCm":201409,"stat.useItem.minecraft.cooked_beef":15,"stat.mineBlock.minecraft.iron_ore":92,"stat.timeSinceDeath":59010,"stat.useItem.minecraft.iron_pickaxe":200,"stat.craftItem.minecraft.wooden_pickaxe":1,"stat.pickup.minecraft.mutton":2,"stat.pickup.rebornmod.fossil_block_0":1,"stat.furnaceInteraction":13,"stat.pickup.galacticraftcore.basic_block_core":60,"stat.killEntity.ZombieVillager":1,"stat.mineBlock.minecraft.coal_ore":16,"stat.pickup.rebornmod.frozen_leech":1,"stat.pickup.rebornmod.plant_fossil":2,"stat.entityKilledBy.grimoireofgaia.harpy":1,"stat.pickup.rebornmod.display_block_item":1,"stat.pickup.minecraft.beef":3,"stat.pickup.minecraft.furnace":1,"stat.sprintOneCm":242182,"stat.pickup.minecraft.skull":3,"stat.craftItem.minecraft.stick":12,"stat.mineBlock.minecraft.crafting_table":1,"stat.useItem.minecraft.beef":1,"stat.deaths":3,"stat.drop":3,"stat.playOneMinute":100536,"stat.craftItem.minecraft.iron_pickaxe":1,"stat.mineBlock.minecraft.tallgrass":2,"stat.diveOneCm":31165,"stat.chestOpened":5,"stat.useItem.minecraft.stone":3,"stat.pickup.minecraft.arrow":2,"stat.drop.minecraft.cooked_beef":2,"stat.jump":1723,"stat.pickup.minecraft.coal":17,"stat.fallOneCm":37600,"stat.crouchOneCm":1188,"stat.entityKilledBy.grimoireofgaia.werecat":1,"stat.craftItem.minecraft.torch":4,"stat.craftItem.minecraft.iron_ingot":22,"stat.pickup.minecraft.dirt":13,"stat.mineBlock.rebornmod.plant_fossil_block":3,"stat.pickup.minecraft.melon":3,"stat.craftingTableInteraction":10,"stat.pickup.minecraft.iron_ore":101,"stat.boatOneCm":103193,"stat.damageTaken":2120,"stat.pickup.minecraft.leather":2,"stat.pickup.minecraft.feather":3,"stat.mineBlock.minecraft.red_flower":1,"stat.mineBlock.minecraft.torch":8,"stat.mineBlock.minecraft.furnace":1,"stat.useItem.minecraft.wooden_pickaxe":6,"stat.pickup.minecraft.wheat_seeds":2,"stat.mineBlock.minecraft.gravel":1,"stat.useItem.minecraft.stone_pickaxe":107,"stat.craftItem.minecraft.iron_leggings":1,"stat.damageDealt":510,"stat.mineBlock.rebornmod.display_block":1,"stat.pickup.hammertime.itemhammeriron":1,"stat.killEntity.Cow":1,"stat.mineBlock.minecraft.dirt":13,"stat.walkOneCm":306957,"stat.useItem.minecraft.torch":9,"stat.pickup.rebornmod.crickets":1,"stat.pickup.minecraft.crafting_table":1,"stat.useItem.minecraft.cobblestone":33,"stat.craftItem.minecraft.crafting_table":2,"stat.pickup.minecraft.log":17,"stat.useItem.minecraft.melon":3,"stat.mineBlock.galacticraftcore.basic_block_core":62,"stat.pickup.minecraft.stone":14,"stat.craftItem.minecraft.iron_chestplate":1,"stat.pickup.minecraft.chicken":3,"stat.pickup.minecraft.sapling":1,"stat.pickup.minecraft.cooked_beef":2,"stat.drop.rebornmod.crickets":1,"stat.craftItem.minecraft.planks":48,"stat.mobKills":4,"stat.mineBlock.minecraft.log":17,"stat.useItem.carryon.entity_item":3,"stat.mineBlock.minecraft.leaves":4,"stat.pickup.minecraft.torch":10,"stat.sneakTime":1214,"stat.mineBlock.minecraft.stone":116}