{"stat.pickup.minecraft.bone":13,"stat.mineBlock.rebornmod.ice_age_shard":7,"stat.pickup.betteranimalsplus.antler":2,"stat.useItem.minecraft.iron_axe":139,"stat.leaveGame":3,"stat.mineBlock.minecraft.cobblestone":15,"stat.killEntity.betteranimalsplus.goat":1,"stat.craftItem.minecraft.iron_axe":1,"stat.useItem.minecraft.mutton":2,"stat.swimOneCm":72122,"stat.climbOneCm":1016,"stat.craftItem.minecraft.shield":1,"stat.pickup.minecraft.porkchop":2,"stat.useItem.minecraft.dirt":7,"stat.useItem.minecraft.stone_slab2":17,"stat.pickup.minecraft.iron_boots":2,"stat.pickup.minecraft.rotten_flesh":7,"stat.pickup.minecraft.sand":1,"stat.craftItem.minecraft.furnace":1,"stat.pickup.bountifulbaubles.amuletcross":2,"stat.killEntity.artifacts.mimic":1,"stat.pickup.betteranimalsplus.deerhead_2":1,"stat.craftItem.minecraft.stone_pickaxe":1,"stat.mineBlock.rebornmod.amber_ore":1,"stat.pickup.minecraft.cobblestone":678,"stat.entityKilledBy.artifacts.mimic":1,"stat.flyOneCm":365775,"stat.useItem.minecraft.ender_pearl":1,"stat.drop.bountifulbaubles.amuletcross":1,"stat.mineBlock.minecraft.sand":1,"stat.drop.minecraft.wheat_seeds":1,"stat.useItem.minecraft.cooked_beef":29,"stat.pickup.rebornmod.mealworm_beetles":7,"stat.pickup.minecraft.redstone":15,"stat.mineBlock.minecraft.iron_ore":202,"stat.pickup.rebornmod.amber":1,"stat.timeSinceDeath":26063,"stat.useItem.minecraft.iron_pickaxe":606,"stat.craftItem.minecraft.wooden_pickaxe":1,"stat.pickup.minecraft.mutton":7,"stat.pickup.rebornmod.fossil_block_0":2,"stat.furnaceInteraction":27,"stat.pickup.galacticraftcore.basic_block_core":133,"stat.killEntity.ZombieVillager":1,"stat.drop.hammertime.itemhammeriron":1,"stat.mineBlock.minecraft.coal_ore":41,"stat.pickup.rebornmod.frozen_leech":2,"stat.pickup.minecraft.shield":1,"stat.pickup.rebornmod.plant_fossil":2,"stat.entityKilledBy.grimoireofgaia.harpy":1,"stat.pickup.rebornmod.display_block_item":1,"stat.pickup.minecraft.beef":5,"stat.pickup.minecraft.furnace":1,"stat.drop.usefulbackpacks.backpack":1,"stat.pickup.minecraft.hay_block":27,"stat.sprintOneCm":387216,"stat.drop.minecraft.leather":2,"stat.pickup.minecraft.skull":3,"stat.craftItem.minecraft.stick":20,"stat.mineBlock.minecraft.diamond_ore":14,"stat.pickup.mowziesmobs.barakoa_mask_rage":2,"stat.mineBlock.minecraft.crafting_table":4,"stat.entityKilledBy.Creeper":1,"stat.useItem.minecraft.beef":1,"stat.deaths":10,"stat.mineBlock.minecraft.planks":5,"stat.drop":15,"stat.pickup.minecraft.egg":2,"stat.playOneMinute":225468,"stat.craftItem.hammertime.itemhammeriron":1,"stat.killEntity.Sheep":3,"stat.craftItem.minecraft.iron_pickaxe":3,"stat.killEntity.Zombie":8,"stat.mineBlock.minecraft.tallgrass":12,"stat.diveOneCm":156699,"stat.chestOpened":17,"stat.drop.rebornmod.cockroaches":2,"stat.useItem.minecraft.stone":3,"stat.pickup.minecraft.arrow":6,"stat.drop.minecraft.cooked_beef":2,"stat.pickup.betteranimalsplus.venisonraw":2,"stat.jump":3191,"stat.pickup.minecraft.coal":72,"stat.pickup.minecraft.iron_helmet":1,"stat.fallOneCm":65973,"stat.craftItem.minecraft.bread":81,"stat.crouchOneCm":4384,"stat.entityKilledBy.grimoireofgaia.werecat":1,"stat.craftItem.minecraft.torch":20,"stat.craftItem.minecraft.iron_ingot":62,"stat.pickup.minecraft.dirt":19,"stat.pickup.evilcraft.dark_gem_crushed":1,"stat.mineBlock.rebornmod.plant_fossil_block":3,"stat.pickup.minecraft.melon":3,"stat.craftingTableInteraction":15,"stat.pickup.minecraft.iron_ore":217,"stat.boatOneCm":231208,"stat.damageTaken":5600,"stat.pickup.minecraft.leather":5,"stat.pickup.minecraft.feather":3,"stat.mineBlock.minecraft.red_flower":2,"stat.mineBlock.minecraft.torch":25,"stat.mineBlock.minecraft.furnace":1,"stat.useItem.minecraft.wooden_pickaxe":6,"stat.pickup.evilcraft.dark_gem":4,"stat.pickup.minecraft.planks":4,"stat.pickup.minecraft.wheat_seeds":4,"stat.pickup.rebornmod.dna_extractor":1,"stat.entityKilledBy.Zombie":2,"stat.mineBlock.minecraft.gravel":1,"stat.useItem.minecraft.stone_pickaxe":107,"stat.mineBlock.minecraft.glass":2,"stat.craftItem.minecraft.iron_leggings":1,"stat.damageDealt":4515,"stat.mineBlock.rebornmod.display_block":1,"stat.pickup.hammertime.itemhammeriron":2,"stat.pickup.chococraft.ability_fruit":1,"stat.killEntity.Cow":1,"stat.pickup.minecraft.ice":2,"stat.mineBlock.minecraft.dirt":20,"stat.drop.rebornmod.dna_extractor":1,"stat.pickup.minecraft.boat":4,"stat.walkOneCm":598889,"stat.useItem.minecraft.torch":62,"stat.useItem.minecraft.bread":7,"stat.pickup.rebornmod.crickets":1,"stat.pickup.minecraft.crafting_table":5,"stat.useItem.minecraft.cobblestone":150,"stat.craftItem.minecraft.crafting_table":3,"stat.drop.rebornmod.mealworm_beetles":1,"stat.pickup.minecraft.log":21,"stat.useItem.minecraft.melon":3,"stat.mineBlock.galacticraftcore.basic_block_core":134,"stat.craftItem.minecraft.wheat":243,"stat.drop.mowziesmobs.barakoa_mask_rage":1,"stat.pickup.usefulbackpacks.backpack":2,"stat.pickup.minecraft.stone":82,"stat.craftItem.minecraft.iron_chestplate":1,"stat.pickup.minecraft.chicken":3,"stat.pickup.minecraft.sapling":1,"stat.pickup.minecraft.ender_pearl":1,"stat.pickup.minecraft.cooked_beef":2,"stat.killEntity.Skeleton":3,"stat.drop.rebornmod.crickets":1,"stat.craftItem.minecraft.planks":48,"stat.mobKills":24,"stat.mineBlock.minecraft.log":21,"stat.useItem.carryon.entity_item":4,"stat.pickup.mowziesmobs.barakoa_mask_bliss":1,"stat.pickup.artifacts.whoopie_cushion":1,"stat.useItem.minecraft.boat":3,"stat.pickup.minecraft.diamond":14,"stat.mineBlock.minecraft.leaves":6,"stat.pickup.minecraft.torch":37,"stat.pickup.minecraft.red_flower":1,"stat.sneakTime":2662,"stat.pickup.minecraft.wool":3,"stat.mineBlock.minecraft.hay_block":26,"stat.drop.minecraft.yellow_flower":1,"stat.pickup.minecraft.yellow_flower":1,"stat.pickup.rebornmod.cockroaches":9,"stat.mineBlock.minecraft.stone":269}