{"stat.pickup.minecraft.bone":13,"stat.mineBlock.rebornmod.ice_age_shard":2,"stat.useItem.minecraft.iron_axe":10,"stat.leaveGame":1,"stat.mineBlock.minecraft.cobblestone":3,"stat.craftItem.minecraft.iron_axe":1,"stat.useItem.minecraft.mutton":2,"stat.swimOneCm":15561,"stat.climbOneCm":388,"stat.craftItem.minecraft.shield":1,"stat.useItem.minecraft.dirt":7,"stat.useItem.minecraft.stone_slab2":13,"stat.pickup.minecraft.iron_boots":2,"stat.pickup.minecraft.rotten_flesh":2,"stat.craftItem.minecraft.furnace":1,"stat.craftItem.minecraft.stone_pickaxe":1,"stat.pickup.minecraft.cobblestone":145,"stat.entityKilledBy.artifacts.mimic":1,"stat.flyOneCm":205058,"stat.useItem.minecraft.cooked_beef":15,"stat.mineBlock.minecraft.iron_ore":100,"stat.timeSinceDeath":12095,"stat.useItem.minecraft.iron_pickaxe":242,"stat.craftItem.minecraft.wooden_pickaxe":1,"stat.pickup.minecraft.mutton":2,"stat.pickup.rebornmod.fossil_block_0":1,"stat.furnaceInteraction":23,"stat.pickup.galacticraftcore.basic_block_core":64,"stat.killEntity.ZombieVillager":1,"stat.mineBlock.minecraft.coal_ore":30,"stat.pickup.rebornmod.frozen_leech":1,"stat.pickup.rebornmod.plant_fossil":2,"stat.entityKilledBy.grimoireofgaia.harpy":1,"stat.pickup.rebornmod.display_block_item":1,"stat.pickup.minecraft.beef":3,"stat.pickup.minecraft.furnace":1,"stat.sprintOneCm":247822,"stat.drop.minecraft.leather":2,"stat.pickup.minecraft.skull":3,"stat.craftItem.minecraft.stick":12,"stat.mineBlock.minecraft.diamond_ore":6,"stat.mineBlock.minecraft.crafting_table":1,"stat.useItem.minecraft.beef":1,"stat.deaths":4,"stat.drop":5,"stat.playOneMinute":113136,"stat.craftItem.minecraft.iron_pickaxe":1,"stat.mineBlock.minecraft.tallgrass":2,"stat.diveOneCm":39451,"stat.chestOpened":5,"stat.useItem.minecraft.stone":3,"stat.pickup.minecraft.arrow":4,"stat.drop.minecraft.cooked_beef":2,"stat.jump":1847,"stat.pickup.minecraft.coal":38,"stat.pickup.minecraft.iron_helmet":1,"stat.fallOneCm":38703,"stat.crouchOneCm":1230,"stat.entityKilledBy.grimoireofgaia.werecat":1,"stat.craftItem.minecraft.torch":4,"stat.craftItem.minecraft.iron_ingot":40,"stat.pickup.minecraft.dirt":13,"stat.mineBlock.rebornmod.plant_fossil_block":3,"stat.pickup.minecraft.melon":3,"stat.craftingTableInteraction":10,"stat.pickup.minecraft.iron_ore":107,"stat.boatOneCm":103193,"stat.damageTaken":2374,"stat.pickup.minecraft.leather":2,"stat.pickup.minecraft.feather":3,"stat.mineBlock.minecraft.red_flower":1,"stat.mineBlock.minecraft.torch":8,"stat.mineBlock.minecraft.furnace":1,"stat.useItem.minecraft.wooden_pickaxe":6,"stat.pickup.minecraft.wheat_seeds":2,"stat.entityKilledBy.Zombie":1,"stat.mineBlock.minecraft.gravel":1,"stat.useItem.minecraft.stone_pickaxe":107,"stat.craftItem.minecraft.iron_leggings":1,"stat.damageDealt":894,"stat.mineBlock.rebornmod.display_block":1,"stat.pickup.hammertime.itemhammeriron":1,"stat.killEntity.Cow":1,"stat.mineBlock.minecraft.dirt":13,"stat.walkOneCm":327041,"stat.useItem.minecraft.torch":11,"stat.pickup.rebornmod.crickets":1,"stat.pickup.minecraft.crafting_table":1,"stat.useItem.minecraft.cobblestone":35,"stat.craftItem.minecraft.crafting_table":2,"stat.pickup.minecraft.log":17,"stat.useItem.minecraft.melon":3,"stat.mineBlock.galacticraftcore.basic_block_core":65,"stat.pickup.usefulbackpacks.backpack":1,"stat.pickup.minecraft.stone":14,"stat.craftItem.minecraft.iron_chestplate":1,"stat.pickup.minecraft.chicken":3,"stat.pickup.minecraft.sapling":1,"stat.pickup.minecraft.cooked_beef":2,"stat.killEntity.Skeleton":1,"stat.drop.rebornmod.crickets":1,"stat.craftItem.minecraft.planks":48,"stat.mobKills":5,"stat.mineBlock.minecraft.log":17,"stat.useItem.carryon.entity_item":3,"stat.pickup.artifacts.whoopie_cushion":1,"stat.pickup.minecraft.diamond":6,"stat.mineBlock.minecraft.leaves":4,"stat.pickup.minecraft.torch":12,"stat.sneakTime":1232,"stat.mineBlock.minecraft.stone":126}