{"stat.useItem.minecraft.bow":10,"stat.pickup.minecraft.wooden_slab":5,"stat.pickup.betteranimalsplus.antler":2,"stat.entityKilledBy.grimoireofgaia.spriggan":1,"stat.leaveGame":17,"stat.killEntity.betteranimalsplus.goat":1,"stat.craftItem.minecraft.iron_axe":3,"stat.mineBlock.twilightforest.twilight_plant":2,"stat.entityKilledBy.EvocationIllager":1,"stat.useItem.minecraft.mutton":2,"stat.craftItem.minecraft.shield":1,"stat.useItem.minecraft.planks":17,"stat.pickup.minecraft.porkchop":2,"stat.mineBlock.rebornmod.bennettitalean_cycadeoidea":1,"stat.useItem.minecraft.water_bucket":8,"stat.mineBlock.minecraft.stone_brick_stairs":1,"stat.pickup.minecraft.rotten_flesh":51,"stat.pickup.minecraft.sand":1,"stat.entityKilledBy.Spider":2,"stat.pickup.bountifulbaubles.amuletcross":2,"stat.pickup.betteranimalsplus.deerhead_2":1,"stat.mineBlock.rebornmod.amber_ore":1,"stat.mineBlock.minecraft.wooden_slab":5,"stat.entityKilledBy.artifacts.mimic":4,"stat.useItem.minecraft.ender_pearl":1,"stat.mineBlock.minecraft.sand":1,"stat.mineBlock.rebornmod.reinforced_stone":1,"stat.useItem.minecraft.iron_pickaxe":1181,"stat.craftItem.minecraft.wooden_pickaxe":1,"stat.pickup.rebornmod.fossil_block_0":2,"stat.craftItem.minecraft.bed":1,"stat.mineBlock.minecraft.vine":3,"stat.useItem.minecraft.oak_stairs":14,"stat.furnaceInteraction":91,"stat.drop.bountifulbaubles.amuletsinempty":1,"stat.killEntity.ZombieVillager":1,"stat.pickup.rebornmod.frozen_leech":2,"stat.entityKilledBy.grimoireofgaia.harpy":1,"stat.pickup.minecraft.fence_gate":1,"stat.pickup.rebornmod.display_block_item":5,"stat.pickup.minecraft.beef":5,"stat.pickup.minecraft.furnace":1,"stat.useItem.minecraft.cooked_mutton":2,"stat.pickup.minecraft.hay_block":27,"stat.useItem.minecraft.fence":1,"stat.pickup.minecraft.skull":3,"stat.drop.minecraft.lead":1,"stat.entityKilledBy.grimoireofgaia.deathword":1,"stat.pickup.bountifulbaubles.amuletsinempty":1,"stat.pickup.rebornmod.skull":1,"stat.pickup.mowziesmobs.barakoa_mask_rage":2,"stat.craftItem.minecraft.fence_gate":1,"stat.pickup.rebornmod.reinforced_stone":1,"stat.drop.chococraft.ability_fruit":1,"stat.pickup.minecraft.saddle":1,"stat.pickup.rebornmod.bennettitalean_cycadeoidea":2,"stat.useItem.minecraft.beef":1,"stat.mineBlock.minecraft.oak_stairs":13,"stat.deaths":40,"stat.pickup.minecraft.egg":7,"stat.pickup.rebornmod.ginkgo_sapling":2,"stat.playOneMinute":608324,"stat.craftItem.minecraft.iron_pickaxe":6,"stat.useItem.rebornmod.heliconia":1,"stat.mineBlock.minecraft.tallgrass":44,"stat.entityKilledBy.grimoireofgaia.creep":1,"stat.craftItem.minecraft.cooked_mutton":6,"stat.chestOpened":61,"stat.drop.rebornmod.cockroaches":2,"stat.craftItem.minecraft.sign":3,"stat.pickup.botania.mushroom":1,"stat.useItem.minecraft.stone":7,"stat.pickup.minecraft.arrow":10,"stat.pickup.minecraft.iron_sword":1,"stat.pickup.minecraft.waterlily":1,"stat.pickup.rebornmod.encased_fossil_5":10,"stat.pickup.betteranimalsplus.venisonraw":5,"stat.pickup.minecraft.gold_nugget":3,"stat.entityKilledBy.Vex":2,"stat.useItem.hammertime.itemhammeriron":1,"stat.drop.minecraft.iron_pickaxe":2,"stat.fallOneCm":148842,"stat.pickup.minecraft.carrot":1,"stat.crouchOneCm":16017,"stat.entityKilledBy.grimoireofgaia.werecat":1,"stat.craftItem.minecraft.iron_ingot":103,"stat.craftItem.minecraft.chest":1,"stat.pickup.minecraft.melon":3,"stat.craftingTableInteraction":53,"stat.pickup.minecraft.repeater":1,"stat.pickup.minecraft.feather":4,"stat.pickup.minecraft.dye":24,"stat.pickup.minecraft.planks":11,"stat.pickup.minecraft.wheat_seeds":13,"stat.pickup.rebornmod.dna_extractor":1,"stat.pickup.minecraft.lead":3,"stat.mineBlock.minecraft.gravel":4,"stat.useItem.minecraft.stone_pickaxe":107,"stat.mineBlock.minecraft.glass":2,"stat.craftItem.minecraft.iron_leggings":2,"stat.mineBlock.rebornmod.display_block":5,"stat.craftItem.minecraft.oak_stairs":4,"stat.pickup.minecraft.ice":3,"stat.mineBlock.minecraft.dirt":87,"stat.drop.rebornmod.dna_extractor":1,"stat.drop.minecraft.stick":2,"stat.drop.minecraft.iron_axe":1,"stat.useItem.minecraft.torch":126,"stat.useItem.minecraft.bread":85,"stat.pickup.minecraft.iron_nugget":2,"stat.pickup.minecraft.crafting_table":6,"stat.useItem.minecraft.log":2,"stat.useItem.minecraft.cobblestone":304,"stat.craftItem.minecraft.crafting_table":4,"stat.entityKilledBy.twilightforest.redcap":1,"stat.drop.rebornmod.mealworm_beetles":1,"stat.pickup.minecraft.log":34,"stat.mineBlock.galacticraftcore.basic_block_core":224,"stat.drop.minecraft.stonebrick":1,"stat.pickup.minecraft.iron_pickaxe":2,"stat.pickup.usefulbackpacks.backpack":2,"stat.pickup.minecraft.chicken":3,"stat.pickup.minecraft.sapling":4,"stat.entityKilledBy.Enderman":1,"stat.drop.rebornmod.crickets":2,"stat.craftItem.minecraft.bucket":3,"stat.craftItem.minecraft.planks":108,"stat.useItem.minecraft.iron_sword":115,"stat.mineBlock.minecraft.log":34,"stat.useItem.carryon.entity_item":6,"stat.pickup.minecraft.red_flower":22,"stat.sneakTime":9654,"stat.pickup.minecraft.wool":4,"stat.mineBlock.minecraft.cobblestone_wall":2,"stat.drop.minecraft.yellow_flower":1,"stat.pickup.minecraft.stone_slab":3,"stat.pickup.minecraft.yellow_flower":1,"stat.pickup.rebornmod.cockroaches":9,"stat.pickup.minecraft.bone":15,"stat.mineBlock.rebornmod.ice_age_shard":9,"stat.horseOneCm":7074,"stat.useItem.minecraft.iron_axe":357,"stat.mineBlock.minecraft.cobblestone":44,"stat.pickup.minecraft.flint":1,"stat.swimOneCm":129671,"stat.climbOneCm":9954,"stat.useItem.minecraft.dirt":54,"stat.useItem.chococraft.gysahl_green":5,"stat.useItem.minecraft.stone_slab2":66,"stat.pickup.minecraft.iron_boots":2,"stat.craftItem.minecraft.furnace":2,"stat.useItem.minecraft.red_flower":3,"stat.drop.evilcraft.werewolf_flesh":1,"stat.killEntity.artifacts.mimic":1,"stat.useItem.minecraft.egg":3,"stat.pickup.rebornmod.twig_fossil":1,"stat.craftItem.minecraft.iron_boots":1,"stat.craftItem.minecraft.stone_pickaxe":1,"stat.mineBlock.rebornmod.ginkgo_log":13,"stat.pickup.minecraft.cobblestone":1453,"stat.craftItem.minecraft.bow":1,"stat.flyOneCm":931581,"stat.drop.bountifulbaubles.amuletcross":1,"stat.drop.minecraft.wheat_seeds":3,"stat.useItem.minecraft.cooked_beef":29,"stat.craftItem.minecraft.wooden_slab":6,"stat.pickup.rebornmod.mealworm_beetles":7,"stat.pickup.minecraft.redstone":29,"stat.mineBlock.minecraft.iron_ore":375,"stat.pickup.rebornmod.amber":1,"stat.timeSinceDeath":9817,"stat.useItem.minecraft.sign":2,"stat.useItem.minecraft.wooden_slab":5,"stat.pickup.rebornmod.heliconia":2,"stat.pickup.minecraft.mutton":9,"stat.killEntity.grimoireofgaia.chest":1,"stat.craftItem.minecraft.stonebrick":80,"stat.pickup.minecraft.stonebrick":2,"stat.pickup.galacticraftcore.basic_block_core":214,"stat.drop.hammertime.itemhammeriron":1,"stat.mineBlock.minecraft.coal_ore":84,"stat.pickup.minecraft.shield":1,"stat.pickup.rebornmod.plant_fossil":3,"stat.pickup.minecraft.string":4,"stat.mineBlock.rebornmod.ginkgo_leaves":32,"stat.drop.usefulbackpacks.backpack":1,"stat.entityKilledBy.Skeleton":1,"stat.sprintOneCm":882869,"stat.drop.minecraft.leather":4,"stat.mineBlock.minecraft.stone_slab":3,"stat.craftItem.minecraft.stick":48,"stat.craftItem.minecraft.stone":104,"stat.mineBlock.minecraft.diamond_ore":20,"stat.mineBlock.minecraft.crafting_table":5,"stat.pickup.minecraft.golden_horse_armor":1,"stat.pickup.chococraft.gysahl_green_seeds":2,"stat.entityKilledBy.Creeper":3,"stat.mineBlock.minecraft.planks":10,"stat.drop":32,"stat.craftItem.hammertime.itemhammeriron":2,"stat.killEntity.Sheep":3,"stat.killEntity.Zombie":36,"stat.drop.minecraft.bread":2,"stat.diveOneCm":208996,"stat.pickup.minecraft.sign":1,"stat.pickup.minecraft.gravel":4,"stat.drop.minecraft.cooked_beef":2,"stat.useItem.minecraft.waterlily":1,"stat.useItem.minecraft.apple":1,"stat.pickup.artifacts.snorkel":2,"stat.pickup.rebornmod.ginkgo_log":17,"stat.pickup.twilightforest.torchberries":2,"stat.pickup.minecraft.stone_brick_stairs":1,"stat.jump":7674,"stat.pickup.minecraft.coal":150,"stat.pickup.minecraft.iron_helmet":1,"stat.craftItem.minecraft.bread":81,"stat.pickup.minecraft.spider_eye":1,"stat.craftItem.minecraft.torch":32,"stat.mineBlock.coroutil.repairing_block":1,"stat.pickup.minecraft.dirt":82,"stat.pickup.evilcraft.dark_gem_crushed":1,"stat.craftItem.minecraft.iron_helmet":1,"stat.mineBlock.rebornmod.plant_fossil_block":9,"stat.pickup.minecraft.iron_ore":424,"stat.boatOneCm":231208,"stat.mineBlock.minecraft.lapis_ore":5,"stat.pickup.minecraft.iron_axe":1,"stat.damageTaken":17792,"stat.pickup.minecraft.leather":10,"stat.mineBlock.minecraft.red_flower":20,"stat.mineBlock.minecraft.torch":71,"stat.mineBlock.minecraft.furnace":1,"stat.useItem.minecraft.wooden_pickaxe":6,"stat.pickup.evilcraft.dark_gem":4,"stat.pickup.minecraft.bed":1,"stat.pickup.minecraft.oak_stairs":15,"stat.entityKilledBy.Zombie":10,"stat.pickup.chococraft.chocobo_saddle":1,"stat.damageDealt":12976,"stat.craftItem.minecraft.glass":11,"stat.mineBlock.rebornmod.clear_glass":5,"stat.pickup.hammertime.itemhammeriron":2,"stat.sleepInBed":1,"stat.pickup.chococraft.ability_fruit":3,"stat.pickup.chococraft.gysahl_green":36,"stat.killEntity.Cow":1,"stat.useItem.minecraft.crafting_table":1,"stat.pickup.minecraft.boat":4,"stat.walkOneCm":1867314,"stat.pickup.rebornmod.crickets":15,"stat.pickup.rebornmod.gypsum_powder":6,"stat.useItem.minecraft.melon":3,"stat.craftItem.minecraft.wheat":243,"stat.drop.mowziesmobs.barakoa_mask_rage":1,"stat.pickup.galacticraftcore.basic_item":15,"stat.entityKilledBy.grimoireofgaia.minotaurus":5,"stat.pickup.minecraft.stone":180,"stat.craftItem.minecraft.iron_chestplate":2,"stat.pickup.minecraft.ender_pearl":1,"stat.pickup.minecraft.cooked_beef":2,"stat.killEntity.Skeleton":4,"stat.mineBlock.minecraft.stonebrick":2,"stat.pickup.rebornmod.tempskya":2,"stat.killEntity.Spider":1,"stat.pickup.minecraft.bread":2,"stat.killEntity.grimoireofgaia.harpy":2,"stat.pickup.rebornmod.ginkgo_planks":1,"stat.mobKills":61,"stat.craftItem.minecraft.fence":3,"stat.pickup.mowziesmobs.barakoa_mask_bliss":1,"stat.pickup.artifacts.whoopie_cushion":2,"stat.useItem.minecraft.boat":3,"stat.pickup.minecraft.diamond":20,"stat.mineBlock.minecraft.leaves":25,"stat.pickup.minecraft.torch":84,"stat.mineBlock.minecraft.redstone_ore":3,"stat.pickup.evilcraft.werewolf_flesh":3,"stat.mineBlock.minecraft.hay_block":26,"stat.craftItem.galacticraftcore.basic_item":125,"stat.mineBlock.minecraft.stone":429}