{"stat.useItem.minecraft.bow":18,"stat.pickup.minecraft.wooden_slab":5,"stat.leaveGame":37,"stat.killEntity.betteranimalsplus.goat":1,"stat.entityKilledBy.EvocationIllager":2,"stat.craftItem.minecraft.shield":1,"stat.pickup.artifacts.bottled_fart":1,"stat.mineBlock.rebornmod.bennettitalean_cycadeoidea":1,"stat.drop.minecraft.iron_sword":1,"stat.pickup.minecraft.rotten_flesh":86,"stat.mineBlock.rebornmod.amber_ore":1,"stat.mineBlock.minecraft.wooden_slab":5,"stat.entityKilledBy.artifacts.mimic":6,"stat.useItem.minecraft.iron_pickaxe":1277,"stat.craftItem.minecraft.wooden_pickaxe":1,"stat.pickup.rebornmod.fossil_block_0":2,"stat.craftItem.minecraft.bed":1,"stat.craftItem.galacticraftcore.air_fan":1,"stat.mineBlock.minecraft.vine":3,"stat.pickup.artifacts.feral_claws":2,"stat.furnaceInteraction":149,"stat.drop.bountifulbaubles.amuletsinempty":1,"stat.mineBlock.botania.flower":1,"stat.killEntity.ZombieVillager":1,"stat.pickup.rebornmod.display_block_item":11,"stat.pickup.minecraft.beef":5,"stat.pickup.minecraft.hay_block":27,"stat.pickup.twilightforest.twilight_scepter":2,"stat.useItem.minecraft.fence":1,"stat.drop.minecraft.lead":1,"stat.entityKilledBy.grimoireofgaia.deathword":1,"stat.pickup.mowziesmobs.barakoa_mask_rage":2,"stat.pickup.rebornmod.reinforced_stone":1,"stat.killEntity.twilightforest.naga":1,"stat.killEntity.betteranimalsplus.zotzpyre":5,"stat.drop.chococraft.ability_fruit":1,"stat.useItem.minecraft.beef":1,"stat.deaths":80,"stat.pickup.minecraft.egg":8,"stat.craftItem.minecraft.iron_pickaxe":6,"stat.pickup.artifacts.panic_necklace":1,"stat.pickup.twilightforest.armor_shard":3,"stat.useItem.rebornmod.heliconia":1,"stat.mineBlock.minecraft.tallgrass":50,"stat.entityKilledBy.grimoireofgaia.creep":1,"stat.craftItem.minecraft.cooked_mutton":6,"stat.chestOpened":101,"stat.craftItem.minecraft.sign":3,"stat.pickup.botania.mushroom":3,"stat.useItem.minecraft.stone":7,"stat.pickup.minecraft.arrow":29,"stat.pickup.minecraft.iron_sword":2,"stat.killEntity.Vex":1,"stat.pickup.minecraft.gold_nugget":8,"stat.entityKilledBy.Vex":10,"stat.useItem.hammertime.itemhammeriron":1,"stat.drop.minecraft.iron_pickaxe":3,"stat.pickup.minecraft.carrot":1,"stat.crouchOneCm":28107,"stat.craftItem.minecraft.iron_ingot":478,"stat.pickup.minecraft.painting":6,"stat.craftingTableInteraction":87,"stat.pickup.minecraft.repeater":1,"stat.pickup.twilightforest.firefly_jar":1,"stat.pickup.minecraft.dye":24,"stat.pickup.minecraft.planks":13,"stat.pickup.minecraft.wheat_seeds":14,"stat.mineBlock.minecraft.glass":2,"stat.mineBlock.rebornmod.display_block":10,"stat.pickup.minecraft.ice":7,"stat.mineBlock.minecraft.dirt":91,"stat.useItem.minecraft.bread":86,"stat.useItem.minecraft.cobblestone":355,"stat.mineBlock.rebornmod.ice_shard":1,"stat.killEntity.twilightforest.slime_beetle":2,"stat.pickup.twilightforest.underbrick":2,"stat.entityKilledBy.twilightforest.redcap":1,"stat.drop.rebornmod.mealworm_beetles":1,"stat.pickup.rebornmod.sea_lamprey":1,"stat.pickup.minecraft.iron_pickaxe":3,"stat.pickup.minecraft.chicken":3,"stat.mineBlock.twilightforest.firefly":1,"stat.craftItem.minecraft.bucket":3,"stat.craftItem.minecraft.planks":108,"stat.useItem.minecraft.iron_sword":250,"stat.itemEnchanted":6,"stat.pickup.minecraft.book":1,"stat.mineBlock.minecraft.log":34,"stat.useItem.carryon.entity_item":10,"stat.pickup.minecraft.red_flower":38,"stat.pickup.minecraft.wool":4,"stat.craftItem.minecraft.diamond_leggings":1,"stat.useItem.minecraft.iron_axe":375,"stat.mineBlock.minecraft.cobblestone":55,"stat.pickup.minecraft.flint":2,"stat.mineBlock.minecraft.yellow_flower":2,"stat.entityKilledBy.grimoireofgaia.cecaelia":1,"stat.pickup.minecraft.flower_pot":1,"stat.drop.minecraft.cobblestone":1,"stat.useItem.chococraft.gysahl_green":5,"stat.useItem.minecraft.stone_slab2":87,"stat.pickup.minecraft.bow":1,"stat.mineBlock.twilightforest.dark_leaves":2,"stat.pickup.minecraft.iron_boots":3,"stat.craftItem.minecraft.furnace":7,"stat.useItem.minecraft.egg":3,"stat.craftItem.minecraft.iron_boots":4,"stat.mineBlock.rebornmod.ginkgo_log":13,"stat.craftItem.minecraft.bow":1,"stat.pickup.minecraft.diamond_leggings":1,"stat.flyOneCm":1435812,"stat.drop.minecraft.iron_helmet":1,"stat.pickup.rebornmod.mealworm_beetles":7,"stat.timeSinceDeath":9894,"stat.pickup.twilightforest.twilight_sapling":3,"stat.useItem.minecraft.wooden_slab":5,"stat.killEntity.grimoireofgaia.chest":1,"stat.killEntity.Bat":1,"stat.killEntity.twilightforest.helmet_crab":2,"stat.craftItem.minecraft.stonebrick":80,"stat.mineBlock.twilightforest.firefly_jar":1,"stat.useItem.minecraft.potato":13,"stat.pickup.twilightforest.naga_scale":9,"stat.drop.hammertime.itemhammeriron":1,"stat.mineBlock.minecraft.coal_ore":117,"stat.pickup.minecraft.shield":1,"stat.pickup.minecraft.string":15,"stat.mineBlock.rebornmod.ginkgo_leaves":33,"stat.drop.usefulbackpacks.backpack":1,"stat.entityKilledBy.Skeleton":4,"stat.sprintOneCm":1380500,"stat.drop.minecraft.leather":4,"stat.mineBlock.minecraft.stone_slab":4,"stat.useItem.carryon.tile_item":1,"stat.mineBlock.minecraft.diamond_ore":58,"stat.pickup.minecraft.leather_leggings":1,"stat.craftItem.galacticraftcore.canister":2,"stat.killEntity.Zombie":59,"stat.pickup.minecraft.snowball":9,"stat.mineBlock.minecraft.gold_ore":41,"stat.diveOneCm":540003,"stat.pickup.minecraft.wheat":1,"stat.pickup.minecraft.sign":1,"stat.craftItem.minecraft.cooked_porkchop":9,"stat.drop.galacticraftcore.collector":2,"stat.pickup.artifacts.snorkel":2,"stat.killEntity.grimoireofgaia.vase":1,"stat.craftItem.minecraft.diamond_sword":1,"stat.jump":11452,"stat.pickup.minecraft.coal":283,"stat.drop.minecraft.diamond_sword":1,"stat.craftItem.minecraft.torch":36,"stat.pickup.minecraft.dirt":91,"stat.pickup.evilcraft.dark_gem_crushed":1,"stat.pickup.minecraft.gold_ore":40,"stat.mineBlock.minecraft.lapis_ore":5,"stat.pickup.minecraft.iron_axe":1,"stat.damageTaken":34773,"stat.pickup.twilightforest.firefly":1,"stat.pickup.rebornmod.disc_jurassicraft_theme":1,"stat.useItem.betteranimalsplus.eel_meat_cooked":97,"stat.mineBlock.minecraft.red_flower":35,"stat.mineBlock.minecraft.torch":74,"stat.pickup.minecraft.written_book":1,"stat.pickup.minecraft.bed":2,"stat.pickup.minecraft.potato":14,"stat.entityKilledBy.Zombie":18,"stat.mineBlock.rebornmod.clear_glass":5,"stat.pickup.hammertime.itemhammeriron":2,"stat.pickup.chococraft.ability_fruit":3,"stat.pickup.chococraft.gysahl_green":36,"stat.pickup.artifacts.obsidian_skull":1,"stat.pickup.twilightforest.naga_stone":2,"stat.pickup.rebornmod.crickets":17,"stat.pickup.rebornmod.gypsum_powder":19,"stat.useItem.minecraft.melon":3,"stat.craftItem.minecraft.wheat":243,"stat.drop.mowziesmobs.barakoa_mask_rage":1,"stat.craftItem.minecraft.iron_chestplate":2,"stat.drop.minecraft.potato":1,"stat.pickup.minecraft.ender_pearl":1,"stat.pickup.minecraft.cooked_beef":2,"stat.pickup.twilightforest.nagastone_pillar_weathered":2,"stat.mineBlock.minecraft.stonebrick":2,"stat.killEntity.grimoireofgaia.harpy":3,"stat.pickup.rebornmod.ginkgo_planks":1,"stat.mobKills":126,"stat.pickup.minecraft.diamond_boots":1,"stat.pickup.betteranimalsplus.eel_meat_cooked":163,"stat.pickup.artifacts.whoopie_cushion":3,"stat.useItem.minecraft.boat":3,"stat.pickup.minecraft.diamond":84,"stat.pickup.minecraft.torch":92,"stat.pickup.evilcraft.werewolf_flesh":5,"stat.craftItem.betteranimalsplus.venisoncooked":4,"stat.pickup.betteranimalsplus.antler":2,"stat.entityKilledBy.grimoireofgaia.spriggan":1,"stat.useItem.betteranimalsplus.venisoncooked":3,"stat.craftItem.minecraft.iron_axe":3,"stat.mineBlock.twilightforest.twilight_plant":11,"stat.pickup.evilcraft.condensed_blood":17,"stat.useItem.minecraft.mutton":2,"stat.useItem.minecraft.planks":17,"stat.pickup.minecraft.porkchop":2,"stat.useItem.minecraft.water_bucket":34,"stat.mineBlock.minecraft.stone_brick_stairs":1,"stat.pickup.minecraft.sand":1,"stat.entityKilledBy.Spider":3,"stat.pickup.bountifulbaubles.amuletcross":2,"stat.pickup.betteranimalsplus.deerhead_2":1,"stat.craftItem.galacticraftcore.nose_cone":3,"stat.pickup.twilightforest.naga_leggings":1,"stat.useItem.minecraft.ender_pearl":1,"stat.mineBlock.minecraft.sand":1,"stat.killEntity.twilightforest.kobold":4,"stat.mineBlock.rebornmod.reinforced_stone":1,"stat.useItem.minecraft.oak_stairs":14,"stat.pickup.artifacts.night_vision_goggles":1,"stat.pickup.galacticraftcore.oxygen_mask":1,"stat.pickup.rebornmod.frozen_leech":5,"stat.entityKilledBy.grimoireofgaia.harpy":1,"stat.pickup.minecraft.fence_gate":1,"stat.pickup.minecraft.filled_map":1,"stat.pickup.minecraft.furnace":2,"stat.useItem.minecraft.cooked_mutton":6,"stat.pickup.galacticraftcore.oxygen_tank_heavy_full":4,"stat.pickup.minecraft.skull":3,"stat.pickup.bountifulbaubles.amuletsinempty":1,"stat.pickup.rebornmod.skull":1,"stat.craftItem.minecraft.fence_gate":1,"stat.pickup.minecraft.saddle":1,"stat.pickup.rebornmod.bennettitalean_cycadeoidea":2,"stat.mineBlock.minecraft.oak_stairs":13,"stat.pickup.rebornmod.ginkgo_sapling":2,"stat.playOneMinute":1066453,"stat.drop.minecraft.string":1,"stat.entityKilledBy.twilightforest.lich":2,"stat.drop.rebornmod.cockroaches":2,"stat.pickup.minecraft.waterlily":1,"stat.pickup.rebornmod.encased_fossil_5":10,"stat.pickup.betteranimalsplus.venisonraw":5,"stat.pickup.twilightforest.etched_nagastone":6,"stat.fallOneCm":251907,"stat.pickup.minecraft.melon_seeds":2,"stat.entityKilledBy.grimoireofgaia.werecat":1,"stat.craftItem.minecraft.chest":1,"stat.drop.minecraft.book":1,"stat.pickup.minecraft.red_mushroom":1,"stat.pickup.minecraft.melon":3,"stat.pickup.minecraft.feather":4,"stat.entityKilledBy.betteranimalsplus.zotzpyre":1,"stat.entityKilledBy.twilightforest.swarm_spider":1,"stat.pickup.rebornmod.dna_extractor":1,"stat.pickup.minecraft.lead":3,"stat.mineBlock.minecraft.gravel":5,"stat.useItem.minecraft.stone_pickaxe":107,"stat.craftItem.minecraft.iron_leggings":4,"stat.killEntity.grimoireofgaia.bone_knight":1,"stat.craftItem.minecraft.oak_stairs":4,"stat.drop.rebornmod.dna_extractor":1,"stat.drop.minecraft.stick":2,"stat.pickup.twilightforest.trophy":2,"stat.drop.minecraft.iron_axe":1,"stat.useItem.minecraft.torch":133,"stat.pickup.minecraft.golden_apple":1,"stat.pickup.minecraft.iron_nugget":8,"stat.pickup.minecraft.crafting_table":6,"stat.useItem.minecraft.log":2,"stat.craftItem.minecraft.crafting_table":5,"stat.pickup.minecraft.log":36,"stat.mineBlock.galacticraftcore.basic_block_core":484,"stat.drop.minecraft.stonebrick":1,"stat.pickup.usefulbackpacks.backpack":2,"stat.pickup.twilightforest.spiral_bricks":7,"stat.pickup.minecraft.sapling":4,"stat.entityKilledBy.Enderman":1,"stat.drop.rebornmod.crickets":2,"stat.pickup.minecraft.diamond_helmet":1,"stat.pickup.artifacts.flame_pendant":2,"stat.sneakTime":16647,"stat.mineBlock.minecraft.cobblestone_wall":2,"stat.drop.minecraft.yellow_flower":1,"stat.pickup.minecraft.stone_slab":4,"stat.pickup.minecraft.yellow_flower":5,"stat.pickup.rebornmod.cockroaches":9,"stat.craftItem.galacticraftcore.oxygen_concentrator":1,"stat.pickup.minecraft.chest":1,"stat.craftItem.minecraft.diamond_chestplate":1,"stat.pickup.minecraft.bone":30,"stat.mineBlock.rebornmod.ice_age_shard":16,"stat.horseOneCm":7074,"stat.pickup.evilcraft.blood_extractor":1,"stat.drop.minecraft.red_mushroom":1,"stat.useItem.minecraft.diamond_sword":168,"stat.craftItem.minecraft.diamond_helmet":1,"stat.swimOneCm":190752,"stat.climbOneCm":31170,"stat.useItem.minecraft.dirt":54,"stat.useItem.minecraft.red_flower":3,"stat.drop.evilcraft.werewolf_flesh":1,"stat.killEntity.artifacts.mimic":4,"stat.pickup.rebornmod.twig_fossil":1,"stat.craftItem.galacticraftcore.air_vent":2,"stat.craftItem.minecraft.stone_pickaxe":1,"stat.pickup.minecraft.cobblestone":1752,"stat.drop.bountifulbaubles.amuletcross":1,"stat.drop.minecraft.wheat_seeds":3,"stat.useItem.minecraft.cooked_beef":29,"stat.craftItem.minecraft.wooden_slab":6,"stat.pickup.minecraft.redstone":42,"stat.mineBlock.minecraft.iron_ore":493,"stat.pickup.rebornmod.amber":2,"stat.useItem.minecraft.sign":2,"stat.pickup.rebornmod.heliconia":2,"stat.pickup.minecraft.mutton":9,"stat.pickup.minecraft.mossy_cobblestone":46,"stat.pickup.galacticraftcore.collector":2,"stat.pickup.minecraft.stonebrick":3,"stat.pickup.galacticraftcore.basic_block_core":460,"stat.useItem.minecraft.cooked_porkchop":9,"stat.pickup.rebornmod.plant_fossil":5,"stat.pickup.minecraft.paper":9,"stat.craftItem.minecraft.stick":60,"stat.craftItem.minecraft.stone":104,"stat.mineBlock.minecraft.crafting_table":5,"stat.useItem.minecraft.diamond_pickaxe":578,"stat.craftItem.galacticraftcore.collector":1,"stat.pickup.minecraft.golden_horse_armor":2,"stat.pickup.minecraft.diamond_chestplate":1,"stat.pickup.chococraft.gysahl_green_seeds":2,"stat.entityKilledBy.Creeper":3,"stat.pickup.botania.flower":1,"stat.drop.rebornmod.display_block_item":2,"stat.mineBlock.minecraft.planks":10,"stat.drop":46,"stat.craftItem.hammertime.itemhammeriron":2,"stat.killEntity.Sheep":3,"stat.pickup.minecraft.slime_ball":3,"stat.craftItem.minecraft.diamond_pickaxe":1,"stat.drop.minecraft.bread":2,"stat.pickup.minecraft.gravel":5,"stat.drop.minecraft.cooked_beef":2,"stat.useItem.minecraft.waterlily":1,"stat.useItem.minecraft.apple":2,"stat.pickup.rebornmod.ginkgo_log":17,"stat.pickup.twilightforest.torchberries":2,"stat.pickup.minecraft.stone_brick_stairs":1,"stat.pickup.minecraft.diamond_sword":2,"stat.killEntity.SkeletonHorse":1,"stat.pickup.minecraft.iron_helmet":1,"stat.craftItem.minecraft.bread":81,"stat.pickup.minecraft.spider_eye":3,"stat.mineBlock.coroutil.repairing_block":1,"stat.craftItem.minecraft.iron_helmet":4,"stat.mineBlock.rebornmod.plant_fossil_block":11,"stat.pickup.minecraft.iron_ore":542,"stat.boatOneCm":231208,"stat.mineBlock.twilightforest.underbrick":2,"stat.pickup.minecraft.leather":11,"stat.mineBlock.minecraft.furnace":2,"stat.useItem.minecraft.wooden_pickaxe":6,"stat.pickup.evilcraft.dark_gem":4,"stat.killEntity.CaveSpider":1,"stat.pickup.minecraft.oak_stairs":15,"stat.mineBlock.rebornmod.gypsum_stone":5,"stat.pickup.chococraft.chocobo_saddle":1,"stat.damageDealt":26213,"stat.craftItem.minecraft.glass":11,"stat.sleepInBed":2,"stat.pickup.twilightforest.twilight_log":129,"stat.killEntity.Cow":1,"stat.useItem.minecraft.crafting_table":1,"stat.craftItem.minecraft.iron_sword":1,"stat.pickup.minecraft.boat":4,"stat.drop.minecraft.painting":1,"stat.pickup.twilightforest.naga_chestplate":2,"stat.walkOneCm":3088996,"stat.pickup.minecraft.stick":1,"stat.craftItem.minecraft.diamond_boots":1,"stat.pickup.galacticraftcore.basic_item":60,"stat.entityKilledBy.grimoireofgaia.minotaurus":6,"stat.pickup.minecraft.stone":208,"stat.killEntity.Skeleton":10,"stat.pickup.rebornmod.tempskya":2,"stat.killEntity.Spider":7,"stat.pickup.minecraft.bread":2,"stat.craftItem.minecraft.fence":3,"stat.pickup.mowziesmobs.barakoa_mask_bliss":1,"stat.useItem.minecraft.golden_apple":2,"stat.mineBlock.minecraft.leaves":30,"stat.mineBlock.minecraft.redstone_ore":3,"stat.craftItem.minecraft.coal_block":1,"stat.mineBlock.minecraft.hay_block":26,"stat.craftItem.galacticraftcore.basic_item":966,"stat.mineBlock.minecraft.stone":574}