{"stat.useItem.minecraft.bow":6,"stat.pickup.betteranimalsplus.antler":2,"stat.leaveGame":6,"stat.killEntity.betteranimalsplus.goat":1,"stat.craftItem.minecraft.iron_axe":2,"stat.useItem.minecraft.mutton":2,"stat.craftItem.minecraft.shield":1,"stat.pickup.minecraft.porkchop":2,"stat.mineBlock.rebornmod.bennettitalean_cycadeoidea":1,"stat.mineBlock.minecraft.stone_brick_stairs":1,"stat.pickup.minecraft.rotten_flesh":9,"stat.pickup.minecraft.sand":1,"stat.pickup.bountifulbaubles.amuletcross":2,"stat.pickup.betteranimalsplus.deerhead_2":1,"stat.mineBlock.rebornmod.amber_ore":1,"stat.entityKilledBy.artifacts.mimic":1,"stat.useItem.minecraft.ender_pearl":1,"stat.mineBlock.minecraft.sand":1,"stat.mineBlock.rebornmod.reinforced_stone":1,"stat.useItem.minecraft.iron_pickaxe":627,"stat.craftItem.minecraft.wooden_pickaxe":1,"stat.pickup.rebornmod.fossil_block_0":2,"stat.mineBlock.minecraft.vine":2,"stat.furnaceInteraction":28,"stat.killEntity.ZombieVillager":1,"stat.pickup.rebornmod.frozen_leech":2,"stat.entityKilledBy.grimoireofgaia.harpy":1,"stat.pickup.rebornmod.display_block_item":1,"stat.pickup.minecraft.beef":5,"stat.pickup.minecraft.furnace":1,"stat.pickup.minecraft.hay_block":27,"stat.pickup.minecraft.skull":3,"stat.pickup.mowziesmobs.barakoa_mask_rage":2,"stat.pickup.rebornmod.reinforced_stone":1,"stat.drop.chococraft.ability_fruit":1,"stat.pickup.rebornmod.bennettitalean_cycadeoidea":2,"stat.useItem.minecraft.beef":1,"stat.deaths":13,"stat.pickup.minecraft.egg":5,"stat.pickup.rebornmod.ginkgo_sapling":2,"stat.playOneMinute":289746,"stat.craftItem.minecraft.iron_pickaxe":3,"stat.useItem.rebornmod.heliconia":1,"stat.mineBlock.minecraft.tallgrass":26,"stat.chestOpened":23,"stat.drop.rebornmod.cockroaches":2,"stat.useItem.minecraft.stone":3,"stat.pickup.minecraft.arrow":6,"stat.pickup.betteranimalsplus.venisonraw":5,"stat.fallOneCm":84455,"stat.crouchOneCm":6820,"stat.entityKilledBy.grimoireofgaia.werecat":1,"stat.craftItem.minecraft.iron_ingot":62,"stat.pickup.minecraft.melon":3,"stat.craftingTableInteraction":21,"stat.pickup.minecraft.repeater":1,"stat.pickup.minecraft.feather":4,"stat.pickup.minecraft.planks":4,"stat.pickup.minecraft.wheat_seeds":9,"stat.pickup.rebornmod.dna_extractor":1,"stat.pickup.minecraft.lead":1,"stat.mineBlock.minecraft.gravel":1,"stat.useItem.minecraft.stone_pickaxe":107,"stat.mineBlock.minecraft.glass":2,"stat.craftItem.minecraft.iron_leggings":1,"stat.mineBlock.rebornmod.display_block":1,"stat.pickup.minecraft.ice":2,"stat.mineBlock.minecraft.dirt":21,"stat.drop.rebornmod.dna_extractor":1,"stat.drop.minecraft.stick":2,"stat.useItem.minecraft.torch":71,"stat.useItem.minecraft.bread":21,"stat.pickup.minecraft.crafting_table":5,"stat.useItem.minecraft.cobblestone":150,"stat.craftItem.minecraft.crafting_table":3,"stat.drop.rebornmod.mealworm_beetles":1,"stat.pickup.minecraft.log":21,"stat.mineBlock.galacticraftcore.basic_block_core":134,"stat.drop.minecraft.stonebrick":1,"stat.pickup.usefulbackpacks.backpack":2,"stat.pickup.minecraft.chicken":3,"stat.pickup.minecraft.sapling":1,"stat.drop.rebornmod.crickets":1,"stat.craftItem.minecraft.planks":48,"stat.mineBlock.minecraft.log":21,"stat.useItem.carryon.entity_item":4,"stat.pickup.minecraft.red_flower":21,"stat.sneakTime":3340,"stat.pickup.minecraft.wool":3,"stat.mineBlock.minecraft.cobblestone_wall":2,"stat.drop.minecraft.yellow_flower":1,"stat.pickup.minecraft.stone_slab":2,"stat.pickup.minecraft.yellow_flower":1,"stat.pickup.rebornmod.cockroaches":9,"stat.pickup.minecraft.bone":13,"stat.mineBlock.rebornmod.ice_age_shard":7,"stat.useItem.minecraft.iron_axe":189,"stat.mineBlock.minecraft.cobblestone":15,"stat.swimOneCm":76569,"stat.climbOneCm":3819,"stat.useItem.minecraft.dirt":11,"stat.useItem.chococraft.gysahl_green":4,"stat.useItem.minecraft.stone_slab2":21,"stat.pickup.minecraft.iron_boots":2,"stat.craftItem.minecraft.furnace":1,"stat.useItem.minecraft.red_flower":3,"stat.killEntity.artifacts.mimic":1,"stat.useItem.minecraft.egg":3,"stat.craftItem.minecraft.stone_pickaxe":1,"stat.mineBlock.rebornmod.ginkgo_log":13,"stat.pickup.minecraft.cobblestone":678,"stat.craftItem.minecraft.bow":1,"stat.flyOneCm":464854,"stat.drop.bountifulbaubles.amuletcross":1,"stat.drop.minecraft.wheat_seeds":3,"stat.useItem.minecraft.cooked_beef":29,"stat.pickup.rebornmod.mealworm_beetles":7,"stat.pickup.minecraft.redstone":15,"stat.mineBlock.minecraft.iron_ore":202,"stat.pickup.rebornmod.amber":1,"stat.timeSinceDeath":66,"stat.pickup.rebornmod.heliconia":2,"stat.pickup.minecraft.mutton":7,"stat.pickup.minecraft.stonebrick":1,"stat.pickup.galacticraftcore.basic_block_core":133,"stat.drop.hammertime.itemhammeriron":1,"stat.mineBlock.minecraft.coal_ore":41,"stat.pickup.minecraft.shield":1,"stat.pickup.rebornmod.plant_fossil":2,"stat.mineBlock.rebornmod.ginkgo_leaves":32,"stat.drop.usefulbackpacks.backpack":1,"stat.sprintOneCm":480748,"stat.drop.minecraft.leather":4,"stat.mineBlock.minecraft.stone_slab":2,"stat.craftItem.minecraft.stick":28,"stat.mineBlock.minecraft.diamond_ore":14,"stat.mineBlock.minecraft.crafting_table":4,"stat.pickup.chococraft.gysahl_green_seeds":2,"stat.entityKilledBy.Creeper":1,"stat.mineBlock.minecraft.planks":5,"stat.drop":23,"stat.craftItem.hammertime.itemhammeriron":1,"stat.killEntity.Sheep":3,"stat.killEntity.Zombie":11,"stat.diveOneCm":159797,"stat.drop.minecraft.cooked_beef":2,"stat.pickup.rebornmod.ginkgo_log":17,"stat.pickup.minecraft.stone_brick_stairs":1,"stat.jump":4035,"stat.pickup.minecraft.coal":72,"stat.pickup.minecraft.iron_helmet":1,"stat.craftItem.minecraft.bread":81,"stat.craftItem.minecraft.torch":20,"stat.pickup.minecraft.dirt":20,"stat.pickup.evilcraft.dark_gem_crushed":1,"stat.mineBlock.rebornmod.plant_fossil_block":3,"stat.pickup.minecraft.iron_ore":217,"stat.boatOneCm":231208,"stat.damageTaken":7000,"stat.pickup.minecraft.leather":9,"stat.mineBlock.minecraft.red_flower":20,"stat.mineBlock.minecraft.torch":29,"stat.mineBlock.minecraft.furnace":1,"stat.useItem.minecraft.wooden_pickaxe":6,"stat.pickup.evilcraft.dark_gem":4,"stat.entityKilledBy.Zombie":5,"stat.pickup.chococraft.chocobo_saddle":1,"stat.damageDealt":5357,"stat.mineBlock.rebornmod.clear_glass":5,"stat.pickup.hammertime.itemhammeriron":2,"stat.pickup.chococraft.ability_fruit":3,"stat.pickup.chococraft.gysahl_green":36,"stat.killEntity.Cow":1,"stat.useItem.minecraft.crafting_table":1,"stat.pickup.minecraft.boat":4,"stat.walkOneCm":768366,"stat.pickup.rebornmod.crickets":3,"stat.useItem.minecraft.melon":3,"stat.craftItem.minecraft.wheat":243,"stat.drop.mowziesmobs.barakoa_mask_rage":1,"stat.pickup.minecraft.stone":82,"stat.craftItem.minecraft.iron_chestplate":1,"stat.pickup.minecraft.ender_pearl":1,"stat.pickup.minecraft.cooked_beef":2,"stat.killEntity.Skeleton":3,"stat.mineBlock.minecraft.stonebrick":2,"stat.pickup.rebornmod.tempskya":2,"stat.mobKills":27,"stat.pickup.mowziesmobs.barakoa_mask_bliss":1,"stat.pickup.artifacts.whoopie_cushion":1,"stat.useItem.minecraft.boat":3,"stat.pickup.minecraft.diamond":14,"stat.mineBlock.minecraft.leaves":9,"stat.pickup.minecraft.torch":39,"stat.mineBlock.minecraft.hay_block":26,"stat.mineBlock.minecraft.stone":269}