{"stat.pickup.minecraft.bone":13,"stat.mineBlock.rebornmod.ice_age_shard":7,"stat.useItem.minecraft.iron_axe":79,"stat.leaveGame":3,"stat.mineBlock.minecraft.cobblestone":15,"stat.craftItem.minecraft.iron_axe":1,"stat.useItem.minecraft.mutton":2,"stat.swimOneCm":53937,"stat.climbOneCm":388,"stat.craftItem.minecraft.shield":1,"stat.pickup.minecraft.porkchop":2,"stat.useItem.minecraft.dirt":7,"stat.useItem.minecraft.stone_slab2":15,"stat.pickup.minecraft.iron_boots":2,"stat.pickup.minecraft.rotten_flesh":5,"stat.pickup.minecraft.sand":1,"stat.craftItem.minecraft.furnace":1,"stat.pickup.bountifulbaubles.amuletcross":2,"stat.killEntity.artifacts.mimic":1,"stat.craftItem.minecraft.stone_pickaxe":1,"stat.mineBlock.rebornmod.amber_ore":1,"stat.pickup.minecraft.cobblestone":676,"stat.entityKilledBy.artifacts.mimic":1,"stat.flyOneCm":268299,"stat.useItem.minecraft.ender_pearl":1,"stat.drop.bountifulbaubles.amuletcross":1,"stat.mineBlock.minecraft.sand":1,"stat.useItem.minecraft.cooked_beef":28,"stat.pickup.rebornmod.mealworm_beetles":7,"stat.pickup.minecraft.redstone":15,"stat.mineBlock.minecraft.iron_ore":202,"stat.pickup.rebornmod.amber":1,"stat.timeSinceDeath":3483,"stat.useItem.minecraft.iron_pickaxe":604,"stat.craftItem.minecraft.wooden_pickaxe":1,"stat.pickup.minecraft.mutton":2,"stat.pickup.rebornmod.fossil_block_0":2,"stat.furnaceInteraction":27,"stat.pickup.galacticraftcore.basic_block_core":133,"stat.killEntity.ZombieVillager":1,"stat.drop.hammertime.itemhammeriron":1,"stat.mineBlock.minecraft.coal_ore":41,"stat.pickup.rebornmod.frozen_leech":2,"stat.pickup.rebornmod.plant_fossil":2,"stat.entityKilledBy.grimoireofgaia.harpy":1,"stat.pickup.rebornmod.display_block_item":1,"stat.pickup.minecraft.beef":3,"stat.pickup.minecraft.furnace":1,"stat.pickup.minecraft.hay_block":27,"stat.sprintOneCm":303827,"stat.drop.minecraft.leather":2,"stat.pickup.minecraft.skull":3,"stat.craftItem.minecraft.stick":20,"stat.mineBlock.minecraft.diamond_ore":14,"stat.pickup.mowziesmobs.barakoa_mask_rage":2,"stat.mineBlock.minecraft.crafting_table":3,"stat.useItem.minecraft.beef":1,"stat.deaths":9,"stat.mineBlock.minecraft.planks":2,"stat.drop":11,"stat.playOneMinute":187668,"stat.craftItem.hammertime.itemhammeriron":1,"stat.craftItem.minecraft.iron_pickaxe":3,"stat.killEntity.Zombie":6,"stat.mineBlock.minecraft.tallgrass":5,"stat.diveOneCm":130662,"stat.chestOpened":14,"stat.drop.rebornmod.cockroaches":2,"stat.useItem.minecraft.stone":3,"stat.pickup.minecraft.arrow":4,"stat.drop.minecraft.cooked_beef":2,"stat.jump":2590,"stat.pickup.minecraft.coal":72,"stat.pickup.minecraft.iron_helmet":1,"stat.fallOneCm":51968,"stat.crouchOneCm":3975,"stat.entityKilledBy.grimoireofgaia.werecat":1,"stat.craftItem.minecraft.torch":20,"stat.craftItem.minecraft.iron_ingot":62,"stat.pickup.minecraft.dirt":15,"stat.pickup.evilcraft.dark_gem_crushed":1,"stat.mineBlock.rebornmod.plant_fossil_block":3,"stat.pickup.minecraft.melon":3,"stat.craftingTableInteraction":13,"stat.pickup.minecraft.iron_ore":217,"stat.boatOneCm":142199,"stat.damageTaken":4883,"stat.pickup.minecraft.leather":2,"stat.pickup.minecraft.feather":3,"stat.mineBlock.minecraft.red_flower":1,"stat.mineBlock.minecraft.torch":23,"stat.mineBlock.minecraft.furnace":1,"stat.useItem.minecraft.wooden_pickaxe":6,"stat.pickup.evilcraft.dark_gem":4,"stat.pickup.minecraft.planks":2,"stat.pickup.minecraft.wheat_seeds":2,"stat.entityKilledBy.Zombie":2,"stat.mineBlock.minecraft.gravel":1,"stat.useItem.minecraft.stone_pickaxe":107,"stat.craftItem.minecraft.iron_leggings":1,"stat.damageDealt":2987,"stat.mineBlock.rebornmod.display_block":1,"stat.pickup.hammertime.itemhammeriron":2,"stat.pickup.chococraft.ability_fruit":1,"stat.killEntity.Cow":1,"stat.pickup.minecraft.ice":2,"stat.mineBlock.minecraft.dirt":15,"stat.walkOneCm":496961,"stat.useItem.minecraft.torch":57,"stat.pickup.rebornmod.crickets":1,"stat.pickup.minecraft.crafting_table":3,"stat.useItem.minecraft.cobblestone":142,"stat.craftItem.minecraft.crafting_table":3,"stat.drop.rebornmod.mealworm_beetles":1,"stat.pickup.minecraft.log":17,"stat.useItem.minecraft.melon":3,"stat.mineBlock.galacticraftcore.basic_block_core":134,"stat.drop.mowziesmobs.barakoa_mask_rage":1,"stat.pickup.usefulbackpacks.backpack":1,"stat.pickup.minecraft.stone":82,"stat.craftItem.minecraft.iron_chestplate":1,"stat.pickup.minecraft.chicken":3,"stat.pickup.minecraft.sapling":1,"stat.pickup.minecraft.ender_pearl":1,"stat.pickup.minecraft.cooked_beef":2,"stat.killEntity.Skeleton":3,"stat.drop.rebornmod.crickets":1,"stat.craftItem.minecraft.planks":48,"stat.mobKills":16,"stat.mineBlock.minecraft.log":17,"stat.useItem.carryon.entity_item":3,"stat.pickup.mowziesmobs.barakoa_mask_bliss":1,"stat.pickup.artifacts.whoopie_cushion":1,"stat.pickup.minecraft.diamond":14,"stat.mineBlock.minecraft.leaves":4,"stat.pickup.minecraft.torch":35,"stat.sneakTime":2329,"stat.mineBlock.minecraft.hay_block":26,"stat.pickup.rebornmod.cockroaches":9,"stat.mineBlock.minecraft.stone":269}