{"stat.useItem.minecraft.bow":18,"stat.craftItem.betteranimalsplus.venisoncooked":4,"stat.pickup.minecraft.wooden_slab":5,"stat.pickup.betteranimalsplus.antler":2,"stat.entityKilledBy.grimoireofgaia.spriggan":1,"stat.leaveGame":32,"stat.killEntity.betteranimalsplus.goat":1,"stat.useItem.betteranimalsplus.venisoncooked":3,"stat.craftItem.minecraft.iron_axe":3,"stat.mineBlock.twilightforest.twilight_plant":2,"stat.entityKilledBy.EvocationIllager":1,"stat.pickup.evilcraft.condensed_blood":17,"stat.useItem.minecraft.mutton":2,"stat.craftItem.minecraft.shield":1,"stat.useItem.minecraft.planks":17,"stat.pickup.minecraft.porkchop":2,"stat.mineBlock.rebornmod.bennettitalean_cycadeoidea":1,"stat.useItem.minecraft.water_bucket":12,"stat.drop.minecraft.iron_sword":1,"stat.mineBlock.minecraft.stone_brick_stairs":1,"stat.pickup.minecraft.rotten_flesh":74,"stat.pickup.minecraft.sand":1,"stat.entityKilledBy.Spider":3,"stat.pickup.bountifulbaubles.amuletcross":2,"stat.pickup.betteranimalsplus.deerhead_2":1,"stat.mineBlock.rebornmod.amber_ore":1,"stat.mineBlock.minecraft.wooden_slab":5,"stat.entityKilledBy.artifacts.mimic":5,"stat.useItem.minecraft.ender_pearl":1,"stat.mineBlock.minecraft.sand":1,"stat.mineBlock.rebornmod.reinforced_stone":1,"stat.useItem.minecraft.iron_pickaxe":1277,"stat.craftItem.minecraft.wooden_pickaxe":1,"stat.pickup.rebornmod.fossil_block_0":2,"stat.craftItem.minecraft.bed":1,"stat.craftItem.galacticraftcore.air_fan":1,"stat.mineBlock.minecraft.vine":3,"stat.useItem.minecraft.oak_stairs":14,"stat.pickup.artifacts.feral_claws":2,"stat.furnaceInteraction":107,"stat.drop.bountifulbaubles.amuletsinempty":1,"stat.pickup.galacticraftcore.oxygen_mask":1,"stat.killEntity.ZombieVillager":1,"stat.pickup.rebornmod.frozen_leech":2,"stat.entityKilledBy.grimoireofgaia.harpy":1,"stat.pickup.minecraft.fence_gate":1,"stat.pickup.rebornmod.display_block_item":11,"stat.pickup.minecraft.beef":5,"stat.pickup.minecraft.furnace":1,"stat.useItem.minecraft.cooked_mutton":6,"stat.pickup.minecraft.hay_block":27,"stat.useItem.minecraft.fence":1,"stat.pickup.minecraft.skull":3,"stat.drop.minecraft.lead":1,"stat.entityKilledBy.grimoireofgaia.deathword":1,"stat.pickup.bountifulbaubles.amuletsinempty":1,"stat.pickup.rebornmod.skull":1,"stat.pickup.mowziesmobs.barakoa_mask_rage":2,"stat.craftItem.minecraft.fence_gate":1,"stat.pickup.rebornmod.reinforced_stone":1,"stat.drop.chococraft.ability_fruit":1,"stat.pickup.minecraft.saddle":1,"stat.pickup.rebornmod.bennettitalean_cycadeoidea":2,"stat.useItem.minecraft.beef":1,"stat.mineBlock.minecraft.oak_stairs":13,"stat.deaths":63,"stat.pickup.minecraft.egg":8,"stat.pickup.rebornmod.ginkgo_sapling":2,"stat.playOneMinute":810894,"stat.drop.minecraft.string":1,"stat.craftItem.minecraft.iron_pickaxe":6,"stat.entityKilledBy.twilightforest.lich":1,"stat.useItem.rebornmod.heliconia":1,"stat.mineBlock.minecraft.tallgrass":44,"stat.entityKilledBy.grimoireofgaia.creep":1,"stat.craftItem.minecraft.cooked_mutton":6,"stat.chestOpened":71,"stat.drop.rebornmod.cockroaches":2,"stat.craftItem.minecraft.sign":3,"stat.pickup.botania.mushroom":1,"stat.useItem.minecraft.stone":7,"stat.pickup.minecraft.arrow":17,"stat.pickup.minecraft.iron_sword":2,"stat.pickup.minecraft.waterlily":1,"stat.pickup.rebornmod.encased_fossil_5":10,"stat.pickup.betteranimalsplus.venisonraw":5,"stat.pickup.minecraft.gold_nugget":3,"stat.entityKilledBy.Vex":8,"stat.useItem.hammertime.itemhammeriron":1,"stat.drop.minecraft.iron_pickaxe":3,"stat.fallOneCm":173188,"stat.pickup.minecraft.carrot":1,"stat.pickup.minecraft.melon_seeds":2,"stat.crouchOneCm":21544,"stat.entityKilledBy.grimoireofgaia.werecat":1,"stat.craftItem.minecraft.iron_ingot":151,"stat.craftItem.minecraft.chest":1,"stat.drop.minecraft.book":1,"stat.pickup.minecraft.painting":2,"stat.pickup.minecraft.melon":3,"stat.craftingTableInteraction":74,"stat.pickup.minecraft.repeater":1,"stat.pickup.minecraft.feather":4,"stat.entityKilledBy.betteranimalsplus.zotzpyre":1,"stat.pickup.twilightforest.firefly_jar":1,"stat.pickup.minecraft.dye":24,"stat.pickup.minecraft.planks":11,"stat.pickup.minecraft.wheat_seeds":13,"stat.pickup.rebornmod.dna_extractor":1,"stat.pickup.minecraft.lead":3,"stat.mineBlock.minecraft.gravel":5,"stat.useItem.minecraft.stone_pickaxe":107,"stat.mineBlock.minecraft.glass":2,"stat.craftItem.minecraft.iron_leggings":4,"stat.mineBlock.rebornmod.display_block":10,"stat.craftItem.minecraft.oak_stairs":4,"stat.pickup.minecraft.ice":4,"stat.mineBlock.minecraft.dirt":90,"stat.drop.rebornmod.dna_extractor":1,"stat.drop.minecraft.stick":2,"stat.drop.minecraft.iron_axe":1,"stat.useItem.minecraft.torch":126,"stat.useItem.minecraft.bread":86,"stat.pickup.minecraft.golden_apple":1,"stat.pickup.minecraft.iron_nugget":2,"stat.pickup.minecraft.crafting_table":6,"stat.useItem.minecraft.log":2,"stat.useItem.minecraft.cobblestone":314,"stat.craftItem.minecraft.crafting_table":5,"stat.entityKilledBy.twilightforest.redcap":1,"stat.drop.rebornmod.mealworm_beetles":1,"stat.pickup.minecraft.log":34,"stat.mineBlock.galacticraftcore.basic_block_core":268,"stat.drop.minecraft.stonebrick":1,"stat.pickup.minecraft.iron_pickaxe":3,"stat.pickup.usefulbackpacks.backpack":2,"stat.pickup.minecraft.chicken":3,"stat.pickup.minecraft.sapling":4,"stat.entityKilledBy.Enderman":1,"stat.drop.rebornmod.crickets":2,"stat.craftItem.minecraft.bucket":3,"stat.craftItem.minecraft.planks":108,"stat.useItem.minecraft.iron_sword":223,"stat.itemEnchanted":1,"stat.mineBlock.minecraft.log":34,"stat.useItem.carryon.entity_item":6,"stat.pickup.artifacts.flame_pendant":2,"stat.pickup.minecraft.red_flower":27,"stat.sneakTime":13206,"stat.pickup.minecraft.wool":4,"stat.mineBlock.minecraft.cobblestone_wall":2,"stat.drop.minecraft.yellow_flower":1,"stat.pickup.minecraft.stone_slab":3,"stat.pickup.minecraft.yellow_flower":2,"stat.pickup.rebornmod.cockroaches":9,"stat.craftItem.galacticraftcore.oxygen_concentrator":1,"stat.pickup.minecraft.chest":1,"stat.craftItem.minecraft.diamond_chestplate":1,"stat.pickup.minecraft.bone":19,"stat.mineBlock.rebornmod.ice_age_shard":9,"stat.horseOneCm":7074,"stat.useItem.minecraft.iron_axe":370,"stat.mineBlock.minecraft.cobblestone":45,"stat.pickup.evilcraft.blood_extractor":1,"stat.pickup.minecraft.flint":1,"stat.swimOneCm":153441,"stat.climbOneCm":20276,"stat.useItem.minecraft.dirt":54,"stat.useItem.chococraft.gysahl_green":5,"stat.useItem.minecraft.stone_slab2":75,"stat.pickup.minecraft.bow":1,"stat.pickup.minecraft.iron_boots":2,"stat.craftItem.minecraft.furnace":3,"stat.useItem.minecraft.red_flower":3,"stat.drop.evilcraft.werewolf_flesh":1,"stat.killEntity.artifacts.mimic":3,"stat.useItem.minecraft.egg":3,"stat.pickup.rebornmod.twig_fossil":1,"stat.craftItem.minecraft.iron_boots":3,"stat.craftItem.galacticraftcore.air_vent":2,"stat.craftItem.minecraft.stone_pickaxe":1,"stat.mineBlock.rebornmod.ginkgo_log":13,"stat.pickup.minecraft.cobblestone":1656,"stat.craftItem.minecraft.bow":1,"stat.flyOneCm":1127541,"stat.drop.minecraft.iron_helmet":1,"stat.drop.bountifulbaubles.amuletcross":1,"stat.drop.minecraft.wheat_seeds":3,"stat.useItem.minecraft.cooked_beef":29,"stat.craftItem.minecraft.wooden_slab":6,"stat.pickup.rebornmod.mealworm_beetles":7,"stat.pickup.minecraft.redstone":41,"stat.mineBlock.minecraft.iron_ore":396,"stat.pickup.rebornmod.amber":2,"stat.timeSinceDeath":14653,"stat.useItem.minecraft.sign":2,"stat.useItem.minecraft.wooden_slab":5,"stat.pickup.rebornmod.heliconia":2,"stat.pickup.minecraft.mutton":9,"stat.killEntity.grimoireofgaia.chest":1,"stat.pickup.minecraft.mossy_cobblestone":46,"stat.killEntity.Bat":1,"stat.pickup.galacticraftcore.collector":2,"stat.craftItem.minecraft.stonebrick":80,"stat.mineBlock.twilightforest.firefly_jar":1,"stat.useItem.minecraft.potato":13,"stat.pickup.minecraft.stonebrick":2,"stat.pickup.galacticraftcore.basic_block_core":253,"stat.drop.hammertime.itemhammeriron":1,"stat.mineBlock.minecraft.coal_ore":84,"stat.pickup.minecraft.shield":1,"stat.pickup.rebornmod.plant_fossil":4,"stat.pickup.minecraft.string":14,"stat.mineBlock.rebornmod.ginkgo_leaves":32,"stat.drop.usefulbackpacks.backpack":1,"stat.entityKilledBy.Skeleton":3,"stat.sprintOneCm":1103422,"stat.pickup.minecraft.paper":1,"stat.drop.minecraft.leather":4,"stat.mineBlock.minecraft.stone_slab":3,"stat.craftItem.minecraft.stick":56,"stat.useItem.carryon.tile_item":1,"stat.craftItem.minecraft.stone":104,"stat.mineBlock.minecraft.diamond_ore":57,"stat.mineBlock.minecraft.crafting_table":5,"stat.useItem.minecraft.diamond_pickaxe":100,"stat.craftItem.galacticraftcore.collector":1,"stat.pickup.minecraft.golden_horse_armor":2,"stat.pickup.chococraft.gysahl_green_seeds":2,"stat.entityKilledBy.Creeper":3,"stat.drop.rebornmod.display_block_item":2,"stat.craftItem.galacticraftcore.canister":2,"stat.mineBlock.minecraft.planks":10,"stat.drop":43,"stat.craftItem.hammertime.itemhammeriron":2,"stat.killEntity.Sheep":3,"stat.craftItem.minecraft.diamond_pickaxe":1,"stat.killEntity.Zombie":50,"stat.drop.minecraft.bread":2,"stat.mineBlock.minecraft.gold_ore":41,"stat.diveOneCm":448155,"stat.pickup.minecraft.sign":1,"stat.pickup.minecraft.gravel":5,"stat.drop.minecraft.cooked_beef":2,"stat.craftItem.minecraft.cooked_porkchop":9,"stat.drop.galacticraftcore.collector":2,"stat.useItem.minecraft.waterlily":1,"stat.useItem.minecraft.apple":2,"stat.pickup.artifacts.snorkel":2,"stat.pickup.rebornmod.ginkgo_log":17,"stat.pickup.twilightforest.torchberries":2,"stat.pickup.minecraft.stone_brick_stairs":1,"stat.jump":9057,"stat.pickup.minecraft.coal":182,"stat.pickup.minecraft.iron_helmet":1,"stat.craftItem.minecraft.bread":81,"stat.pickup.minecraft.spider_eye":1,"stat.craftItem.minecraft.torch":32,"stat.mineBlock.coroutil.repairing_block":1,"stat.pickup.minecraft.dirt":86,"stat.pickup.evilcraft.dark_gem_crushed":1,"stat.craftItem.minecraft.iron_helmet":3,"stat.mineBlock.rebornmod.plant_fossil_block":9,"stat.pickup.minecraft.iron_ore":446,"stat.boatOneCm":231208,"stat.pickup.minecraft.gold_ore":40,"stat.mineBlock.minecraft.lapis_ore":5,"stat.pickup.minecraft.iron_axe":1,"stat.damageTaken":26154,"stat.pickup.minecraft.leather":10,"stat.pickup.rebornmod.disc_jurassicraft_theme":1,"stat.useItem.betteranimalsplus.eel_meat_cooked":28,"stat.mineBlock.minecraft.red_flower":25,"stat.mineBlock.minecraft.torch":71,"stat.mineBlock.minecraft.furnace":1,"stat.useItem.minecraft.wooden_pickaxe":6,"stat.pickup.evilcraft.dark_gem":4,"stat.killEntity.CaveSpider":1,"stat.pickup.minecraft.bed":2,"stat.pickup.minecraft.potato":14,"stat.pickup.minecraft.oak_stairs":15,"stat.entityKilledBy.Zombie":17,"stat.mineBlock.rebornmod.gypsum_stone":5,"stat.pickup.chococraft.chocobo_saddle":1,"stat.damageDealt":17703,"stat.craftItem.minecraft.glass":11,"stat.mineBlock.rebornmod.clear_glass":5,"stat.pickup.hammertime.itemhammeriron":2,"stat.sleepInBed":1,"stat.pickup.chococraft.ability_fruit":3,"stat.pickup.chococraft.gysahl_green":36,"stat.killEntity.Cow":1,"stat.useItem.minecraft.crafting_table":1,"stat.craftItem.minecraft.iron_sword":1,"stat.pickup.minecraft.boat":4,"stat.drop.minecraft.painting":1,"stat.walkOneCm":2441389,"stat.pickup.rebornmod.crickets":15,"stat.pickup.minecraft.stick":1,"stat.pickup.rebornmod.gypsum_powder":19,"stat.useItem.minecraft.melon":3,"stat.craftItem.minecraft.wheat":243,"stat.drop.mowziesmobs.barakoa_mask_rage":1,"stat.pickup.galacticraftcore.basic_item":56,"stat.entityKilledBy.grimoireofgaia.minotaurus":6,"stat.pickup.minecraft.stone":199,"stat.craftItem.minecraft.iron_chestplate":2,"stat.drop.minecraft.potato":1,"stat.pickup.minecraft.ender_pearl":1,"stat.pickup.minecraft.cooked_beef":2,"stat.killEntity.Skeleton":5,"stat.mineBlock.minecraft.stonebrick":2,"stat.pickup.rebornmod.tempskya":2,"stat.killEntity.Spider":6,"stat.pickup.minecraft.bread":2,"stat.killEntity.grimoireofgaia.harpy":2,"stat.pickup.rebornmod.ginkgo_planks":1,"stat.mobKills":86,"stat.pickup.betteranimalsplus.eel_meat_cooked":35,"stat.craftItem.minecraft.fence":3,"stat.pickup.mowziesmobs.barakoa_mask_bliss":1,"stat.useItem.minecraft.golden_apple":2,"stat.pickup.artifacts.whoopie_cushion":3,"stat.useItem.minecraft.boat":3,"stat.pickup.minecraft.diamond":56,"stat.mineBlock.minecraft.leaves":25,"stat.pickup.minecraft.torch":85,"stat.mineBlock.minecraft.redstone_ore":3,"stat.pickup.evilcraft.werewolf_flesh":5,"stat.mineBlock.minecraft.hay_block":26,"stat.craftItem.galacticraftcore.basic_item":215,"stat.mineBlock.minecraft.stone":470}