{"stat.chestOpened":4,"stat.pickup.minecraft.bone":4,"stat.useItem.minecraft.stone":4,"stat.pickup.minecraft.gravel":1,"stat.leaveGame":2,"stat.pickup.minecraft.arrow":4,"stat.pickup.minecraft.flint":2,"stat.pickup.rebornmod.ginkgo_log":1,"stat.useItem.minecraft.potion":3,"stat.useItem.minecraft.rotten_flesh":1,"stat.swimOneCm":136,"stat.jump":374,"stat.pickup.minecraft.coal":73,"stat.fallOneCm":6340,"stat.climbOneCm":502,"stat.pickup.minecraft.iron_ingot":2,"stat.crouchOneCm":3330,"stat.craftItem.minecraft.iron_ingot":6,"stat.pickup.minecraft.dirt":12,"stat.useItem.minecraft.dirt":10,"stat.useItem.minecraft.stone_slab2":8,"stat.mineBlock.rebornmod.plant_fossil_block":9,"stat.craftingTableInteraction":6,"stat.pickup.minecraft.iron_ore":14,"stat.pickup.minecraft.rotten_flesh":1,"stat.craftItem.minecraft.furnace":1,"stat.pickup.rebornmod.twig_fossil":1,"stat.damageTaken":1627,"stat.craftItem.minecraft.stone_pickaxe":1,"stat.mineBlock.minecraft.furnace":1,"stat.useItem.minecraft.wooden_pickaxe":59,"stat.mineBlock.rebornmod.ginkgo_log":1,"stat.pickup.minecraft.cobblestone":106,"stat.flyOneCm":92310,"stat.entityKilledBy.Zombie":1,"stat.mineBlock.minecraft.gravel":1,"stat.mineBlock.rebornmod.gypsum_stone":19,"stat.useItem.minecraft.stone_pickaxe":80,"stat.damageDealt":706,"stat.mineBlock.minecraft.iron_ore":14,"stat.timeSinceDeath":3555,"stat.mineBlock.minecraft.dirt":12,"stat.useItem.minecraft.iron_pickaxe":104,"stat.craftItem.minecraft.wooden_pickaxe":1,"stat.craftItem.minecraft.iron_sword":1,"stat.walkOneCm":81369,"stat.useItem.minecraft.torch":3,"stat.pickup.minecraft.crafting_table":2,"stat.craftItem.minecraft.crafting_table":1,"stat.furnaceInteraction":2,"stat.pickup.galacticraftcore.basic_block_core":12,"stat.mineBlock.botania.flower":2,"stat.pickup.rebornmod.gypsum_powder":115,"stat.mineBlock.minecraft.coal_ore":39,"stat.pickup.rebornmod.plant_fossil":3,"stat.pickup.minecraft.log":26,"stat.pickup.minecraft.string":1,"stat.pickup.rebornmod.ginkgo_log_petrified":5,"stat.mineBlock.galacticraftcore.basic_block_core":17,"stat.pickup.galacticraftcore.basic_item":4,"stat.pickup.minecraft.furnace":1,"stat.entityKilledBy.Skeleton":2,"stat.craftItem.minecraft.stone_slab2":0,"stat.pickup.minecraft.stone":26,"stat.mineBlock.rebornmod.ginkgo_log_petrified":5,"stat.pickup.minecraft.sapling":2,"stat.sprintOneCm":65636,"stat.entityKilledBy.Enderman":1,"stat.craftItem.minecraft.stick":12,"stat.craftItem.minecraft.wooden_axe":1,"stat.killEntity.Skeleton":3,"stat.craftItem.minecraft.planks":80,"stat.useItem.minecraft.iron_sword":11,"stat.mineBlock.minecraft.crafting_table":2,"stat.mobKills":4,"stat.mineBlock.minecraft.log":26,"stat.pickup.botania.flower":2,"stat.deaths":5,"stat.mineBlock.minecraft.leaves":4,"stat.playOneMinute":29470,"stat.pickup.minecraft.torch":41,"stat.sneakTime":1076,"stat.craftItem.minecraft.iron_pickaxe":1,"stat.useItem.minecraft.wooden_axe":19,"stat.mineBlock.minecraft.stone":129,"stat.mineBlock.minecraft.tallgrass":2}