{"stat.chestOpened":36,"stat.useItem.minecraft.string":1,"stat.useItem.minecraft.splash_potion":1,"stat.pickup.minecraft.lingering_potion":1,"stat.pickup.minecraft.bone":4,"stat.mineBlock.rebornmod.ice_age_shard":6,"stat.mineBlock.botania.doubleflower2":1,"stat.pickup.botania.mushroom":1,"stat.useItem.minecraft.stone":4,"stat.useItem.minecraft.iron_axe":23,"stat.pickup.minecraft.gravel":1,"stat.leaveGame":2,"stat.pickup.minecraft.arrow":6,"stat.mineBlock.minecraft.cobblestone":3,"stat.pickup.minecraft.flint":2,"stat.craftItem.minecraft.iron_axe":1,"stat.pickup.rebornmod.ginkgo_log":1,"stat.useItem.minecraft.potion":3,"stat.drop.galacticraftcore.oxygen_mask":1,"stat.useItem.minecraft.rotten_flesh":1,"stat.useItem.hammertime.itemhammeriron":1,"stat.swimOneCm":14384,"stat.jump":1934,"stat.pickup.minecraft.coal":119,"stat.useItem.minecraft.experience_bottle":5,"stat.fallOneCm":38301,"stat.climbOneCm":2774,"stat.pickup.minecraft.iron_ingot":3,"stat.craftItem.evilcraft.dark_spike":16,"stat.mineBlock.evilcraft.dark_ore":17,"stat.pickup.minecraft.porkchop":5,"stat.pickup.chococraft.chocobo_drumstick_raw":3,"stat.crouchOneCm":4696,"stat.craftItem.minecraft.iron_ingot":56,"stat.drop.minecraft.book":1,"stat.pickup.minecraft.dirt":13,"stat.useItem.minecraft.dirt":10,"stat.craftItem.minecraft.iron_helmet":1,"stat.pickup.evilcraft.dark_gem_crushed":2,"stat.useItem.minecraft.stone_slab2":19,"stat.mineBlock.rebornmod.plant_fossil_block":10,"stat.useItem.minecraft.cooked_chicken":19,"stat.craftingTableInteraction":27,"stat.pickup.minecraft.iron_ore":112,"stat.pickup.minecraft.rotten_flesh":16,"stat.craftItem.minecraft.furnace":1,"stat.pickup.minecraft.gold_ore":10,"stat.mineBlock.minecraft.lapis_ore":9,"stat.killEntity.artifacts.mimic":2,"stat.pickup.rebornmod.twig_fossil":1,"stat.killEntity.Donkey":2,"stat.useItem.minecraft.egg":3,"stat.craftItem.minecraft.iron_boots":1,"stat.damageTaken":5570,"stat.pickup.minecraft.feather":12,"stat.pickup.minecraft.leather":16,"stat.craftItem.minecraft.stone_pickaxe":1,"stat.mineBlock.minecraft.furnace":2,"stat.mineBlock.minecraft.torch":1,"stat.useItem.minecraft.wooden_pickaxe":59,"stat.mineBlock.rebornmod.ginkgo_log":1,"stat.pickup.evilcraft.dark_gem":28,"stat.mineBlock.rebornmod.amber_ore":2,"stat.pickup.minecraft.cobblestone":568,"stat.pickup.minecraft.dye":84,"stat.pickup.minecraft.planks":24,"stat.entityKilledBy.ZombieVillager":1,"stat.killEntity.Llama":1,"stat.entityKilledBy.artifacts.mimic":5,"stat.flyOneCm":443107,"stat.pickup.artifacts.thorn_pendant":1,"stat.craftItem.evilcraft.darkened_apple":2,"stat.pickup.minecraft.wheat_seeds":2,"stat.entityKilledBy.Zombie":2,"stat.mineBlock.minecraft.gravel":1,"stat.mineBlock.rebornmod.gypsum_stone":33,"stat.useItem.minecraft.stone_pickaxe":80,"stat.craftItem.minecraft.iron_leggings":1,"stat.damageDealt":8710,"stat.pickup.minecraft.redstone":56,"stat.mineBlock.minecraft.iron_ore":95,"stat.mineBlock.rebornmod.display_block":3,"stat.pickup.rebornmod.amber":3,"stat.timeSinceDeath":20887,"stat.killEntity.Cow":4,"stat.pickup.minecraft.ice":2,"stat.drop.rebornmod.plant_fossil":1,"stat.mineBlock.minecraft.dirt":14,"stat.useItem.minecraft.iron_pickaxe":416,"stat.pickup.minecraft.minecart":1,"stat.craftItem.minecraft.wooden_pickaxe":1,"stat.pickup.artifacts.obsidian_skull":1,"stat.craftItem.hammertime.itemaxeiron":1,"stat.craftItem.minecraft.iron_sword":2,"stat.pickup.minecraft.mutton":5,"stat.pickup.evilcraft.origins_of_darkness":1,"stat.walkOneCm":413691,"stat.useItem.minecraft.torch":7,"stat.useItem.minecraft.bread":3,"stat.pickup.minecraft.iron_nugget":1,"stat.pickup.minecraft.crafting_table":5,"stat.pickup.artifacts.feral_claws":1,"stat.useItem.minecraft.cobblestone":7,"stat.pickup.minecraft.stonebrick":1,"stat.craftItem.minecraft.crafting_table":1,"stat.furnaceInteraction":39,"stat.pickup.artifacts.night_vision_goggles":2,"stat.pickup.galacticraftcore.basic_block_core":36,"stat.mineBlock.botania.flower":15,"stat.pickup.rebornmod.gypsum_powder":276,"stat.pickup.galacticraftcore.oxygen_mask":2,"stat.mineBlock.minecraft.coal_ore":61,"stat.pickup.rebornmod.frozen_leech":2,"stat.killEntity.Creeper":1,"stat.pickup.rebornmod.plant_fossil":4,"stat.pickup.minecraft.log":120,"stat.pickup.minecraft.string":5,"stat.pickup.rebornmod.ginkgo_log_petrified":5,"stat.pickup.rebornmod.display_block_item":3,"stat.mineBlock.galacticraftcore.basic_block_core":38,"stat.pickup.galacticraftcore.basic_item":8,"stat.pickup.minecraft.beef":6,"stat.pickup.minecraft.furnace":2,"stat.useItem.minecraft.cooked_mutton":5,"stat.pickup.minecraft.tnt":1,"stat.entityKilledBy.Skeleton":3,"stat.entityKilledBy.grimoireofgaia.minotaurus":1,"stat.craftItem.minecraft.stone_slab2":0,"stat.craftItem.usefulbackpacks.backpack":3,"stat.pickup.minecraft.stone":106,"stat.drop.minecraft.planks":48,"stat.craftItem.minecraft.iron_chestplate":1,"stat.pickup.minecraft.chicken":25,"stat.mineBlock.rebornmod.moss":3,"stat.mineBlock.rebornmod.ginkgo_log_petrified":5,"stat.pickup.minecraft.sapling":22,"stat.sprintOneCm":412195,"stat.entityKilledBy.Enderman":1,"stat.pickup.minecraft.apple":2,"stat.craftItem.minecraft.stick":20,"stat.craftItem.minecraft.wooden_axe":1,"stat.killEntity.Skeleton":5,"stat.killEntity.Horse":2,"stat.mineBlock.minecraft.stonebrick":1,"stat.craftItem.minecraft.planks":104,"stat.useItem.minecraft.iron_sword":264,"stat.killEntity.Chicken":25,"stat.mineBlock.minecraft.diamond_ore":4,"stat.craftItem.evilcraft.blood_extractor":1,"stat.mineBlock.minecraft.crafting_table":5,"stat.killEntity.Spider":1,"stat.pickup.minecraft.bread":3,"stat.mobKills":63,"stat.killEntity.Mule":1,"stat.mineBlock.minecraft.log":43,"stat.pickup.botania.flower":15,"stat.craftItem.minecraft.cooked_chicken":19,"stat.deaths":15,"stat.drop":5,"stat.pickup.minecraft.diamond":18,"stat.mineBlock.minecraft.leaves":161,"stat.pickup.minecraft.egg":7,"stat.playOneMinute":134770,"stat.pickup.minecraft.torch":45,"stat.killEntity.Sheep":4,"stat.craftItem.hammertime.itemhammeriron":1,"stat.mineBlock.minecraft.redstone_ore":3,"stat.sneakTime":1862,"stat.craftItem.minecraft.iron_pickaxe":2,"stat.pickup.minecraft.wool":26,"stat.killEntity.Zombie":12,"stat.killEntity.betteranimalsplus.badger":1,"stat.useItem.minecraft.wooden_axe":19,"stat.pickup.rebornmod.moss":3,"stat.mineBlock.minecraft.stone":242,"stat.mineBlock.minecraft.gold_ore":10,"stat.mineBlock.minecraft.tallgrass":15,"stat.craftItem.minecraft.cooked_mutton":5,"stat.entityKilledBy.grimoireofgaia.creep":1,"stat.diveOneCm":10003}