{"stat.chestOpened":23,"stat.useItem.minecraft.splash_potion":1,"stat.pickup.minecraft.lingering_potion":1,"stat.pickup.minecraft.bone":4,"stat.mineBlock.rebornmod.ice_age_shard":6,"stat.mineBlock.botania.doubleflower2":1,"stat.useItem.minecraft.stone":4,"stat.useItem.minecraft.iron_axe":19,"stat.pickup.minecraft.gravel":1,"stat.leaveGame":2,"stat.pickup.minecraft.arrow":4,"stat.mineBlock.minecraft.cobblestone":2,"stat.pickup.minecraft.flint":2,"stat.craftItem.minecraft.iron_axe":1,"stat.pickup.rebornmod.ginkgo_log":1,"stat.useItem.minecraft.potion":3,"stat.drop.galacticraftcore.oxygen_mask":1,"stat.useItem.minecraft.rotten_flesh":1,"stat.swimOneCm":3136,"stat.jump":1254,"stat.pickup.minecraft.coal":108,"stat.useItem.minecraft.experience_bottle":2,"stat.fallOneCm":23223,"stat.climbOneCm":1740,"stat.pickup.minecraft.iron_ingot":3,"stat.craftItem.evilcraft.dark_spike":16,"stat.mineBlock.evilcraft.dark_ore":5,"stat.pickup.chococraft.chocobo_drumstick_raw":3,"stat.crouchOneCm":4380,"stat.craftItem.minecraft.iron_ingot":56,"stat.pickup.minecraft.dirt":12,"stat.useItem.minecraft.dirt":10,"stat.craftItem.minecraft.iron_helmet":1,"stat.pickup.evilcraft.dark_gem_crushed":1,"stat.useItem.minecraft.stone_slab2":14,"stat.mineBlock.rebornmod.plant_fossil_block":10,"stat.useItem.minecraft.cooked_chicken":5,"stat.craftingTableInteraction":24,"stat.pickup.minecraft.iron_ore":108,"stat.pickup.minecraft.rotten_flesh":7,"stat.craftItem.minecraft.furnace":1,"stat.pickup.minecraft.gold_ore":10,"stat.mineBlock.minecraft.lapis_ore":9,"stat.pickup.rebornmod.twig_fossil":1,"stat.killEntity.Donkey":2,"stat.useItem.minecraft.egg":3,"stat.craftItem.minecraft.iron_boots":1,"stat.damageTaken":3682,"stat.pickup.minecraft.feather":12,"stat.pickup.minecraft.leather":16,"stat.craftItem.minecraft.stone_pickaxe":1,"stat.mineBlock.minecraft.furnace":2,"stat.mineBlock.minecraft.torch":1,"stat.useItem.minecraft.wooden_pickaxe":59,"stat.mineBlock.rebornmod.ginkgo_log":1,"stat.pickup.evilcraft.dark_gem":10,"stat.mineBlock.rebornmod.amber_ore":2,"stat.pickup.minecraft.cobblestone":148,"stat.pickup.minecraft.dye":48,"stat.pickup.minecraft.planks":24,"stat.entityKilledBy.ZombieVillager":1,"stat.killEntity.Llama":1,"stat.entityKilledBy.artifacts.mimic":1,"stat.flyOneCm":315031,"stat.pickup.minecraft.wheat_seeds":1,"stat.entityKilledBy.Zombie":2,"stat.mineBlock.minecraft.gravel":1,"stat.mineBlock.rebornmod.gypsum_stone":33,"stat.useItem.minecraft.stone_pickaxe":80,"stat.craftItem.minecraft.iron_leggings":1,"stat.damageDealt":5505,"stat.pickup.minecraft.redstone":14,"stat.mineBlock.minecraft.iron_ore":95,"stat.mineBlock.rebornmod.display_block":1,"stat.pickup.rebornmod.amber":2,"stat.timeSinceDeath":6030,"stat.killEntity.Cow":4,"stat.pickup.minecraft.ice":2,"stat.drop.rebornmod.plant_fossil":1,"stat.mineBlock.minecraft.dirt":13,"stat.useItem.minecraft.iron_pickaxe":333,"stat.pickup.minecraft.minecart":1,"stat.craftItem.minecraft.wooden_pickaxe":1,"stat.craftItem.hammertime.itemaxeiron":1,"stat.craftItem.minecraft.iron_sword":2,"stat.pickup.minecraft.mutton":5,"stat.walkOneCm":294427,"stat.useItem.minecraft.torch":5,"stat.useItem.minecraft.bread":3,"stat.pickup.minecraft.crafting_table":4,"stat.useItem.minecraft.cobblestone":2,"stat.craftItem.minecraft.crafting_table":1,"stat.furnaceInteraction":36,"stat.pickup.artifacts.night_vision_goggles":1,"stat.pickup.galacticraftcore.basic_block_core":29,"stat.mineBlock.botania.flower":15,"stat.pickup.rebornmod.gypsum_powder":216,"stat.pickup.galacticraftcore.oxygen_mask":2,"stat.mineBlock.minecraft.coal_ore":61,"stat.pickup.rebornmod.frozen_leech":2,"stat.pickup.rebornmod.plant_fossil":4,"stat.pickup.minecraft.log":60,"stat.pickup.minecraft.string":3,"stat.pickup.rebornmod.ginkgo_log_petrified":5,"stat.pickup.rebornmod.display_block_item":1,"stat.mineBlock.galacticraftcore.basic_block_core":37,"stat.pickup.galacticraftcore.basic_item":8,"stat.pickup.minecraft.beef":6,"stat.pickup.minecraft.furnace":2,"stat.useItem.minecraft.cooked_mutton":4,"stat.pickup.minecraft.tnt":1,"stat.entityKilledBy.Skeleton":3,"stat.entityKilledBy.grimoireofgaia.minotaurus":1,"stat.craftItem.minecraft.stone_slab2":0,"stat.craftItem.usefulbackpacks.backpack":3,"stat.pickup.minecraft.stone":41,"stat.drop.minecraft.planks":48,"stat.craftItem.minecraft.iron_chestplate":1,"stat.pickup.minecraft.chicken":25,"stat.mineBlock.rebornmod.moss":2,"stat.mineBlock.rebornmod.ginkgo_log_petrified":5,"stat.pickup.minecraft.sapling":16,"stat.sprintOneCm":249209,"stat.entityKilledBy.Enderman":1,"stat.craftItem.minecraft.stick":16,"stat.craftItem.minecraft.wooden_axe":1,"stat.killEntity.Skeleton":3,"stat.killEntity.Horse":2,"stat.craftItem.minecraft.planks":104,"stat.useItem.minecraft.iron_sword":197,"stat.killEntity.Chicken":25,"stat.craftItem.evilcraft.blood_extractor":1,"stat.mineBlock.minecraft.crafting_table":4,"stat.killEntity.Spider":1,"stat.pickup.minecraft.bread":3,"stat.mobKills":50,"stat.killEntity.Mule":1,"stat.mineBlock.minecraft.log":43,"stat.pickup.botania.flower":15,"stat.craftItem.minecraft.cooked_chicken":19,"stat.deaths":11,"stat.drop":4,"stat.mineBlock.minecraft.leaves":154,"stat.pickup.minecraft.egg":7,"stat.playOneMinute":96070,"stat.pickup.minecraft.torch":45,"stat.killEntity.Sheep":4,"stat.mineBlock.minecraft.redstone_ore":3,"stat.sneakTime":1740,"stat.craftItem.minecraft.iron_pickaxe":2,"stat.pickup.minecraft.wool":26,"stat.killEntity.Zombie":4,"stat.killEntity.betteranimalsplus.badger":1,"stat.useItem.minecraft.wooden_axe":19,"stat.pickup.rebornmod.moss":2,"stat.mineBlock.minecraft.stone":181,"stat.mineBlock.minecraft.gold_ore":10,"stat.mineBlock.minecraft.tallgrass":15,"stat.craftItem.minecraft.cooked_mutton":5,"stat.entityKilledBy.grimoireofgaia.creep":1}