{"stat.useItem.minecraft.string":1,"stat.craftItem.betteranimalsplus.venisoncooked":3,"stat.pickup.betteranimalsplus.antler":8,"stat.leaveGame":3,"stat.pickup.minecraft.deadbush":15,"stat.useItem.betteranimalsplus.venisoncooked":3,"stat.craftItem.minecraft.iron_axe":1,"stat.mineBlock.minecraft.web":2,"stat.pickup.minecraft.golden_boots":1,"stat.drop.minecraft.feather":1,"stat.pickup.minecraft.porkchop":93,"stat.craftItem.evilcraft.blood_infusion_core":1,"stat.pickup.betteranimalsplus.wolf_pelt_snowy":6,"stat.pickup.minecraft.rotten_flesh":70,"stat.craftItem.evilcraft.bowl_of_promises":3,"stat.pickup.minecraft.sand":14,"stat.entityKilledBy.Spider":1,"stat.killEntity.Donkey":3,"stat.pickup.betteranimalsplus.deerhead_1":1,"stat.killEntity.betteranimalsplus.fox":1,"stat.killEntity.Enderman":3,"stat.mineBlock.rebornmod.amber_ore":2,"stat.entityKilledBy.artifacts.mimic":7,"stat.craftItem.evilcraft.darkened_apple":2,"stat.mineBlock.rebornmod.reinforced_stone":2,"stat.drop.rebornmod.plant_fossil":1,"stat.useItem.minecraft.iron_pickaxe":471,"stat.craftItem.minecraft.wooden_pickaxe":1,"stat.drop.evilcraft.vengeance_pickaxe":1,"stat.useItem.evilcraft.undead_sapling":4,"stat.craftItem.minecraft.glass_pane":16,"stat.mineBlock.minecraft.vine":3,"stat.craftItem.evilcraft.broom":1,"stat.pickup.artifacts.feral_claws":1,"stat.furnaceInteraction":83,"stat.pickup.artifacts.night_vision_goggles":3,"stat.drop.minecraft.gravel":2,"stat.mineBlock.botania.flower":15,"stat.pickup.galacticraftcore.oxygen_mask":2,"stat.pickup.rebornmod.frozen_leech":2,"stat.pickup.rebornmod.ginkgo_log_petrified":5,"stat.craftItem.evilcraft.dark_stick":12,"stat.pickup.rebornmod.display_block_item":6,"stat.pickup.minecraft.beef":11,"stat.useItem.minecraft.cooked_mutton":5,"stat.pickup.minecraft.furnace":2,"stat.craftItem.chococraft.chocobo_drumstick_cooked":3,"stat.mineBlock.rebornmod.moss":3,"stat.useItem.minecraft.trapdoor":1,"stat.pickup.minecraft.iron_chestplate":1,"stat.useItem.evilcraft.undead_log":3,"stat.pickup.galacticraftcore.oxygen_tank_heavy_full":3,"stat.killEntity.Horse":5,"stat.killEntity.rebornmod.goat":4,"stat.useItem.minecraft.lingering_potion":1,"stat.craftItem.securitycraft.laser_block":1,"stat.pickup.evilcraft.ender_tear":1,"stat.useItem.minecraft.dye":11,"stat.deaths":34,"stat.killEntity.betteranimalsplus.songbird":1,"stat.pickup.minecraft.egg":10,"stat.playOneMinute":403328,"stat.useItem.hammertime.itemaxeiron":1,"stat.craftItem.minecraft.iron_pickaxe":2,"stat.pickup.rebornmod.moss":3,"stat.mineBlock.minecraft.tallgrass":47,"stat.craftItem.minecraft.cooked_mutton":5,"stat.entityKilledBy.grimoireofgaia.creep":2,"stat.chestOpened":116,"stat.useItem.minecraft.splash_potion":1,"stat.killEntity.betteranimalsplus.goose":6,"stat.pickup.botania.mushroom":3,"stat.useItem.minecraft.stone":8,"stat.pickup.minecraft.arrow":9,"stat.mineBlock.evilcraft.blood_infuser":1,"stat.pickup.securitycraft.door_indestructible_iron_item":1,"stat.killEntity.Vex":1,"stat.pickup.betteranimalsplus.venisonraw":8,"stat.entityKilledBy.Vex":1,"stat.useItem.hammertime.itemhammeriron":1,"stat.useItem.minecraft.experience_bottle":5,"stat.fallOneCm":122198,"stat.craftItem.evilcraft.dark_spike":32,"stat.crouchOneCm":16993,"stat.pickup.artifacts.pocket_piston":1,"stat.craftItem.minecraft.iron_ingot":64,"stat.craftItem.minecraft.chest":2,"stat.drop.minecraft.book":1,"stat.pickup.minecraft.golden_leggings":1,"stat.pickup.evilcraft.hardened_blood_shard":40,"stat.craftItem.evilcraft.broom_part":6,"stat.craftingTableInteraction":98,"stat.mineBlock.evilcraft.undead_log":4,"stat.pickup.minecraft.feather":21,"stat.craftItem.minecraft.wooden_button":2,"stat.pickup.minecraft.dye":142,"stat.pickup.minecraft.planks":24,"stat.killEntity.Llama":2,"stat.pickup.minecraft.wheat_seeds":83,"stat.drop.artifacts.night_vision_goggles":1,"stat.mineBlock.minecraft.gravel":4,"stat.useItem.minecraft.stone_pickaxe":80,"stat.craftItem.minecraft.iron_leggings":1,"stat.mineBlock.rebornmod.display_block":4,"stat.pickup.minecraft.ice":2,"stat.mineBlock.minecraft.dirt":54,"stat.craftItem.evilcraft.dark_tank":1,"stat.pickup.evilcraft.origins_of_darkness":1,"stat.useItem.minecraft.torch":62,"stat.useItem.minecraft.bread":7,"stat.pickup.minecraft.iron_nugget":7,"stat.pickup.evilcraft.vengeance_pickaxe":1,"stat.craftItem.minecraft.redstone_block":1,"stat.craftItem.evilcraft.vengeance_pickaxe":1,"stat.pickup.minecraft.crafting_table":8,"stat.useItem.minecraft.cobblestone":167,"stat.craftItem.minecraft.crafting_table":4,"stat.pickup.minecraft.log":125,"stat.mineBlock.galacticraftcore.basic_block_core":38,"stat.pickup.betteranimalsplus.wolfhead_1":1,"stat.mineBlock.evilcraft.hardened_blood":53,"stat.craftItem.usefulbackpacks.backpack":5,"stat.craftItem.minecraft.gold_ingot":40,"stat.drop.minecraft.planks":48,"stat.pickup.minecraft.chicken":34,"stat.mineBlock.rebornmod.ginkgo_log_petrified":5,"stat.pickup.minecraft.sapling":23,"stat.entityKilledBy.Enderman":2,"stat.pickup.minecraft.apple":2,"stat.craftItem.minecraft.planks":112,"stat.useItem.minecraft.iron_sword":468,"stat.killEntity.PolarBear":2,"stat.entityKilledBy.Wolf":1,"stat.craftItem.minecraft.deadbush":20,"stat.useItem.minecraft.stonebrick":12,"stat.mineBlock.minecraft.log":48,"stat.craftItem.minecraft.cooked_chicken":27,"stat.pickup.rebornmod.phoenix_log_petrified":1,"stat.sneakTime":6129,"stat.pickup.minecraft.wool":27,"stat.killEntity.betteranimalsplus.badger":5,"stat.useItem.minecraft.wooden_axe":19,"stat.pickup.minecraft.stone_slab":11,"stat.pickup.minecraft.yellow_flower":1,"stat.craftItem.minecraft.diamond_chestplate":1,"stat.pickup.minecraft.lingering_potion":1,"stat.pickup.minecraft.bone":6,"stat.mineBlock.rebornmod.ice_age_shard":6,"stat.craftItem.minecraft.diamond_leggings":1,"stat.useItem.minecraft.iron_axe":113,"stat.mineBlock.minecraft.cobblestone":14,"stat.pickup.evilcraft.blood_extractor":1,"stat.killEntity.grimoireofgaia.dryad":1,"stat.pickup.minecraft.flint":3,"stat.mineBlock.minecraft.yellow_flower":1,"stat.useItem.minecraft.diamond_sword":453,"stat.craftItem.minecraft.wool":2,"stat.drop.galacticraftcore.oxygen_mask":1,"stat.craftItem.evilcraft.undead_plank":124,"stat.craftItem.minecraft.diamond_helmet":1,"stat.swimOneCm":57604,"stat.climbOneCm":9601,"stat.craftItem.betteranimalsplus.wolf_cape_classic":1,"stat.mineBlock.evilcraft.dark_ore":37,"stat.craftItem.minecraft.gold_block":1,"stat.pickup.chococraft.chocobo_drumstick_raw":3,"stat.useItem.minecraft.dirt":19,"stat.killEntity.betteranimalsplus.boar":1,"stat.useItem.minecraft.stone_slab2":47,"stat.pickup.rebornmod.goat_raw":6,"stat.craftItem.minecraft.furnace":1,"stat.killEntity.artifacts.mimic":7,"stat.pickup.rebornmod.twig_fossil":1,"stat.useItem.minecraft.egg":3,"stat.craftItem.minecraft.iron_boots":1,"stat.craftItem.minecraft.trapdoor":2,"stat.craftItem.minecraft.stone_pickaxe":1,"stat.craftItem.minecraft.cooked_beef":6,"stat.mineBlock.rebornmod.ginkgo_log":1,"stat.pickup.minecraft.cobblestone":998,"stat.flyOneCm":1161384,"stat.pickup.minecraft.fish":3,"stat.killEntity.betteranimalsplus.deer":4,"stat.useItem.minecraft.cooked_beef":6,"stat.pickup.minecraft.redstone":61,"stat.pickup.betteranimalsplus.wolf_pelt_black":2,"stat.mineBlock.minecraft.iron_ore":101,"stat.pickup.rebornmod.amber":5,"stat.timeSinceDeath":2912,"stat.pickup.minecraft.mutton":5,"stat.killEntity.grimoireofgaia.chest":1,"stat.pickup.minecraft.mossy_cobblestone":32,"stat.craftItem.minecraft.iron_block":1,"stat.craftItem.minecraft.stonebrick":56,"stat.pickup.minecraft.stonebrick":3,"stat.pickup.galacticraftcore.basic_block_core":46,"stat.killEntity.Wolf":3,"stat.useItem.minecraft.cooked_porkchop":22,"stat.drop.evilcraft.dark_gem":19,"stat.mineBlock.minecraft.coal_ore":65,"stat.killEntity.Creeper":2,"stat.pickup.rebornmod.plant_fossil":4,"stat.talkedToVillager":1,"stat.pickup.minecraft.string":27,"stat.mineBlock.rebornmod.ginkgo_leaves":2,"stat.entityKilledBy.Skeleton":5,"stat.craftItem.minecraft.stone_slab2":0,"stat.sprintOneCm":966609,"stat.mineBlock.minecraft.stone_slab":11,"stat.craftItem.minecraft.stick":28,"stat.craftItem.minecraft.wooden_axe":1,"stat.useItem.minecraft.stone_slab":13,"stat.craftItem.minecraft.stone":67,"stat.mineBlock.minecraft.diamond_ore":30,"stat.craftItem.evilcraft.blood_extractor":10,"stat.mineBlock.minecraft.crafting_table":8,"stat.pickup.botania.flower":15,"stat.entityKilledBy.Creeper":1,"stat.useItem.betteranimalsplus.venisonraw":5,"stat.drop":30,"stat.killEntity.Sheep":4,"stat.craftItem.hammertime.itemhammeriron":2,"stat.pickup.minecraft.golden_chestplate":1,"stat.pickup.minecraft.iron_block":1,"stat.killEntity.Zombie":60,"stat.craftItem.minecraft.dye":12,"stat.pickup.artifacts.bottled_cloud":1,"stat.mineBlock.minecraft.gold_ore":10,"stat.diveOneCm":76482,"stat.pickup.minecraft.wheat":34,"stat.mineBlock.minecraft.mossy_cobblestone":33,"stat.mineBlock.botania.doubleflower2":1,"stat.mineBlock.rebornmod.phoenix_log_petrified":1,"stat.pickup.minecraft.gravel":3,"stat.craftItem.minecraft.cooked_porkchop":25,"stat.pickup.rebornmod.ginkgo_log":1,"stat.useItem.minecraft.porkchop":5,"stat.killEntity.grimoireofgaia.vase":1,"stat.useItem.minecraft.potion":5,"stat.useItem.minecraft.rotten_flesh":19,"stat.craftItem.minecraft.diamond_sword":1,"stat.jump":5081,"stat.pickup.minecraft.coal":133,"stat.pickup.minecraft.iron_ingot":3,"stat.craftItem.minecraft.bread":4,"stat.drop.evilcraft.blood_extractor":2,"stat.pickup.minecraft.spider_eye":8,"stat.pickup.minecraft.dirt":55,"stat.craftItem.minecraft.iron_helmet":1,"stat.pickup.evilcraft.dark_gem_crushed":25,"stat.mineBlock.rebornmod.plant_fossil_block":10,"stat.useItem.minecraft.cooked_chicken":27,"stat.pickup.artifacts.cobalt_shield":1,"stat.pickup.minecraft.iron_ore":126,"stat.pickup.minecraft.gold_ore":16,"stat.mineBlock.minecraft.lapis_ore":11,"stat.craftItem.minecraft.flint_and_steel":1,"stat.damageTaken":14070,"stat.pickup.minecraft.leather":33,"stat.mineBlock.minecraft.furnace":2,"stat.mineBlock.minecraft.torch":27,"stat.useItem.minecraft.wooden_pickaxe":59,"stat.pickup.evilcraft.dark_gem":95,"stat.entityKilledBy.ZombieVillager":1,"stat.pickup.minecraft.reeds":2,"stat.pickup.artifacts.thorn_pendant":1,"stat.pickup.minecraft.potato":1,"stat.entityKilledBy.Zombie":9,"stat.mineBlock.rebornmod.gypsum_stone":33,"stat.damageDealt":43518,"stat.craftItem.minecraft.glass":69,"stat.mineBlock.rebornmod.clear_glass":2,"stat.craftItem.minecraft.bowl":4,"stat.pickup.artifacts.shock_pendant":1,"stat.sleepInBed":1,"stat.killEntity.Cow":6,"stat.pickup.minecraft.minecart":1,"stat.pickup.artifacts.obsidian_skull":1,"stat.killEntity.Pig":50,"stat.craftItem.hammertime.itemaxeiron":1,"stat.craftItem.minecraft.iron_sword":2,"stat.pickup.evilcraft.dark_power_gem":4,"stat.craftItem.minecraft.stone_slab":6,"stat.craftItem.securitycraft.universal_block_reinforcer_lvl1":1,"stat.walkOneCm":921821,"stat.pickup.evilcraft.undead_log":35,"stat.useItem.minecraft.chest":1,"stat.pickup.rebornmod.crickets":3,"stat.entityKilledBy.grimoireofgaia.banshee":1,"stat.killEntity.betteranimalsplus.feralwolf":2,"stat.pickup.rebornmod.gypsum_powder":290,"stat.craftItem.evilcraft.blood_infuser":1,"stat.pickup.galacticraftcore.basic_item":59,"stat.pickup.minecraft.tnt":1,"stat.entityKilledBy.grimoireofgaia.minotaurus":1,"stat.pickup.minecraft.stone":162,"stat.craftItem.minecraft.iron_chestplate":1,"stat.craftItem.evilcraft.promise":2,"stat.pickup.minecraft.ender_pearl":1,"stat.useItem.evilcraft.vengeance_pickaxe":130,"stat.killEntity.Skeleton":8,"stat.pickup.evilcraft.blood_infuser":1,"stat.mineBlock.minecraft.stonebrick":3,"stat.killEntity.Chicken":34,"stat.killEntity.Spider":38,"stat.pickup.minecraft.bread":3,"stat.killEntity.grimoireofgaia.harpy":3,"stat.mobKills":274,"stat.killEntity.Mule":5,"stat.pickup.minecraft.diamond_boots":1,"stat.craftItem.minecraft.shears":1,"stat.pickup.minecraft.diamond":92,"stat.mineBlock.minecraft.leaves":188,"stat.pickup.minecraft.torch":76,"stat.mineBlock.minecraft.redstone_ore":3,"stat.pickup.evilcraft.werewolf_flesh":6,"stat.mineBlock.minecraft.stone":290}