{"stat.useItem.minecraft.string":1,"stat.craftItem.betteranimalsplus.venisoncooked":3,"stat.pickup.minecraft.lingering_potion":1,"stat.pickup.minecraft.bone":4,"stat.mineBlock.rebornmod.ice_age_shard":6,"stat.pickup.betteranimalsplus.antler":2,"stat.useItem.minecraft.iron_axe":100,"stat.leaveGame":2,"stat.mineBlock.minecraft.cobblestone":7,"stat.pickup.evilcraft.blood_extractor":1,"stat.killEntity.grimoireofgaia.dryad":1,"stat.pickup.minecraft.deadbush":15,"stat.pickup.minecraft.flint":2,"stat.useItem.betteranimalsplus.venisoncooked":3,"stat.craftItem.minecraft.iron_axe":1,"stat.useItem.minecraft.diamond_sword":68,"stat.drop.galacticraftcore.oxygen_mask":1,"stat.craftItem.evilcraft.undead_plank":124,"stat.swimOneCm":28382,"stat.climbOneCm":3716,"stat.pickup.minecraft.golden_boots":1,"stat.drop.minecraft.feather":1,"stat.mineBlock.evilcraft.dark_ore":19,"stat.pickup.minecraft.porkchop":9,"stat.pickup.chococraft.chocobo_drumstick_raw":3,"stat.craftItem.evilcraft.blood_infusion_core":1,"stat.useItem.minecraft.dirt":12,"stat.useItem.minecraft.stone_slab2":31,"stat.pickup.minecraft.rotten_flesh":64,"stat.craftItem.minecraft.furnace":1,"stat.entityKilledBy.Spider":1,"stat.killEntity.artifacts.mimic":5,"stat.pickup.rebornmod.twig_fossil":1,"stat.killEntity.Donkey":3,"stat.useItem.minecraft.egg":3,"stat.pickup.betteranimalsplus.deerhead_1":1,"stat.craftItem.minecraft.iron_boots":1,"stat.killEntity.betteranimalsplus.fox":1,"stat.craftItem.minecraft.stone_pickaxe":1,"stat.craftItem.minecraft.cooked_beef":4,"stat.mineBlock.rebornmod.ginkgo_log":1,"stat.mineBlock.rebornmod.amber_ore":2,"stat.pickup.minecraft.cobblestone":574,"stat.entityKilledBy.artifacts.mimic":6,"stat.flyOneCm":758543,"stat.craftItem.evilcraft.darkened_apple":2,"stat.killEntity.betteranimalsplus.deer":1,"stat.useItem.minecraft.cooked_beef":4,"stat.pickup.minecraft.redstone":56,"stat.mineBlock.minecraft.iron_ore":95,"stat.pickup.rebornmod.amber":3,"stat.timeSinceDeath":3714,"stat.drop.rebornmod.plant_fossil":1,"stat.useItem.minecraft.iron_pickaxe":444,"stat.craftItem.minecraft.wooden_pickaxe":1,"stat.pickup.minecraft.mutton":5,"stat.killEntity.grimoireofgaia.chest":1,"stat.craftItem.minecraft.iron_block":1,"stat.useItem.evilcraft.undead_sapling":4,"stat.craftItem.minecraft.stonebrick":56,"stat.pickup.artifacts.feral_claws":1,"stat.pickup.minecraft.stonebrick":1,"stat.furnaceInteraction":63,"stat.pickup.artifacts.night_vision_goggles":3,"stat.pickup.galacticraftcore.basic_block_core":36,"stat.mineBlock.botania.flower":15,"stat.pickup.galacticraftcore.oxygen_mask":2,"stat.drop.evilcraft.dark_gem":16,"stat.mineBlock.minecraft.coal_ore":61,"stat.pickup.rebornmod.frozen_leech":2,"stat.killEntity.Creeper":1,"stat.pickup.rebornmod.plant_fossil":4,"stat.pickup.minecraft.string":5,"stat.pickup.rebornmod.ginkgo_log_petrified":5,"stat.pickup.rebornmod.display_block_item":6,"stat.pickup.minecraft.beef":6,"stat.useItem.minecraft.cooked_mutton":5,"stat.pickup.minecraft.furnace":2,"stat.craftItem.chococraft.chocobo_drumstick_cooked":3,"stat.entityKilledBy.Skeleton":3,"stat.craftItem.minecraft.stone_slab2":0,"stat.mineBlock.rebornmod.moss":3,"stat.sprintOneCm":648331,"stat.pickup.minecraft.iron_chestplate":1,"stat.useItem.evilcraft.undead_log":3,"stat.craftItem.minecraft.stick":24,"stat.craftItem.minecraft.wooden_axe":1,"stat.killEntity.Horse":3,"stat.craftItem.minecraft.stone":59,"stat.mineBlock.minecraft.diamond_ore":20,"stat.craftItem.evilcraft.blood_extractor":3,"stat.mineBlock.minecraft.crafting_table":6,"stat.useItem.minecraft.dye":11,"stat.pickup.botania.flower":15,"stat.entityKilledBy.Creeper":1,"stat.deaths":22,"stat.drop":22,"stat.pickup.minecraft.egg":9,"stat.playOneMinute":240970,"stat.killEntity.Sheep":4,"stat.craftItem.hammertime.itemhammeriron":1,"stat.useItem.hammertime.itemaxeiron":1,"stat.craftItem.minecraft.iron_pickaxe":2,"stat.pickup.minecraft.golden_chestplate":1,"stat.pickup.minecraft.iron_block":1,"stat.killEntity.Zombie":51,"stat.craftItem.minecraft.dye":12,"stat.pickup.rebornmod.moss":3,"stat.mineBlock.minecraft.gold_ore":10,"stat.mineBlock.minecraft.tallgrass":38,"stat.craftItem.minecraft.cooked_mutton":5,"stat.entityKilledBy.grimoireofgaia.creep":2,"stat.diveOneCm":12609,"stat.pickup.minecraft.wheat":34,"stat.chestOpened":46,"stat.useItem.minecraft.splash_potion":1,"stat.killEntity.betteranimalsplus.goose":6,"stat.mineBlock.botania.doubleflower2":1,"stat.pickup.botania.mushroom":1,"stat.useItem.minecraft.stone":4,"stat.mineBlock.rebornmod.phoenix_log_petrified":1,"stat.pickup.minecraft.gravel":1,"stat.pickup.minecraft.arrow":6,"stat.mineBlock.evilcraft.blood_infuser":1,"stat.killEntity.Vex":1,"stat.pickup.betteranimalsplus.venisonraw":3,"stat.pickup.rebornmod.ginkgo_log":1,"stat.useItem.minecraft.porkchop":5,"stat.entityKilledBy.Vex":1,"stat.useItem.minecraft.potion":3,"stat.useItem.minecraft.rotten_flesh":6,"stat.useItem.hammertime.itemhammeriron":1,"stat.craftItem.minecraft.diamond_sword":1,"stat.jump":3229,"stat.pickup.minecraft.coal":119,"stat.useItem.minecraft.experience_bottle":5,"stat.fallOneCm":65529,"stat.pickup.minecraft.iron_ingot":3,"stat.craftItem.evilcraft.dark_spike":16,"stat.craftItem.minecraft.bread":4,"stat.crouchOneCm":13506,"stat.pickup.minecraft.spider_eye":1,"stat.craftItem.minecraft.iron_ingot":56,"stat.drop.minecraft.book":1,"stat.pickup.minecraft.dirt":16,"stat.craftItem.minecraft.iron_helmet":1,"stat.pickup.evilcraft.dark_gem_crushed":3,"stat.mineBlock.rebornmod.plant_fossil_block":10,"stat.pickup.minecraft.golden_leggings":1,"stat.pickup.evilcraft.hardened_blood_shard":40,"stat.useItem.minecraft.cooked_chicken":27,"stat.pickup.artifacts.cobalt_shield":1,"stat.craftingTableInteraction":42,"stat.pickup.minecraft.iron_ore":112,"stat.pickup.minecraft.gold_ore":10,"stat.mineBlock.minecraft.lapis_ore":9,"stat.craftItem.minecraft.flint_and_steel":1,"stat.mineBlock.evilcraft.undead_log":4,"stat.damageTaken":8758,"stat.pickup.minecraft.feather":15,"stat.pickup.minecraft.leather":20,"stat.mineBlock.minecraft.furnace":2,"stat.mineBlock.minecraft.torch":6,"stat.useItem.minecraft.wooden_pickaxe":59,"stat.pickup.evilcraft.dark_gem":48,"stat.pickup.minecraft.dye":84,"stat.pickup.minecraft.planks":24,"stat.entityKilledBy.ZombieVillager":1,"stat.killEntity.Llama":2,"stat.pickup.artifacts.thorn_pendant":1,"stat.pickup.minecraft.wheat_seeds":82,"stat.pickup.minecraft.potato":1,"stat.entityKilledBy.Zombie":4,"stat.mineBlock.minecraft.gravel":1,"stat.mineBlock.rebornmod.gypsum_stone":33,"stat.useItem.minecraft.stone_pickaxe":80,"stat.craftItem.minecraft.iron_leggings":1,"stat.damageDealt":22906,"stat.mineBlock.rebornmod.display_block":4,"stat.craftItem.minecraft.bowl":4,"stat.pickup.artifacts.shock_pendant":1,"stat.pickup.minecraft.ice":2,"stat.killEntity.Cow":4,"stat.mineBlock.minecraft.dirt":15,"stat.pickup.minecraft.minecart":1,"stat.pickup.artifacts.obsidian_skull":1,"stat.killEntity.Pig":4,"stat.craftItem.hammertime.itemaxeiron":1,"stat.craftItem.minecraft.iron_sword":2,"stat.pickup.evilcraft.dark_power_gem":2,"stat.pickup.evilcraft.origins_of_darkness":1,"stat.walkOneCm":585299,"stat.useItem.minecraft.torch":23,"stat.useItem.minecraft.bread":7,"stat.pickup.evilcraft.undead_log":35,"stat.pickup.rebornmod.crickets":3,"stat.pickup.minecraft.iron_nugget":5,"stat.pickup.minecraft.crafting_table":6,"stat.useItem.minecraft.cobblestone":21,"stat.craftItem.minecraft.crafting_table":2,"stat.pickup.rebornmod.gypsum_powder":276,"stat.craftItem.evilcraft.blood_infuser":1,"stat.pickup.minecraft.log":120,"stat.mineBlock.galacticraftcore.basic_block_core":38,"stat.pickup.galacticraftcore.basic_item":8,"stat.pickup.minecraft.tnt":1,"stat.entityKilledBy.grimoireofgaia.minotaurus":1,"stat.mineBlock.evilcraft.hardened_blood":31,"stat.craftItem.usefulbackpacks.backpack":3,"stat.pickup.minecraft.stone":106,"stat.drop.minecraft.planks":48,"stat.craftItem.minecraft.iron_chestplate":1,"stat.pickup.minecraft.chicken":29,"stat.mineBlock.rebornmod.ginkgo_log_petrified":5,"stat.pickup.minecraft.sapling":23,"stat.entityKilledBy.Enderman":1,"stat.pickup.minecraft.apple":2,"stat.killEntity.Skeleton":5,"stat.pickup.evilcraft.blood_infuser":1,"stat.mineBlock.minecraft.stonebrick":1,"stat.craftItem.minecraft.planks":104,"stat.useItem.minecraft.iron_sword":468,"stat.killEntity.Chicken":29,"stat.killEntity.Spider":2,"stat.craftItem.minecraft.deadbush":20,"stat.pickup.minecraft.bread":3,"stat.killEntity.grimoireofgaia.harpy":1,"stat.mobKills":137,"stat.killEntity.Mule":1,"stat.useItem.minecraft.stonebrick":11,"stat.pickup.minecraft.diamond_boots":1,"stat.mineBlock.minecraft.log":43,"stat.craftItem.minecraft.shears":1,"stat.craftItem.minecraft.cooked_chicken":27,"stat.pickup.minecraft.diamond":34,"stat.mineBlock.minecraft.leaves":163,"stat.pickup.rebornmod.phoenix_log_petrified":1,"stat.pickup.minecraft.torch":49,"stat.mineBlock.minecraft.redstone_ore":3,"stat.sneakTime":4979,"stat.pickup.minecraft.wool":26,"stat.pickup.evilcraft.werewolf_flesh":2,"stat.killEntity.betteranimalsplus.badger":3,"stat.useItem.minecraft.wooden_axe":19,"stat.mineBlock.minecraft.stone":244}