{"stat.useItem.minecraft.string":1,"stat.craftItem.betteranimalsplus.venisoncooked":3,"stat.pickup.minecraft.lingering_potion":1,"stat.pickup.minecraft.bone":4,"stat.mineBlock.rebornmod.ice_age_shard":6,"stat.pickup.betteranimalsplus.antler":2,"stat.useItem.minecraft.iron_axe":49,"stat.leaveGame":2,"stat.mineBlock.minecraft.cobblestone":4,"stat.pickup.evilcraft.blood_extractor":1,"stat.killEntity.grimoireofgaia.dryad":1,"stat.pickup.minecraft.deadbush":3,"stat.pickup.minecraft.flint":2,"stat.craftItem.minecraft.iron_axe":1,"stat.drop.galacticraftcore.oxygen_mask":1,"stat.craftItem.evilcraft.undead_plank":4,"stat.swimOneCm":21999,"stat.climbOneCm":3417,"stat.mineBlock.evilcraft.dark_ore":17,"stat.pickup.minecraft.porkchop":5,"stat.pickup.chococraft.chocobo_drumstick_raw":3,"stat.craftItem.evilcraft.blood_infusion_core":1,"stat.useItem.minecraft.dirt":10,"stat.useItem.minecraft.stone_slab2":28,"stat.pickup.minecraft.rotten_flesh":45,"stat.craftItem.minecraft.furnace":1,"stat.killEntity.artifacts.mimic":2,"stat.pickup.rebornmod.twig_fossil":1,"stat.killEntity.Donkey":3,"stat.useItem.minecraft.egg":3,"stat.pickup.betteranimalsplus.deerhead_1":1,"stat.craftItem.minecraft.iron_boots":1,"stat.killEntity.betteranimalsplus.fox":1,"stat.craftItem.minecraft.stone_pickaxe":1,"stat.mineBlock.rebornmod.ginkgo_log":1,"stat.mineBlock.rebornmod.amber_ore":2,"stat.pickup.minecraft.cobblestone":569,"stat.entityKilledBy.artifacts.mimic":5,"stat.flyOneCm":573838,"stat.craftItem.evilcraft.darkened_apple":2,"stat.killEntity.betteranimalsplus.deer":1,"stat.pickup.minecraft.redstone":56,"stat.mineBlock.minecraft.iron_ore":95,"stat.pickup.rebornmod.amber":3,"stat.timeSinceDeath":9437,"stat.drop.rebornmod.plant_fossil":1,"stat.useItem.minecraft.iron_pickaxe":417,"stat.craftItem.minecraft.wooden_pickaxe":1,"stat.pickup.minecraft.mutton":5,"stat.useItem.evilcraft.undead_sapling":4,"stat.craftItem.minecraft.stonebrick":56,"stat.pickup.artifacts.feral_claws":1,"stat.pickup.minecraft.stonebrick":1,"stat.furnaceInteraction":58,"stat.pickup.artifacts.night_vision_goggles":2,"stat.pickup.galacticraftcore.basic_block_core":36,"stat.mineBlock.botania.flower":15,"stat.pickup.galacticraftcore.oxygen_mask":2,"stat.mineBlock.minecraft.coal_ore":61,"stat.pickup.rebornmod.frozen_leech":2,"stat.killEntity.Creeper":1,"stat.pickup.rebornmod.plant_fossil":4,"stat.pickup.minecraft.string":5,"stat.pickup.rebornmod.ginkgo_log_petrified":5,"stat.pickup.rebornmod.display_block_item":6,"stat.pickup.minecraft.beef":6,"stat.useItem.minecraft.cooked_mutton":5,"stat.pickup.minecraft.furnace":2,"stat.craftItem.chococraft.chocobo_drumstick_cooked":3,"stat.entityKilledBy.Skeleton":3,"stat.craftItem.minecraft.stone_slab2":0,"stat.mineBlock.rebornmod.moss":3,"stat.sprintOneCm":512057,"stat.pickup.minecraft.iron_chestplate":1,"stat.useItem.evilcraft.undead_log":3,"stat.craftItem.minecraft.stick":20,"stat.craftItem.minecraft.wooden_axe":1,"stat.killEntity.Horse":3,"stat.craftItem.minecraft.stone":59,"stat.mineBlock.minecraft.diamond_ore":4,"stat.craftItem.evilcraft.blood_extractor":3,"stat.mineBlock.minecraft.crafting_table":5,"stat.useItem.minecraft.dye":11,"stat.pickup.botania.flower":15,"stat.deaths":18,"stat.drop":5,"stat.pickup.minecraft.egg":8,"stat.playOneMinute":201370,"stat.killEntity.Sheep":4,"stat.craftItem.hammertime.itemhammeriron":1,"stat.craftItem.minecraft.iron_pickaxe":2,"stat.pickup.minecraft.golden_chestplate":1,"stat.killEntity.Zombie":29,"stat.craftItem.minecraft.dye":12,"stat.pickup.rebornmod.moss":3,"stat.mineBlock.minecraft.gold_ore":10,"stat.mineBlock.minecraft.tallgrass":35,"stat.craftItem.minecraft.cooked_mutton":5,"stat.entityKilledBy.grimoireofgaia.creep":1,"stat.diveOneCm":11559,"stat.pickup.minecraft.wheat":14,"stat.chestOpened":38,"stat.useItem.minecraft.splash_potion":1,"stat.killEntity.betteranimalsplus.goose":6,"stat.mineBlock.botania.doubleflower2":1,"stat.pickup.botania.mushroom":1,"stat.useItem.minecraft.stone":4,"stat.pickup.minecraft.gravel":1,"stat.pickup.minecraft.arrow":6,"stat.killEntity.Vex":1,"stat.pickup.betteranimalsplus.venisonraw":3,"stat.pickup.rebornmod.ginkgo_log":1,"stat.useItem.minecraft.porkchop":5,"stat.entityKilledBy.Vex":1,"stat.useItem.minecraft.potion":3,"stat.useItem.minecraft.rotten_flesh":1,"stat.useItem.hammertime.itemhammeriron":1,"stat.jump":2494,"stat.pickup.minecraft.coal":119,"stat.useItem.minecraft.experience_bottle":5,"stat.fallOneCm":49281,"stat.pickup.minecraft.iron_ingot":3,"stat.craftItem.evilcraft.dark_spike":16,"stat.craftItem.minecraft.bread":4,"stat.crouchOneCm":13176,"stat.craftItem.minecraft.iron_ingot":56,"stat.drop.minecraft.book":1,"stat.pickup.minecraft.dirt":13,"stat.craftItem.minecraft.iron_helmet":1,"stat.pickup.evilcraft.dark_gem_crushed":2,"stat.mineBlock.rebornmod.plant_fossil_block":10,"stat.pickup.evilcraft.hardened_blood_shard":40,"stat.useItem.minecraft.cooked_chicken":26,"stat.craftingTableInteraction":36,"stat.pickup.minecraft.iron_ore":112,"stat.pickup.minecraft.gold_ore":10,"stat.mineBlock.minecraft.lapis_ore":9,"stat.craftItem.minecraft.flint_and_steel":1,"stat.mineBlock.evilcraft.undead_log":4,"stat.damageTaken":7003,"stat.pickup.minecraft.feather":14,"stat.pickup.minecraft.leather":20,"stat.mineBlock.minecraft.furnace":2,"stat.mineBlock.minecraft.torch":2,"stat.useItem.minecraft.wooden_pickaxe":59,"stat.pickup.evilcraft.dark_gem":28,"stat.pickup.minecraft.dye":84,"stat.pickup.minecraft.planks":24,"stat.entityKilledBy.ZombieVillager":1,"stat.killEntity.Llama":2,"stat.pickup.artifacts.thorn_pendant":1,"stat.pickup.minecraft.wheat_seeds":65,"stat.entityKilledBy.Zombie":4,"stat.mineBlock.minecraft.gravel":1,"stat.mineBlock.rebornmod.gypsum_stone":33,"stat.useItem.minecraft.stone_pickaxe":80,"stat.craftItem.minecraft.iron_leggings":1,"stat.damageDealt":15639,"stat.mineBlock.rebornmod.display_block":4,"stat.pickup.minecraft.ice":2,"stat.killEntity.Cow":4,"stat.mineBlock.minecraft.dirt":15,"stat.pickup.minecraft.minecart":1,"stat.pickup.artifacts.obsidian_skull":1,"stat.killEntity.Pig":2,"stat.craftItem.hammertime.itemaxeiron":1,"stat.craftItem.minecraft.iron_sword":2,"stat.pickup.evilcraft.dark_power_gem":1,"stat.pickup.evilcraft.origins_of_darkness":1,"stat.walkOneCm":520523,"stat.useItem.minecraft.torch":17,"stat.useItem.minecraft.bread":7,"stat.pickup.evilcraft.undead_log":35,"stat.pickup.rebornmod.crickets":3,"stat.pickup.minecraft.iron_nugget":2,"stat.pickup.minecraft.crafting_table":5,"stat.useItem.minecraft.cobblestone":11,"stat.craftItem.minecraft.crafting_table":1,"stat.pickup.rebornmod.gypsum_powder":276,"stat.craftItem.evilcraft.blood_infuser":1,"stat.pickup.minecraft.log":120,"stat.mineBlock.galacticraftcore.basic_block_core":38,"stat.pickup.galacticraftcore.basic_item":8,"stat.pickup.minecraft.tnt":1,"stat.entityKilledBy.grimoireofgaia.minotaurus":1,"stat.mineBlock.evilcraft.hardened_blood":25,"stat.craftItem.usefulbackpacks.backpack":3,"stat.pickup.minecraft.stone":106,"stat.drop.minecraft.planks":48,"stat.craftItem.minecraft.iron_chestplate":1,"stat.pickup.minecraft.chicken":27,"stat.mineBlock.rebornmod.ginkgo_log_petrified":5,"stat.pickup.minecraft.sapling":23,"stat.entityKilledBy.Enderman":1,"stat.pickup.minecraft.apple":2,"stat.killEntity.Skeleton":5,"stat.mineBlock.minecraft.stonebrick":1,"stat.craftItem.minecraft.planks":104,"stat.useItem.minecraft.iron_sword":468,"stat.killEntity.Chicken":27,"stat.killEntity.Spider":1,"stat.craftItem.minecraft.deadbush":20,"stat.pickup.minecraft.bread":3,"stat.mobKills":103,"stat.killEntity.Mule":1,"stat.useItem.minecraft.stonebrick":11,"stat.pickup.minecraft.diamond_boots":1,"stat.mineBlock.minecraft.log":43,"stat.craftItem.minecraft.shears":1,"stat.craftItem.minecraft.cooked_chicken":27,"stat.pickup.minecraft.diamond":18,"stat.mineBlock.minecraft.leaves":163,"stat.pickup.minecraft.torch":46,"stat.mineBlock.minecraft.redstone_ore":3,"stat.sneakTime":4671,"stat.pickup.minecraft.wool":26,"stat.pickup.evilcraft.werewolf_flesh":2,"stat.killEntity.betteranimalsplus.badger":3,"stat.useItem.minecraft.wooden_axe":19,"stat.mineBlock.minecraft.stone":242}