{"stat.leaveGame":4,"stat.mineBlock.minecraft.web":2,"stat.drop.minecraft.feather":1,"stat.pickup.minecraft.rotten_flesh":153,"stat.craftItem.evilcraft.bowl_of_promises":3,"stat.killEntity.Donkey":4,"stat.mineBlock.twilightforest.cicada":1,"stat.killEntity.Enderman":3,"stat.mineBlock.rebornmod.amber_ore":2,"stat.pickup.evilcraft.reinforced_undead_plank":1,"stat.pickup.minecraft.leather_boots":1,"stat.entityKilledBy.artifacts.mimic":7,"stat.craftItem.evilcraft.darkened_apple":2,"stat.pickup.minecraft.brown_mushroom":1,"stat.pickup.twilightforest.cicada":1,"stat.drop.rebornmod.plant_fossil":1,"stat.useItem.minecraft.iron_pickaxe":476,"stat.craftItem.minecraft.wooden_pickaxe":1,"stat.useItem.evilcraft.undead_sapling":4,"stat.craftItem.minecraft.glass_pane":16,"stat.mineBlock.minecraft.vine":3,"stat.craftItem.evilcraft.broom":1,"stat.pickup.artifacts.feral_claws":2,"stat.furnaceInteraction":100,"stat.drop.minecraft.gravel":2,"stat.mineBlock.botania.flower":15,"stat.pickup.minecraft.nether_brick":39,"stat.entityKilledBy.WitherSkeleton":2,"stat.pickup.rebornmod.ginkgo_log_petrified":5,"stat.craftItem.evilcraft.dark_stick":12,"stat.pickup.rebornmod.display_block_item":6,"stat.pickup.minecraft.beef":11,"stat.craftItem.chococraft.chocobo_drumstick_cooked":3,"stat.killEntity.grimoireofgaia.baphomet":1,"stat.mineBlock.rebornmod.moss":3,"stat.useItem.minecraft.trapdoor":1,"stat.useItem.evilcraft.undead_log":3,"stat.killEntity.rebornmod.goat":4,"stat.mineBlock.minecraft.sea_lantern":1,"stat.useItem.minecraft.lingering_potion":2,"stat.killEntity.betteranimalsplus.zotzpyre":1,"stat.craftItem.securitycraft.laser_block":1,"stat.useItem.minecraft.dye":11,"stat.useItem.minecraft.beef":5,"stat.deaths":44,"stat.pickup.minecraft.egg":10,"stat.craftItem.minecraft.iron_pickaxe":2,"stat.pickup.artifacts.panic_necklace":1,"stat.pickup.rebornmod.moss":3,"stat.mineBlock.minecraft.tallgrass":56,"stat.craftItem.minecraft.cooked_mutton":5,"stat.entityKilledBy.grimoireofgaia.creep":2,"stat.chestOpened":163,"stat.useItem.minecraft.splash_potion":2,"stat.craftItem.evilcraft.colossal_blood_chest":1,"stat.killEntity.betteranimalsplus.goose":6,"stat.pickup.botania.mushroom":3,"stat.useItem.minecraft.stone":8,"stat.pickup.minecraft.arrow":25,"stat.pickup.minecraft.iron_sword":1,"stat.mineBlock.evilcraft.blood_infuser":1,"stat.killEntity.Vex":1,"stat.entityKilledBy.Vex":2,"stat.pickup.minecraft.gold_nugget":7,"stat.useItem.hammertime.itemhammeriron":2,"stat.craftItem.evilcraft.dark_spike":48,"stat.crouchOneCm":20299,"stat.pickup.minecraft.rail":8,"stat.craftItem.minecraft.iron_ingot":64,"stat.pickup.evilcraft.hardened_blood_shard":40,"stat.craftingTableInteraction":117,"stat.mineBlock.evilcraft.undead_log":4,"stat.pickup.minecraft.dye":143,"stat.pickup.minecraft.planks":24,"stat.pickup.minecraft.wheat_seeds":84,"stat.drop.artifacts.night_vision_goggles":1,"stat.killEntity.grimoireofgaia.flesh_lich":1,"stat.mineBlock.rebornmod.display_block":4,"stat.pickup.minecraft.ice":2,"stat.mineBlock.minecraft.dirt":54,"stat.craftItem.evilcraft.dark_tank":1,"stat.pickup.evilcraft.origins_of_darkness":1,"stat.useItem.minecraft.bread":14,"stat.pickup.evilcraft.vengeance_pickaxe":2,"stat.craftItem.evilcraft.vengeance_pickaxe":1,"stat.useItem.minecraft.cobblestone":291,"stat.mineBlock.betternether.cincinnasite_ore":3,"stat.craftItem.bountifulbaubles.disintegrationtablet":1,"stat.pickup.betteranimalsplus.wolfhead_1":1,"stat.mineBlock.evilcraft.hardened_blood":76,"stat.craftItem.minecraft.gold_ingot":40,"stat.pickup.minecraft.chicken":34,"stat.mineBlock.rebornmod.ginkgo_log_petrified":5,"stat.pickup.minecraft.apple":2,"stat.drop.minecraft.fish":3,"stat.craftItem.minecraft.planks":112,"stat.useItem.minecraft.iron_sword":468,"stat.entityKilledBy.Wolf":1,"stat.itemEnchanted":7,"stat.useItem.securitycraft.universal_block_remover":7,"stat.pickup.minecraft.stone_sword":1,"stat.useItem.minecraft.stonebrick":12,"stat.mineBlock.minecraft.log":48,"stat.killEntity.grimoireofgaia.succubus":1,"stat.pickup.minecraft.wool":28,"stat.killEntity.betteranimalsplus.badger":5,"stat.useItem.minecraft.wooden_axe":19,"stat.pickup.minecraft.lingering_potion":1,"stat.craftItem.minecraft.diamond_leggings":1,"stat.useItem.minecraft.iron_axe":115,"stat.mineBlock.minecraft.cobblestone":48,"stat.pickup.minecraft.flint":3,"stat.mineBlock.minecraft.yellow_flower":1,"stat.craftItem.minecraft.wool":4,"stat.craftItem.evilcraft.undead_plank":124,"stat.useItem.minecraft.stone_slab2":64,"stat.craftItem.minecraft.furnace":1,"stat.useItem.minecraft.egg":3,"stat.craftItem.minecraft.iron_boots":1,"stat.craftItem.minecraft.cooked_beef":6,"stat.mineBlock.rebornmod.ginkgo_log":1,"stat.flyOneCm":1619695,"stat.pickup.minecraft.fish":8,"stat.killEntity.betteranimalsplus.deer":4,"stat.timeSinceDeath":23504,"stat.killEntity.grimoireofgaia.chest":1,"stat.craftItem.minecraft.iron_block":1,"stat.craftItem.minecraft.stonebrick":56,"stat.pickup.minecraft.nether_wart":8,"stat.mineBlock.minecraft.enchanting_table":2,"stat.killEntity.Wolf":4,"stat.mineBlock.minecraft.coal_ore":65,"stat.killEntity.Creeper":4,"stat.pickup.minecraft.shield":1,"stat.talkedToVillager":1,"stat.pickup.botania.manaresource":1,"stat.pickup.minecraft.string":166,"stat.mineBlock.rebornmod.ginkgo_leaves":2,"stat.entityKilledBy.Skeleton":5,"stat.sprintOneCm":1211348,"stat.mineBlock.minecraft.stone_slab":11,"stat.craftItem.minecraft.wooden_axe":1,"stat.useItem.betternether.lucis_spore":1,"stat.pickup.betternether.lucis_spore":2,"stat.mineBlock.minecraft.diamond_ore":42,"stat.craftItem.evilcraft.blood_extractor":10,"stat.useItem.betteranimalsplus.venisonraw":5,"stat.pickup.minecraft.iron_block":1,"stat.killEntity.Zombie":100,"stat.craftItem.minecraft.dye":12,"stat.mineBlock.minecraft.gold_ore":10,"stat.diveOneCm":88895,"stat.pickup.minecraft.wheat":34,"stat.mineBlock.minecraft.mossy_cobblestone":38,"stat.mineBlock.rebornmod.phoenix_log_petrified":1,"stat.craftItem.minecraft.cooked_porkchop":48,"stat.useItem.minecraft.chicken":7,"stat.killEntity.grimoireofgaia.vase":2,"stat.useItem.minecraft.rotten_flesh":21,"stat.craftItem.minecraft.diamond_sword":1,"stat.jump":6691,"stat.pickup.minecraft.coal":151,"stat.pickup.minecraft.iron_ingot":3,"stat.pickup.minecraft.gunpowder":3,"stat.pickup.minecraft.dirt":76,"stat.pickup.evilcraft.dark_gem_crushed":38,"stat.pickup.artifacts.cobalt_shield":1,"stat.pickup.minecraft.gold_ore":16,"stat.mineBlock.minecraft.lapis_ore":11,"stat.damageTaken":20263,"stat.mineBlock.minecraft.torch":29,"stat.craftItem.evilcraft.vein_sword":1,"stat.entityKilledBy.ZombieVillager":1,"stat.pickup.artifacts.thorn_pendant":1,"stat.useItem.securitycraft.reinforced_stone_slabs":7,"stat.pickup.minecraft.potato":1,"stat.entityKilledBy.Zombie":9,"stat.mineBlock.rebornmod.clear_glass":2,"stat.pickup.artifacts.shock_pendant":1,"stat.pickup.chococraft.ability_fruit":1,"stat.pickup.artifacts.obsidian_skull":1,"stat.pickup.evilcraft.dark_power_gem":9,"stat.pickup.artifacts.shiny_red_balloon":2,"stat.craftItem.minecraft.stone_slab":6,"stat.craftItem.securitycraft.universal_block_reinforcer_lvl1":1,"stat.useItem.minecraft.chest":1,"stat.pickup.rebornmod.crickets":3,"stat.entityKilledBy.grimoireofgaia.banshee":1,"stat.killEntity.grimoireofgaia.werecat":1,"stat.killEntity.betteranimalsplus.feralwolf":2,"stat.pickup.rebornmod.gypsum_powder":290,"stat.craftItem.evilcraft.blood_infuser":1,"stat.killEntity.grimoireofgaia.wither_cow":1,"stat.craftItem.minecraft.iron_chestplate":1,"stat.craftItem.evilcraft.promise":2,"stat.pickup.minecraft.ender_pearl":4,"stat.pickup.botania.managlass":4,"stat.useItem.minecraft.netherrack":3,"stat.mineBlock.minecraft.stonebrick":3,"stat.killEntity.grimoireofgaia.harpy":4,"stat.mineBlock.minecraft.glowstone":6,"stat.mobKills":474,"stat.pickup.minecraft.diamond_boots":1,"stat.craftItem.minecraft.shears":2,"stat.pickup.artifacts.whoopie_cushion":1,"stat.pickup.minecraft.diamond":133,"stat.pickup.minecraft.torch":78,"stat.pickup.evilcraft.werewolf_flesh":6,"stat.useItem.minecraft.string":1,"stat.craftItem.betteranimalsplus.venisoncooked":3,"stat.pickup.betteranimalsplus.antler":8,"stat.pickup.minecraft.deadbush":15,"stat.useItem.betteranimalsplus.venisoncooked":3,"stat.craftItem.minecraft.iron_axe":1,"stat.killEntity.Blaze":24,"stat.pickup.evilcraft.condensed_blood":26,"stat.pickup.minecraft.golden_boots":2,"stat.pickup.minecraft.glowstone_dust":27,"stat.pickup.minecraft.porkchop":94,"stat.craftItem.evilcraft.blood_infusion_core":2,"stat.pickup.betteranimalsplus.wolf_pelt_snowy":9,"stat.entityKilledBy.grimoireofgaia.succubus":1,"stat.pickup.minecraft.sand":15,"stat.entityKilledBy.Spider":1,"stat.pickup.betteranimalsplus.deerhead_1":1,"stat.pickup.betternether.egg_plant":3,"stat.killEntity.betteranimalsplus.fox":1,"stat.pickup.artifacts.power_glove":1,"stat.pickup.betternether.smoker":1,"stat.useItem.minecraft.ender_pearl":1,"stat.craftItem.minecraft.blaze_powder":6,"stat.mineBlock.rebornmod.reinforced_stone":2,"stat.drop.evilcraft.vengeance_pickaxe":2,"stat.pickup.artifacts.night_vision_goggles":4,"stat.pickup.galacticraftcore.oxygen_mask":2,"stat.pickup.rebornmod.frozen_leech":2,"stat.useItem.evilcraft.vein_sword":66,"stat.useItem.minecraft.cooked_mutton":5,"stat.pickup.minecraft.furnace":2,"stat.pickup.grimoireofgaia.food_nether_wart":1,"stat.pickup.minecraft.iron_chestplate":2,"stat.pickup.galacticraftcore.oxygen_tank_heavy_full":3,"stat.pickup.minecraft.skull":2,"stat.killEntity.Horse":6,"stat.useItem.evilcraft.reinforced_undead_plank":25,"stat.pickup.evilcraft.ender_tear":2,"stat.mineBlock.minecraft.soul_sand":4,"stat.killEntity.betteranimalsplus.songbird":1,"stat.playOneMinute":577687,"stat.pickup.minecraft.blaze_rod":66,"stat.useItem.hammertime.itemaxeiron":1,"stat.pickup.minecraft.netherrack":47,"stat.useItem.minecraft.fish":2,"stat.mineBlock.minecraft.netherrack":50,"stat.pickup.securitycraft.door_indestructible_iron_item":1,"stat.pickup.betteranimalsplus.venisonraw":8,"stat.useItem.minecraft.experience_bottle":6,"stat.fallOneCm":167599,"stat.pickup.artifacts.pocket_piston":2,"stat.craftItem.minecraft.chest":2,"stat.drop.minecraft.book":1,"stat.pickup.minecraft.golden_leggings":2,"stat.craftItem.evilcraft.broom_part":6,"stat.pickup.minecraft.feather":22,"stat.craftItem.minecraft.wooden_button":2,"stat.killEntity.Llama":2,"stat.mineBlock.minecraft.gravel":4,"stat.useItem.minecraft.stone_pickaxe":80,"stat.craftItem.minecraft.iron_leggings":1,"stat.mineBlock.evilcraft.reinforced_undead_plank":1,"stat.useItem.minecraft.torch":63,"stat.pickup.minecraft.iron_nugget":15,"stat.craftItem.minecraft.redstone_block":1,"stat.pickup.minecraft.crafting_table":10,"stat.craftItem.minecraft.crafting_table":5,"stat.craftItem.botania.invisibilitycloak":1,"stat.useItem.rebornmod.goat_raw":6,"stat.killEntity.LavaSlime":1,"stat.pickup.minecraft.log":125,"stat.mineBlock.galacticraftcore.basic_block_core":38,"stat.craftItem.usefulbackpacks.backpack":5,"stat.drop.minecraft.planks":48,"stat.pickup.minecraft.sapling":23,"stat.entityKilledBy.Enderman":2,"stat.killEntity.PolarBear":5,"stat.craftItem.minecraft.deadbush":20,"stat.killEntity.WitherSkeleton":12,"stat.drop.evilcraft.dark_power_gem":1,"stat.craftItem.minecraft.cooked_chicken":27,"stat.pickup.rebornmod.phoenix_log_petrified":1,"stat.sneakTime":7885,"stat.entityKilledBy.Blaze":1,"stat.pickup.minecraft.stone_slab":11,"stat.drop.minecraft.yellow_flower":1,"stat.pickup.minecraft.yellow_flower":2,"stat.killEntity.grimoireofgaia.minotaurus":1,"stat.craftItem.minecraft.diamond_chestplate":1,"stat.pickup.minecraft.bone":40,"stat.mineBlock.rebornmod.ice_age_shard":6,"stat.pickup.evilcraft.blood_extractor":2,"stat.killEntity.grimoireofgaia.dryad":1,"stat.useItem.minecraft.diamond_sword":1080,"stat.drop.galacticraftcore.oxygen_mask":1,"stat.craftItem.minecraft.diamond_helmet":1,"stat.swimOneCm":73283,"stat.climbOneCm":14156,"stat.craftItem.betteranimalsplus.wolf_cape_classic":1,"stat.mineBlock.evilcraft.dark_ore":46,"stat.craftItem.minecraft.gold_block":1,"stat.pickup.chococraft.chocobo_drumstick_raw":3,"stat.useItem.minecraft.dirt":39,"stat.killEntity.betteranimalsplus.boar":1,"stat.pickup.rebornmod.goat_raw":6,"stat.killEntity.artifacts.mimic":15,"stat.pickup.rebornmod.twig_fossil":1,"stat.pickup.minecraft.enchanting_table":2,"stat.craftItem.minecraft.trapdoor":2,"stat.drop.minecraft.ender_pearl":1,"stat.craftItem.minecraft.stone_pickaxe":1,"stat.pickup.minecraft.cobblestone":1047,"stat.pickup.minecraft.soul_sand":4,"stat.useItem.minecraft.cooked_beef":6,"stat.pickup.minecraft.redstone":79,"stat.pickup.betteranimalsplus.wolf_pelt_black":2,"stat.mineBlock.minecraft.iron_ore":101,"stat.pickup.rebornmod.amber":5,"stat.pickup.minecraft.mutton":5,"stat.pickup.minecraft.mossy_cobblestone":37,"stat.pickup.minecraft.stonebrick":3,"stat.pickup.galacticraftcore.basic_block_core":46,"stat.useItem.minecraft.cooked_porkchop":48,"stat.drop.evilcraft.dark_gem":21,"stat.mineBlock.minecraft.nether_brick":39,"stat.pickup.rebornmod.plant_fossil":4,"stat.craftItem.minecraft.stone_slab2":0,"stat.craftItem.minecraft.stick":28,"stat.useItem.minecraft.stone_slab":13,"stat.craftItem.minecraft.stone":67,"stat.mineBlock.minecraft.crafting_table":10,"stat.useItem.minecraft.diamond_pickaxe":130,"stat.pickup.botania.flower":15,"stat.entityKilledBy.Creeper":1,"stat.drop":42,"stat.killEntity.Sheep":4,"stat.craftItem.hammertime.itemhammeriron":2,"stat.pickup.minecraft.golden_chestplate":1,"stat.craftItem.minecraft.diamond_pickaxe":1,"stat.pickup.artifacts.bottled_cloud":1,"stat.craftItem.securitycraft.universal_block_remover":1,"stat.mineBlock.botania.doubleflower2":1,"stat.pickup.minecraft.gravel":3,"stat.pickup.rebornmod.ginkgo_log":1,"stat.useItem.minecraft.porkchop":6,"stat.useItem.minecraft.potion":7,"stat.craftItem.minecraft.bread":11,"stat.drop.evilcraft.blood_extractor":3,"stat.pickup.minecraft.spider_eye":70,"stat.craftItem.minecraft.iron_helmet":1,"stat.mineBlock.rebornmod.plant_fossil_block":10,"stat.useItem.minecraft.cooked_chicken":27,"stat.drop.minecraft.glass":4,"stat.pickup.minecraft.iron_ore":126,"stat.craftItem.minecraft.flint_and_steel":1,"stat.pickup.minecraft.leather":45,"stat.mineBlock.minecraft.furnace":2,"stat.useItem.minecraft.wooden_pickaxe":59,"stat.pickup.evilcraft.dark_gem":125,"stat.pickup.minecraft.reeds":2,"stat.pickup.minecraft.prismarine_crystals":2,"stat.pickup.securitycraft.reinforced_stone_slabs":14,"stat.mineBlock.rebornmod.gypsum_stone":33,"stat.damageDealt":85273,"stat.craftItem.minecraft.glass":69,"stat.craftItem.minecraft.bowl":4,"stat.sleepInBed":1,"stat.killEntity.Cow":6,"stat.pickup.minecraft.minecart":1,"stat.killEntity.Pig":51,"stat.craftItem.hammertime.itemaxeiron":1,"stat.craftItem.minecraft.iron_sword":2,"stat.pickup.grimoireofgaia.food_meat":1,"stat.walkOneCm":1393274,"stat.pickup.evilcraft.undead_log":35,"stat.pickup.galacticraftcore.basic_item":59,"stat.pickup.minecraft.tnt":1,"stat.entityKilledBy.grimoireofgaia.minotaurus":3,"stat.pickup.minecraft.stone":180,"stat.useItem.evilcraft.vengeance_pickaxe":189,"stat.killEntity.Skeleton":13,"stat.pickup.evilcraft.blood_infuser":1,"stat.pickup.grimoireofgaia.misc_soul_fiery":1,"stat.killEntity.Chicken":34,"stat.killEntity.Spider":121,"stat.pickup.minecraft.bread":3,"stat.mineBlock.minecraft.quartz_ore":11,"stat.killEntity.Mule":7,"stat.pickup.minecraft.quartz":24,"stat.useItem.minecraft.golden_apple":2,"stat.mineBlock.minecraft.leaves":188,"stat.entityKilledBy.grimoireofgaia.baphomet":3,"stat.mineBlock.minecraft.redstone_ore":6,"stat.mineBlock.minecraft.stone":305}