{"stat.useItem.minecraft.string":1,"stat.craftItem.betteranimalsplus.venisoncooked":3,"stat.pickup.betteranimalsplus.antler":8,"stat.leaveGame":3,"stat.pickup.minecraft.deadbush":15,"stat.useItem.betteranimalsplus.venisoncooked":3,"stat.craftItem.minecraft.iron_axe":1,"stat.mineBlock.minecraft.web":2,"stat.pickup.minecraft.golden_boots":1,"stat.drop.minecraft.feather":1,"stat.pickup.minecraft.porkchop":87,"stat.craftItem.evilcraft.blood_infusion_core":1,"stat.pickup.betteranimalsplus.wolf_pelt_snowy":6,"stat.pickup.minecraft.rotten_flesh":67,"stat.craftItem.evilcraft.bowl_of_promises":2,"stat.pickup.minecraft.sand":14,"stat.entityKilledBy.Spider":1,"stat.killEntity.Donkey":3,"stat.pickup.betteranimalsplus.deerhead_1":1,"stat.killEntity.betteranimalsplus.fox":1,"stat.killEntity.Enderman":3,"stat.mineBlock.rebornmod.amber_ore":2,"stat.entityKilledBy.artifacts.mimic":6,"stat.craftItem.evilcraft.darkened_apple":2,"stat.mineBlock.rebornmod.reinforced_stone":2,"stat.drop.rebornmod.plant_fossil":1,"stat.useItem.minecraft.iron_pickaxe":471,"stat.craftItem.minecraft.wooden_pickaxe":1,"stat.useItem.evilcraft.undead_sapling":4,"stat.mineBlock.minecraft.vine":1,"stat.pickup.artifacts.feral_claws":1,"stat.furnaceInteraction":67,"stat.pickup.artifacts.night_vision_goggles":3,"stat.drop.minecraft.gravel":2,"stat.mineBlock.botania.flower":15,"stat.pickup.galacticraftcore.oxygen_mask":2,"stat.pickup.rebornmod.frozen_leech":2,"stat.pickup.rebornmod.ginkgo_log_petrified":5,"stat.craftItem.evilcraft.dark_stick":12,"stat.pickup.rebornmod.display_block_item":6,"stat.pickup.minecraft.beef":11,"stat.useItem.minecraft.cooked_mutton":5,"stat.pickup.minecraft.furnace":2,"stat.craftItem.chococraft.chocobo_drumstick_cooked":3,"stat.mineBlock.rebornmod.moss":3,"stat.pickup.minecraft.iron_chestplate":1,"stat.useItem.evilcraft.undead_log":3,"stat.killEntity.Horse":5,"stat.useItem.minecraft.lingering_potion":1,"stat.pickup.evilcraft.ender_tear":1,"stat.useItem.minecraft.dye":11,"stat.deaths":30,"stat.killEntity.betteranimalsplus.songbird":1,"stat.pickup.minecraft.egg":10,"stat.playOneMinute":295328,"stat.useItem.hammertime.itemaxeiron":1,"stat.craftItem.minecraft.iron_pickaxe":2,"stat.pickup.rebornmod.moss":3,"stat.mineBlock.minecraft.tallgrass":46,"stat.craftItem.minecraft.cooked_mutton":5,"stat.entityKilledBy.grimoireofgaia.creep":2,"stat.chestOpened":78,"stat.useItem.minecraft.splash_potion":1,"stat.killEntity.betteranimalsplus.goose":6,"stat.pickup.botania.mushroom":1,"stat.useItem.minecraft.stone":4,"stat.pickup.minecraft.arrow":9,"stat.mineBlock.evilcraft.blood_infuser":1,"stat.pickup.securitycraft.door_indestructible_iron_item":1,"stat.killEntity.Vex":1,"stat.pickup.betteranimalsplus.venisonraw":8,"stat.entityKilledBy.Vex":1,"stat.useItem.hammertime.itemhammeriron":1,"stat.useItem.minecraft.experience_bottle":5,"stat.fallOneCm":96225,"stat.craftItem.evilcraft.dark_spike":16,"stat.crouchOneCm":14154,"stat.craftItem.minecraft.iron_ingot":56,"stat.craftItem.minecraft.chest":2,"stat.drop.minecraft.book":1,"stat.pickup.minecraft.golden_leggings":1,"stat.pickup.evilcraft.hardened_blood_shard":40,"stat.craftingTableInteraction":58,"stat.mineBlock.evilcraft.undead_log":4,"stat.pickup.minecraft.feather":21,"stat.pickup.minecraft.dye":142,"stat.pickup.minecraft.planks":24,"stat.killEntity.Llama":2,"stat.pickup.minecraft.wheat_seeds":83,"stat.mineBlock.minecraft.gravel":3,"stat.useItem.minecraft.stone_pickaxe":80,"stat.craftItem.minecraft.iron_leggings":1,"stat.mineBlock.rebornmod.display_block":4,"stat.pickup.minecraft.ice":2,"stat.mineBlock.minecraft.dirt":21,"stat.pickup.evilcraft.origins_of_darkness":1,"stat.useItem.minecraft.torch":30,"stat.useItem.minecraft.bread":7,"stat.pickup.minecraft.iron_nugget":7,"stat.craftItem.evilcraft.vengeance_pickaxe":1,"stat.pickup.minecraft.crafting_table":6,"stat.useItem.minecraft.cobblestone":24,"stat.craftItem.minecraft.crafting_table":2,"stat.pickup.minecraft.log":120,"stat.mineBlock.galacticraftcore.basic_block_core":38,"stat.pickup.betteranimalsplus.wolfhead_1":1,"stat.mineBlock.evilcraft.hardened_blood":37,"stat.craftItem.usefulbackpacks.backpack":5,"stat.craftItem.minecraft.gold_ingot":40,"stat.drop.minecraft.planks":48,"stat.pickup.minecraft.chicken":34,"stat.mineBlock.rebornmod.ginkgo_log_petrified":5,"stat.pickup.minecraft.sapling":23,"stat.entityKilledBy.Enderman":2,"stat.pickup.minecraft.apple":2,"stat.craftItem.minecraft.planks":104,"stat.useItem.minecraft.iron_sword":468,"stat.killEntity.PolarBear":2,"stat.entityKilledBy.Wolf":1,"stat.craftItem.minecraft.deadbush":20,"stat.useItem.minecraft.stonebrick":12,"stat.mineBlock.minecraft.log":43,"stat.craftItem.minecraft.cooked_chicken":27,"stat.pickup.rebornmod.phoenix_log_petrified":1,"stat.sneakTime":5218,"stat.pickup.minecraft.wool":26,"stat.killEntity.betteranimalsplus.badger":5,"stat.useItem.minecraft.wooden_axe":19,"stat.pickup.minecraft.lingering_potion":1,"stat.pickup.minecraft.bone":6,"stat.mineBlock.rebornmod.ice_age_shard":6,"stat.useItem.minecraft.iron_axe":100,"stat.mineBlock.minecraft.cobblestone":8,"stat.pickup.evilcraft.blood_extractor":1,"stat.killEntity.grimoireofgaia.dryad":1,"stat.pickup.minecraft.flint":2,"stat.useItem.minecraft.diamond_sword":274,"stat.drop.galacticraftcore.oxygen_mask":1,"stat.craftItem.evilcraft.undead_plank":124,"stat.swimOneCm":43718,"stat.climbOneCm":7094,"stat.mineBlock.evilcraft.dark_ore":32,"stat.pickup.chococraft.chocobo_drumstick_raw":3,"stat.useItem.minecraft.dirt":16,"stat.killEntity.betteranimalsplus.boar":1,"stat.useItem.minecraft.stone_slab2":33,"stat.craftItem.minecraft.furnace":1,"stat.killEntity.artifacts.mimic":6,"stat.pickup.rebornmod.twig_fossil":1,"stat.useItem.minecraft.egg":3,"stat.craftItem.minecraft.iron_boots":1,"stat.craftItem.minecraft.stone_pickaxe":1,"stat.craftItem.minecraft.cooked_beef":6,"stat.mineBlock.rebornmod.ginkgo_log":1,"stat.pickup.minecraft.cobblestone":590,"stat.flyOneCm":1017086,"stat.pickup.minecraft.fish":3,"stat.killEntity.betteranimalsplus.deer":4,"stat.useItem.minecraft.cooked_beef":6,"stat.pickup.minecraft.redstone":56,"stat.pickup.betteranimalsplus.wolf_pelt_black":2,"stat.mineBlock.minecraft.iron_ore":101,"stat.pickup.rebornmod.amber":3,"stat.timeSinceDeath":18956,"stat.pickup.minecraft.mutton":5,"stat.killEntity.grimoireofgaia.chest":1,"stat.craftItem.minecraft.iron_block":1,"stat.craftItem.minecraft.stonebrick":56,"stat.pickup.minecraft.stonebrick":3,"stat.pickup.galacticraftcore.basic_block_core":36,"stat.killEntity.Wolf":3,"stat.useItem.minecraft.cooked_porkchop":6,"stat.drop.evilcraft.dark_gem":19,"stat.mineBlock.minecraft.coal_ore":65,"stat.killEntity.Creeper":1,"stat.pickup.rebornmod.plant_fossil":4,"stat.talkedToVillager":1,"stat.pickup.minecraft.string":6,"stat.mineBlock.rebornmod.ginkgo_leaves":2,"stat.entityKilledBy.Skeleton":4,"stat.craftItem.minecraft.stone_slab2":0,"stat.sprintOneCm":861363,"stat.craftItem.minecraft.stick":24,"stat.craftItem.minecraft.wooden_axe":1,"stat.craftItem.minecraft.stone":59,"stat.mineBlock.minecraft.diamond_ore":20,"stat.craftItem.evilcraft.blood_extractor":5,"stat.mineBlock.minecraft.crafting_table":6,"stat.pickup.botania.flower":15,"stat.entityKilledBy.Creeper":1,"stat.useItem.betteranimalsplus.venisonraw":5,"stat.drop":28,"stat.killEntity.Sheep":4,"stat.craftItem.hammertime.itemhammeriron":1,"stat.pickup.minecraft.golden_chestplate":1,"stat.pickup.minecraft.iron_block":1,"stat.killEntity.Zombie":55,"stat.craftItem.minecraft.dye":12,"stat.pickup.artifacts.bottled_cloud":1,"stat.mineBlock.minecraft.gold_ore":10,"stat.diveOneCm":40436,"stat.pickup.minecraft.wheat":34,"stat.mineBlock.botania.doubleflower2":1,"stat.mineBlock.rebornmod.phoenix_log_petrified":1,"stat.pickup.minecraft.gravel":3,"stat.craftItem.minecraft.cooked_porkchop":25,"stat.pickup.rebornmod.ginkgo_log":1,"stat.useItem.minecraft.porkchop":5,"stat.killEntity.grimoireofgaia.vase":1,"stat.useItem.minecraft.potion":3,"stat.useItem.minecraft.rotten_flesh":19,"stat.craftItem.minecraft.diamond_sword":1,"stat.jump":4344,"stat.pickup.minecraft.coal":131,"stat.pickup.minecraft.iron_ingot":3,"stat.craftItem.minecraft.bread":4,"stat.drop.evilcraft.blood_extractor":2,"stat.pickup.minecraft.spider_eye":2,"stat.pickup.minecraft.dirt":23,"stat.craftItem.minecraft.iron_helmet":1,"stat.pickup.evilcraft.dark_gem_crushed":18,"stat.mineBlock.rebornmod.plant_fossil_block":10,"stat.useItem.minecraft.cooked_chicken":27,"stat.pickup.artifacts.cobalt_shield":1,"stat.pickup.minecraft.iron_ore":118,"stat.pickup.minecraft.gold_ore":10,"stat.mineBlock.minecraft.lapis_ore":11,"stat.craftItem.minecraft.flint_and_steel":1,"stat.damageTaken":11813,"stat.pickup.minecraft.leather":26,"stat.mineBlock.minecraft.furnace":2,"stat.mineBlock.minecraft.torch":9,"stat.useItem.minecraft.wooden_pickaxe":59,"stat.pickup.evilcraft.dark_gem":83,"stat.entityKilledBy.ZombieVillager":1,"stat.pickup.artifacts.thorn_pendant":1,"stat.pickup.minecraft.potato":1,"stat.entityKilledBy.Zombie":9,"stat.mineBlock.rebornmod.gypsum_stone":33,"stat.damageDealt":34508,"stat.mineBlock.rebornmod.clear_glass":2,"stat.craftItem.minecraft.bowl":4,"stat.pickup.artifacts.shock_pendant":1,"stat.killEntity.Cow":6,"stat.pickup.minecraft.minecart":1,"stat.pickup.artifacts.obsidian_skull":1,"stat.killEntity.Pig":46,"stat.craftItem.hammertime.itemaxeiron":1,"stat.craftItem.minecraft.iron_sword":2,"stat.pickup.evilcraft.dark_power_gem":4,"stat.walkOneCm":719369,"stat.pickup.evilcraft.undead_log":35,"stat.useItem.minecraft.chest":1,"stat.pickup.rebornmod.crickets":3,"stat.killEntity.betteranimalsplus.feralwolf":2,"stat.pickup.rebornmod.gypsum_powder":276,"stat.craftItem.evilcraft.blood_infuser":1,"stat.pickup.galacticraftcore.basic_item":8,"stat.pickup.minecraft.tnt":1,"stat.entityKilledBy.grimoireofgaia.minotaurus":1,"stat.pickup.minecraft.stone":106,"stat.craftItem.minecraft.iron_chestplate":1,"stat.craftItem.evilcraft.promise":1,"stat.pickup.minecraft.ender_pearl":1,"stat.useItem.evilcraft.vengeance_pickaxe":22,"stat.killEntity.Skeleton":6,"stat.pickup.evilcraft.blood_infuser":1,"stat.mineBlock.minecraft.stonebrick":3,"stat.killEntity.Chicken":34,"stat.killEntity.Spider":3,"stat.pickup.minecraft.bread":3,"stat.killEntity.grimoireofgaia.harpy":2,"stat.mobKills":219,"stat.killEntity.Mule":5,"stat.pickup.minecraft.diamond_boots":1,"stat.craftItem.minecraft.shears":1,"stat.pickup.minecraft.diamond":34,"stat.mineBlock.minecraft.leaves":164,"stat.pickup.minecraft.torch":52,"stat.mineBlock.minecraft.redstone_ore":3,"stat.pickup.evilcraft.werewolf_flesh":4,"stat.mineBlock.minecraft.stone":257}