{"stat.useItem.minecraft.bow":14,"stat.useItem.botania.flowerbag":1,"stat.leaveGame":14,"stat.craftItem.twilightforest.ironwood_chestplate":1,"stat.craftItem.botania.lexicon":1,"stat.craftItem.minecraft.shield":4,"stat.mineBlock.minecraft.web":1,"stat.mineBlock.rebornmod.bennettitalean_cycadeoidea":1,"stat.pickup.minecraft.rotten_flesh":79,"stat.craftItem.minecraft.stone_axe":1,"stat.craftItem.betternether.cincinnasite_forged":3,"stat.entityKilledBy.artifacts.mimic":1,"stat.killEntity.betteranimalsplus.brownbear":1,"stat.pickup.minecraft.brown_mushroom":5,"stat.entityKilledBy.Chicken":1,"stat.useItem.minecraft.iron_pickaxe":509,"stat.craftItem.minecraft.wooden_pickaxe":1,"stat.pickup.rebornmod.fossil_block_0":1,"stat.craftItem.minecraft.bed":3,"stat.mineBlock.minecraft.vine":6,"stat.mineBlock.minecraft.sticky_piston":5,"stat.furnaceInteraction":99,"stat.mineBlock.botania.flower":116,"stat.mineBlock.betternether.magma_flower":1,"stat.pickup.rebornmod.display_block_item":7,"stat.pickup.botania.livingwood":31,"stat.pickup.minecraft.beef":7,"stat.craftItem.botania.pool":1,"stat.useItem.minecraft.flint_and_steel":5,"stat.useItem.minecraft.wheat_seeds":163,"stat.pickup.rebornmod.reinforced_stone":2,"stat.pickup.betternether.cincinnasite_pillar":1,"stat.pickup.minecraft.emerald":19,"stat.useItem.botania.twigwand":37,"stat.craftItem.betternether.cincinnasite_axe":1,"stat.deaths":35,"stat.pickup.minecraft.egg":6,"stat.craftItem.minecraft.iron_pickaxe":2,"stat.pickup.artifacts.panic_necklace":1,"stat.mineBlock.minecraft.tallgrass":880,"stat.craftItem.minecraft.cooked_mutton":7,"stat.pickup.minecraft.cooked_mutton":12,"stat.chestOpened":154,"stat.killEntity.betteranimalsplus.goose":4,"stat.pickup.botania.mushroom":8,"stat.useItem.minecraft.stone":49,"stat.pickup.minecraft.arrow":15,"stat.pickup.minecraft.gold_nugget":10,"stat.entityKilledBy.Vex":1,"stat.mineBlock.botania.mushroom":6,"stat.pickup.minecraft.carrot":2,"stat.crouchOneCm":34547,"stat.pickup.minecraft.rail":4,"stat.craftItem.minecraft.iron_ingot":123,"stat.craftingTableInteraction":83,"stat.pickup.betternether.stalagnate_stem":4,"stat.pickup.minecraft.dye":41,"stat.pickup.minecraft.planks":3,"stat.pickup.minecraft.wheat_seeds":325,"stat.killEntity.grimoireofgaia.vase_nether":1,"stat.mineBlock.rebornmod.display_block":6,"stat.pickup.minecraft.ice":1,"stat.mineBlock.minecraft.dirt":58,"stat.pickup.artifacts.tiny_shirt":1,"stat.useItem.minecraft.bread":63,"stat.useItem.minecraft.cobblestone":224,"stat.pickup.minecraft.magma":3,"stat.useItem.minecraft.gravel":2,"stat.mineBlock.minecraft.double_plant":56,"stat.mineBlock.betternether.cincinnasite_ore":24,"stat.drop.betternether.cincinnasite_axe":1,"stat.pickup.minecraft.iron_pickaxe":1,"stat.useItem.minecraft.yellow_flower":12,"stat.craftItem.minecraft.gold_ingot":7,"stat.pickup.minecraft.chicken":2,"stat.pickup.minecraft.apple":1,"stat.mineBlock.twilightforest.firefly":2,"stat.craftItem.minecraft.bucket":1,"stat.craftItem.minecraft.planks":160,"stat.useItem.minecraft.iron_sword":120,"stat.mineBlock.minecraft.log":73,"stat.killEntity.evilcraft.netherfish":1,"stat.killEntity.grimoireofgaia.succubus":2,"stat.pickup.minecraft.red_flower":12,"stat.pickup.minecraft.wool":51,"stat.pickup.betternether.stalagnate_seed":1,"stat.useItem.betternether.cincinnasite_wall":6,"stat.useItem.minecraft.wooden_axe":1,"stat.useItem.minecraft.iron_axe":265,"stat.mineBlock.minecraft.cobblestone":59,"stat.pickup.minecraft.flint":1,"stat.mineBlock.minecraft.yellow_flower":39,"stat.mineBlock.betternether.barrel_cactus":27,"stat.useItem.minecraft.skull":2,"stat.mineBlock.minecraft.concrete":2,"stat.mineBlock.betternether.cincinnasite_pillar":1,"stat.mineBlock.betternether.nether_cactus":71,"stat.pickup.minecraft.cooked_porkchop":29,"stat.useItem.minecraft.obsidian":20,"stat.pickup.minecraft.sticky_piston":5,"stat.useItem.chococraft.gysahl_green":64,"stat.useItem.minecraft.stone_slab2":96,"stat.pickup.minecraft.bow":4,"stat.pickup.minecraft.iron_boots":1,"stat.craftItem.minecraft.furnace":1,"stat.craftItem.betternether.cincinnasite_block":5,"stat.craftItem.minecraft.iron_boots":2,"stat.pickup.betternether.nether_reed":3,"stat.craftItem.minecraft.cooked_beef":7,"stat.mineBlock.minecraft.obsidian":13,"stat.flyOneCm":1360377,"stat.pickup.rebornmod.mealworm_beetles":2,"stat.timeSinceDeath":1705,"stat.useItem.twilightforest.ironwood_sword":151,"stat.mineBlock.botania.livingwood":31,"stat.useItem.minecraft.potato":1,"stat.pickup.minecraft.nether_wart":3,"stat.mineBlock.minecraft.coal_ore":127,"stat.killEntity.Creeper":1,"stat.talkedToVillager":3,"stat.pickup.minecraft.string":5,"stat.mineBlock.betternether.smoker":1,"stat.mineBlock.rebornmod.ginkgo_leaves":9,"stat.mineBlock.minecraft.ladder":4,"stat.pickup.betteranimalsplus.wolf_pelt_timber":2,"stat.entityKilledBy.Skeleton":3,"stat.sprintOneCm":1222580,"stat.mineBlock.minecraft.stone_slab":4,"stat.craftItem.minecraft.wooden_axe":1,"stat.useItem.carryon.tile_item":1,"stat.mineBlock.betternether.pig_statue_01":2,"stat.mineBlock.minecraft.diamond_ore":16,"stat.drop.betternether.ink_bush_seed":5,"stat.drop.grimoireofgaia.misc_soul_fiery":1,"stat.killEntity.Zombie":62,"stat.craftItem.minecraft.dye":1,"stat.mineBlock.minecraft.gold_ore":49,"stat.diveOneCm":53116,"stat.pickup.minecraft.wheat":225,"stat.craftItem.minecraft.cooked_porkchop":2,"stat.craftItem.twilightforest.ironwood_pickaxe":1,"stat.craftItem.botania.altar":1,"stat.pickup.minecraft.obsidian":13,"stat.useItem.minecraft.rotten_flesh":36,"stat.pickup.betternether.black_bush":1,"stat.pickup.betternether.cincinnasite_carved":5,"stat.jump":6823,"stat.pickup.minecraft.coal":186,"stat.pickup.minecraft.iron_ingot":35,"stat.craftItem.minecraft.torch":12,"stat.pickup.betternether.cincinnasite_wall":8,"stat.pickup.minecraft.dirt":79,"stat.pickup.minecraft.gold_ore":47,"stat.pickup.betternether.magma_flower":1,"stat.mineBlock.minecraft.lapis_ore":7,"stat.pickup.minecraft.iron_axe":1,"stat.damageTaken":17345,"stat.pickup.twilightforest.firefly":2,"stat.pickup.rebornmod.disc_jurassicraft_theme":1,"stat.mineBlock.minecraft.red_flower":9,"stat.mineBlock.minecraft.melon_block":2,"stat.mineBlock.minecraft.torch":1,"stat.pickup.minecraft.bed":2,"stat.pickup.minecraft.concrete":2,"stat.pickup.minecraft.potato":2,"stat.entityKilledBy.Zombie":9,"stat.pickup.botania.altar":1,"stat.mineBlock.rebornmod.clear_glass":2,"stat.pickup.chococraft.gysahl_green":69,"stat.mineBlock.twilightforest.root":17,"stat.pickup.twilightforest.liveroot":9,"stat.pickup.artifacts.shiny_red_balloon":1,"stat.drop.botania.petal":23,"stat.craftItem.minecraft.stone_slab":18,"stat.useItem.minecraft.chest":3,"stat.pickup.rebornmod.crickets":110,"stat.useItem.minecraft.tnt":1,"stat.killEntity.betteranimalsplus.feralwolf":1,"stat.pickup.rebornmod.gypsum_powder":45,"stat.mineBlock.betternether.cincinnasite_fire_bowl":2,"stat.useItem.minecraft.gold_ore":1,"stat.useItem.minecraft.lava_bucket":2,"stat.useItem.minecraft.melon":12,"stat.craftItem.minecraft.iron_chestplate":1,"stat.mineBlock.evilcraft.nether_monster_block":1,"stat.drop.minecraft.potato":1,"stat.craftItem.botania.turntable":1,"stat.pickup.minecraft.ladder":4,"stat.pickup.minecraft.cooked_beef":10,"stat.useItem.minecraft.netherrack":99,"stat.mineBlock.minecraft.tnt":1,"stat.mineBlock.minecraft.stonebrick":1,"stat.killEntity.grimoireofgaia.harpy":4,"stat.mineBlock.minecraft.glowstone":1,"stat.pickup.rebornmod.ginkgo_planks":3,"stat.mobKills":160,"stat.pickup.betternether.cincinnasite_pedestal":1,"stat.craftItem.botania.spreader":1,"stat.pickup.minecraft.diamond":16,"stat.pickup.minecraft.torch":3,"stat.pickup.evilcraft.werewolf_flesh":4,"stat.pickup.botania.livingrock":18,"stat.craftItem.minecraft.iron_axe":2,"stat.mineBlock.twilightforest.twilight_plant":31,"stat.mineBlock.betternether.nether_reed":2,"stat.useItem.minecraft.mutton":1,"stat.useItem.minecraft.planks":5,"stat.pickup.minecraft.glowstone_dust":4,"stat.pickup.minecraft.porkchop":2,"stat.useItem.minecraft.water_bucket":108,"stat.mineBlock.minecraft.stone_brick_stairs":1,"stat.entityKilledBy.grimoireofgaia.succubus":1,"stat.pickup.betternether.egg_plant":1,"stat.pickup.betternether.smoker":2,"stat.killEntity.twilightforest.kobold":4,"stat.mineBlock.rebornmod.reinforced_stone":2,"stat.drop.minecraft.diamond":1,"stat.pickup.twilightforest.ironwood_sword":1,"stat.pickup.rebornmod.frozen_leech":1,"stat.entityKilledBy.grimoireofgaia.harpy":1,"stat.useItem.minecraft.cooked_mutton":19,"stat.pickup.minecraft.furnace":2,"stat.pickup.minecraft.skull":4,"stat.useItem.betternether.cincinnasite_axe":328,"stat.useItem.botania.petal":4,"stat.mineBlock.betternether.cincinnasite_pedestal":1,"stat.pickup.rebornmod.bennettitalean_cycadeoidea":1,"stat.pickup.rebornmod.ginkgo_sapling":3,"stat.pickup.betternether.cincinnasite_fire_bowl":2,"stat.playOneMinute":498679,"stat.pickup.minecraft.netherrack":223,"stat.mineBlock.botania.specialflower":1,"stat.recordPlayed":6,"stat.mineBlock.minecraft.netherrack":270,"stat.craftItem.minecraft.iron_hoe":1,"stat.useItem.minecraft.experience_bottle":3,"stat.pickup.minecraft.cooked_chicken":2,"stat.fallOneCm":152687,"stat.drop.minecraft.stone":5,"stat.pickup.rebornmod.ginkgo_door_item":1,"stat.craftItem.minecraft.chest":7,"stat.mineBlock.betternether.cincinnasite_carved":5,"stat.pickup.minecraft.golden_leggings":1,"stat.pickup.minecraft.melon":12,"stat.mineBlock.botania.livingrock":19,"stat.useItem.minecraft.iron_hoe":172,"stat.drop.betternether.barrel_cactus":7,"stat.pickup.betternether.barrel_cactus":17,"stat.pickup.minecraft.feather":4,"stat.pickup.betternether.ink_bush_seed":5,"stat.useItem.minecraft.furnace":1,"stat.pickup.minecraft.lead":3,"stat.useItem.minecraft.stone_pickaxe":132,"stat.craftItem.minecraft.iron_leggings":1,"stat.pickup.betternether.cincinnasite":21,"stat.pickup.betternether.pig_statue_01":2,"stat.pickup.botania.specialflower":4,"stat.drop.minecraft.iron_axe":1,"stat.useItem.minecraft.torch":11,"stat.drop.botania.flower":1,"stat.pickup.minecraft.iron_nugget":13,"stat.pickup.minecraft.crafting_table":2,"stat.useItem.minecraft.log":29,"stat.craftItem.minecraft.crafting_table":4,"stat.pickup.betternether.cincinnasite_axe":1,"stat.mineBlock.minecraft.emerald_ore":19,"stat.pickup.minecraft.log":73,"stat.mineBlock.galacticraftcore.basic_block_core":3,"stat.mineBlock.betternether.cincinnasite_wall":8,"stat.pickup.artifacts.magma_stone":1,"stat.craftItem.usefulbackpacks.backpack":3,"stat.useItem.galacticraftcore.bucket_oil":2,"stat.pickup.minecraft.sapling":6,"stat.drop.rebornmod.crickets":32,"stat.craftItem.minecraft.cooked_chicken":2,"stat.sneakTime":15550,"stat.mineBlock.minecraft.cobblestone_wall":1,"stat.craftItem.botania.twigwand":1,"stat.drop.minecraft.yellow_flower":11,"stat.pickup.minecraft.stone_slab":5,"stat.mineBlock.minecraft.jukebox":1,"stat.pickup.minecraft.yellow_flower":37,"stat.killEntity.grimoireofgaia.minotaurus":3,"stat.pickup.minecraft.bone":11,"stat.craftItem.botania.petal":38,"stat.mineBlock.minecraft.brown_mushroom":1,"stat.swimOneCm":128705,"stat.climbOneCm":13098,"stat.drop.minecraft.brown_mushroom":2,"stat.useItem.minecraft.dirt":24,"stat.killEntity.betteranimalsplus.boar":3,"stat.craftItem.botania.livingrock0slab":6,"stat.mineBlock.betternether.nether_grass":7,"stat.drop.rebornmod.frozen_leech":1,"stat.drop.evilcraft.werewolf_flesh":1,"stat.killEntity.artifacts.mimic":5,"stat.pickup.rebornmod.twig_fossil":1,"stat.craftItem.minecraft.stone_pickaxe":1,"stat.mineBlock.minecraft.magma":4,"stat.pickup.minecraft.cobblestone":1784,"stat.drop.minecraft.wheat_seeds":13,"stat.useItem.minecraft.cooked_beef":8,"stat.pickup.minecraft.redstone":34,"stat.mineBlock.minecraft.iron_ore":209,"stat.useItem.grimoireofgaia.misc_soul_fiery":1,"stat.pickup.minecraft.mutton":17,"stat.pickup.minecraft.stonebrick":1,"stat.pickup.galacticraftcore.basic_block_core":16,"stat.drop.minecraft.dirt":2,"stat.useItem.minecraft.cooked_porkchop":18,"stat.pickup.rebornmod.plant_fossil":3,"stat.mineBlock.betternether.agave":25,"stat.craftItem.minecraft.stone_slab2":0,"stat.pickup.botania.petal":11,"stat.craftItem.botania.manaresource":4,"stat.useItem.botania.lexicon":5,"stat.craftItem.minecraft.stick":24,"stat.useItem.minecraft.stone_slab":12,"stat.craftItem.minecraft.stone":96,"stat.craftItem.minecraft.gold_nugget":54,"stat.mineBlock.minecraft.crafting_table":2,"stat.pickup.rebornmod.disc_troodons_and_raptors":1,"stat.craftItem.twilightforest.ironwood_sword":1,"stat.useItem.minecraft.diamond_pickaxe":116,"stat.useItem.minecraft.carrot":1,"stat.pickup.chococraft.gysahl_green_seeds":129,"stat.pickup.botania.flower":29,"stat.entityKilledBy.Creeper":4,"stat.mineBlock.minecraft.planks":3,"stat.drop":112,"stat.pickup.minecraft.jukebox":2,"stat.killEntity.Sheep":10,"stat.craftItem.hammertime.itemhammeriron":3,"stat.pickup.minecraft.slime_ball":2,"stat.craftItem.minecraft.diamond_pickaxe":1,"stat.drop.minecraft.bread":2,"stat.craftItem.minecraft.jukebox":1,"stat.mineBlock.botania.doubleflower1":3,"stat.pickup.minecraft.gravel":3,"stat.useItem.minecraft.apple":9,"stat.pickup.twilightforest.torchberries":24,"stat.pickup.minecraft.stone_brick_stairs":1,"stat.useItem.minecraft.stone_axe":5,"stat.craftItem.minecraft.bread":45,"stat.craftItem.minecraft.iron_helmet":2,"stat.mineBlock.rebornmod.plant_fossil_block":5,"stat.useItem.minecraft.cooked_chicken":4,"stat.pickup.minecraft.iron_ore":222,"stat.craftItem.minecraft.flint_and_steel":1,"stat.craftItem.twilightforest.ironwood_raw":7,"stat.pickup.minecraft.leather":22,"stat.craftItem.twilightforest.ironwood_ingot":14,"stat.useItem.minecraft.wooden_pickaxe":22,"stat.entityKilledBy.grimoireofgaia.nine_tails":1,"stat.pickup.evilcraft.dark_gem":9,"stat.pickup.betternether.nether_cactus":93,"stat.pickup.minecraft.reeds":10,"stat.mineBlock.rebornmod.gypsum_stone":4,"stat.useItem.twilightforest.ironwood_pickaxe":366,"stat.damageDealt":33483,"stat.pickup.betternether.agave":18,"stat.sleepInBed":11,"stat.killEntity.Cow":8,"stat.useItem.minecraft.crafting_table":1,"stat.killEntity.Pig":12,"stat.walkOneCm":1567510,"stat.pickup.minecraft.stick":23,"stat.pickup.rebornmod.disc_dont_move_a_muscle":4,"stat.mineBlock.botania.altar":1,"stat.craftItem.botania.flowerbag":1,"stat.pickup.minecraft.tnt":1,"stat.entityKilledBy.grimoireofgaia.minotaurus":6,"stat.pickup.minecraft.stone":118,"stat.mineBlock.betternether.netherrack_moss":3,"stat.pickup.betternether.netherrack_moss":1,"stat.killEntity.Skeleton":12,"stat.pickup.grimoireofgaia.misc_soul_fiery":2,"stat.killEntity.Chicken":4,"stat.drop.minecraft.crafting_table":1,"stat.killEntity.Spider":1,"stat.killEntity.Mule":1,"stat.mineBlock.minecraft.leaves":48,"stat.mineBlock.minecraft.piston":1,"stat.mineBlock.betternether.egg_plant":1,"stat.entityKilledBy.grimoireofgaia.baphomet":1,"stat.mineBlock.minecraft.redstone_ore":4,"stat.mineBlock.minecraft.stone":250,"stat.drop.twilightforest.ironwood_sword":1}