{"stat.useItem.minecraft.bow":14,"stat.leaveGame":11,"stat.craftItem.minecraft.iron_axe":2,"stat.mineBlock.twilightforest.twilight_plant":26,"stat.craftItem.twilightforest.ironwood_chestplate":1,"stat.mineBlock.betternether.nether_reed":2,"stat.useItem.minecraft.mutton":1,"stat.craftItem.minecraft.shield":2,"stat.mineBlock.minecraft.web":1,"stat.pickup.minecraft.glowstone_dust":4,"stat.pickup.minecraft.porkchop":2,"stat.useItem.minecraft.water_bucket":79,"stat.pickup.minecraft.rotten_flesh":34,"stat.entityKilledBy.grimoireofgaia.succubus":1,"stat.craftItem.minecraft.stone_axe":1,"stat.pickup.betternether.egg_plant":1,"stat.craftItem.betternether.cincinnasite_forged":3,"stat.entityKilledBy.artifacts.mimic":1,"stat.pickup.betternether.smoker":2,"stat.pickup.minecraft.brown_mushroom":5,"stat.killEntity.twilightforest.kobold":4,"stat.mineBlock.rebornmod.reinforced_stone":1,"stat.useItem.minecraft.iron_pickaxe":509,"stat.drop.minecraft.diamond":1,"stat.craftItem.minecraft.wooden_pickaxe":1,"stat.pickup.rebornmod.fossil_block_0":1,"stat.craftItem.minecraft.bed":1,"stat.furnaceInteraction":88,"stat.mineBlock.botania.flower":7,"stat.pickup.twilightforest.ironwood_sword":1,"stat.pickup.rebornmod.frozen_leech":1,"stat.mineBlock.betternether.magma_flower":1,"stat.entityKilledBy.grimoireofgaia.harpy":1,"stat.pickup.rebornmod.display_block_item":6,"stat.pickup.minecraft.beef":7,"stat.useItem.minecraft.cooked_mutton":7,"stat.pickup.minecraft.furnace":2,"stat.pickup.minecraft.skull":4,"stat.useItem.betternether.cincinnasite_axe":24,"stat.useItem.minecraft.flint_and_steel":5,"stat.useItem.minecraft.wheat_seeds":93,"stat.mineBlock.betternether.cincinnasite_pedestal":1,"stat.pickup.rebornmod.reinforced_stone":1,"stat.pickup.betternether.cincinnasite_pillar":1,"stat.craftItem.betternether.cincinnasite_axe":1,"stat.deaths":21,"stat.pickup.minecraft.egg":5,"stat.pickup.rebornmod.ginkgo_sapling":3,"stat.pickup.betternether.cincinnasite_fire_bowl":2,"stat.playOneMinute":314975,"stat.craftItem.minecraft.iron_pickaxe":1,"stat.pickup.artifacts.panic_necklace":1,"stat.mineBlock.minecraft.tallgrass":758,"stat.craftItem.minecraft.cooked_mutton":7,"stat.pickup.minecraft.netherrack":223,"stat.chestOpened":90,"stat.recordPlayed":6,"stat.pickup.botania.mushroom":2,"stat.useItem.minecraft.stone":30,"stat.mineBlock.minecraft.netherrack":270,"stat.pickup.minecraft.arrow":12,"stat.pickup.minecraft.gold_nugget":7,"stat.mineBlock.botania.mushroom":2,"stat.craftItem.minecraft.iron_hoe":1,"stat.useItem.minecraft.experience_bottle":3,"stat.pickup.minecraft.cooked_chicken":1,"stat.fallOneCm":86758,"stat.drop.minecraft.stone":5,"stat.crouchOneCm":27751,"stat.pickup.minecraft.rail":4,"stat.craftItem.minecraft.iron_ingot":123,"stat.craftItem.minecraft.chest":5,"stat.mineBlock.betternether.cincinnasite_carved":5,"stat.pickup.minecraft.golden_leggings":1,"stat.pickup.minecraft.melon":12,"stat.useItem.minecraft.iron_hoe":100,"stat.craftingTableInteraction":47,"stat.drop.betternether.barrel_cactus":7,"stat.pickup.betternether.barrel_cactus":17,"stat.pickup.minecraft.feather":2,"stat.pickup.betternether.ink_bush_seed":5,"stat.useItem.minecraft.furnace":1,"stat.pickup.betternether.stalagnate_stem":4,"stat.pickup.minecraft.dye":5,"stat.pickup.minecraft.planks":1,"stat.pickup.minecraft.wheat_seeds":122,"stat.pickup.minecraft.lead":3,"stat.useItem.minecraft.stone_pickaxe":132,"stat.craftItem.minecraft.iron_leggings":1,"stat.pickup.betternether.cincinnasite":21,"stat.killEntity.grimoireofgaia.vase_nether":1,"stat.mineBlock.rebornmod.display_block":5,"stat.pickup.minecraft.ice":1,"stat.mineBlock.minecraft.dirt":48,"stat.pickup.betternether.pig_statue_01":2,"stat.pickup.artifacts.tiny_shirt":1,"stat.drop.minecraft.iron_axe":1,"stat.useItem.minecraft.bread":10,"stat.drop.botania.flower":1,"stat.pickup.minecraft.iron_nugget":8,"stat.pickup.minecraft.crafting_table":2,"stat.useItem.minecraft.cobblestone":181,"stat.pickup.minecraft.magma":3,"stat.craftItem.minecraft.crafting_table":2,"stat.mineBlock.minecraft.double_plant":55,"stat.pickup.betternether.cincinnasite_axe":1,"stat.mineBlock.betternether.cincinnasite_ore":24,"stat.pickup.minecraft.log":34,"stat.drop.betternether.cincinnasite_axe":1,"stat.mineBlock.galacticraftcore.basic_block_core":3,"stat.mineBlock.betternether.cincinnasite_wall":8,"stat.pickup.minecraft.iron_pickaxe":1,"stat.useItem.minecraft.yellow_flower":12,"stat.craftItem.minecraft.gold_ingot":6,"stat.pickup.artifacts.magma_stone":1,"stat.pickup.minecraft.chicken":2,"stat.pickup.minecraft.sapling":2,"stat.mineBlock.twilightforest.firefly":2,"stat.drop.rebornmod.crickets":31,"stat.craftItem.minecraft.bucket":1,"stat.craftItem.minecraft.planks":136,"stat.useItem.minecraft.iron_sword":120,"stat.mineBlock.minecraft.log":34,"stat.craftItem.minecraft.cooked_chicken":2,"stat.killEntity.evilcraft.netherfish":1,"stat.killEntity.grimoireofgaia.succubus":2,"stat.pickup.minecraft.red_flower":8,"stat.sneakTime":12085,"stat.pickup.minecraft.wool":4,"stat.pickup.betternether.stalagnate_seed":1,"stat.useItem.betternether.cincinnasite_wall":6,"stat.useItem.minecraft.wooden_axe":1,"stat.drop.minecraft.yellow_flower":11,"stat.mineBlock.minecraft.jukebox":1,"stat.pickup.minecraft.yellow_flower":29,"stat.killEntity.grimoireofgaia.minotaurus":3,"stat.pickup.minecraft.bone":8,"stat.useItem.minecraft.iron_axe":179,"stat.mineBlock.minecraft.cobblestone":45,"stat.pickup.minecraft.flint":1,"stat.mineBlock.minecraft.yellow_flower":32,"stat.mineBlock.betternether.barrel_cactus":27,"stat.useItem.minecraft.skull":2,"stat.mineBlock.minecraft.brown_mushroom":1,"stat.mineBlock.betternether.cincinnasite_pillar":1,"stat.swimOneCm":99339,"stat.mineBlock.betternether.nether_cactus":71,"stat.climbOneCm":3193,"stat.drop.minecraft.brown_mushroom":2,"stat.useItem.minecraft.obsidian":20,"stat.useItem.chococraft.gysahl_green":64,"stat.useItem.minecraft.dirt":24,"stat.mineBlock.betternether.nether_grass":7,"stat.useItem.minecraft.stone_slab2":70,"stat.pickup.minecraft.bow":4,"stat.craftItem.minecraft.furnace":1,"stat.craftItem.betternether.cincinnasite_block":5,"stat.drop.evilcraft.werewolf_flesh":1,"stat.killEntity.artifacts.mimic":4,"stat.craftItem.minecraft.iron_boots":2,"stat.pickup.betternether.nether_reed":3,"stat.craftItem.minecraft.stone_pickaxe":1,"stat.craftItem.minecraft.cooked_beef":7,"stat.mineBlock.minecraft.obsidian":13,"stat.mineBlock.minecraft.magma":4,"stat.pickup.minecraft.cobblestone":1754,"stat.flyOneCm":694260,"stat.drop.minecraft.wheat_seeds":5,"stat.useItem.minecraft.cooked_beef":8,"stat.pickup.rebornmod.mealworm_beetles":2,"stat.pickup.minecraft.redstone":34,"stat.mineBlock.minecraft.iron_ore":171,"stat.timeSinceDeath":4247,"stat.useItem.grimoireofgaia.misc_soul_fiery":1,"stat.pickup.minecraft.mutton":8,"stat.useItem.twilightforest.ironwood_sword":151,"stat.useItem.minecraft.potato":1,"stat.pickup.minecraft.nether_wart":3,"stat.pickup.galacticraftcore.basic_block_core":16,"stat.useItem.minecraft.cooked_porkchop":2,"stat.mineBlock.minecraft.coal_ore":89,"stat.pickup.rebornmod.plant_fossil":3,"stat.pickup.minecraft.string":2,"stat.mineBlock.betternether.smoker":1,"stat.mineBlock.minecraft.ladder":4,"stat.pickup.betteranimalsplus.wolf_pelt_timber":2,"stat.mineBlock.betternether.agave":25,"stat.entityKilledBy.Skeleton":2,"stat.craftItem.minecraft.stone_slab2":0,"stat.sprintOneCm":693916,"stat.craftItem.minecraft.stick":20,"stat.craftItem.minecraft.wooden_axe":1,"stat.useItem.carryon.tile_item":1,"stat.mineBlock.betternether.pig_statue_01":2,"stat.craftItem.minecraft.stone":76,"stat.craftItem.minecraft.gold_nugget":54,"stat.mineBlock.minecraft.diamond_ore":12,"stat.mineBlock.minecraft.crafting_table":2,"stat.pickup.rebornmod.disc_troodons_and_raptors":1,"stat.craftItem.twilightforest.ironwood_sword":1,"stat.useItem.minecraft.diamond_pickaxe":90,"stat.pickup.chococraft.gysahl_green_seeds":129,"stat.pickup.botania.flower":6,"stat.entityKilledBy.Creeper":2,"stat.drop.betternether.ink_bush_seed":5,"stat.drop.grimoireofgaia.misc_soul_fiery":1,"stat.mineBlock.minecraft.planks":1,"stat.drop":75,"stat.pickup.minecraft.jukebox":2,"stat.killEntity.Sheep":3,"stat.craftItem.hammertime.itemhammeriron":3,"stat.pickup.minecraft.slime_ball":2,"stat.craftItem.minecraft.diamond_pickaxe":1,"stat.killEntity.Zombie":30,"stat.drop.minecraft.bread":2,"stat.mineBlock.minecraft.gold_ore":32,"stat.diveOneCm":33950,"stat.pickup.minecraft.wheat":16,"stat.craftItem.minecraft.jukebox":1,"stat.craftItem.minecraft.cooked_porkchop":2,"stat.craftItem.twilightforest.ironwood_pickaxe":1,"stat.useItem.minecraft.apple":7,"stat.pickup.minecraft.obsidian":13,"stat.pickup.twilightforest.torchberries":19,"stat.useItem.minecraft.rotten_flesh":35,"stat.pickup.betternether.black_bush":1,"stat.pickup.betternether.cincinnasite_carved":5,"stat.jump":3989,"stat.pickup.minecraft.coal":147,"stat.pickup.minecraft.iron_ingot":35,"stat.useItem.minecraft.stone_axe":5,"stat.craftItem.minecraft.bread":5,"stat.pickup.betternether.cincinnasite_wall":8,"stat.craftItem.minecraft.iron_helmet":2,"stat.pickup.minecraft.dirt":66,"stat.mineBlock.rebornmod.plant_fossil_block":3,"stat.useItem.minecraft.cooked_chicken":3,"stat.pickup.minecraft.iron_ore":186,"stat.pickup.minecraft.gold_ore":32,"stat.pickup.betternether.magma_flower":1,"stat.mineBlock.minecraft.lapis_ore":1,"stat.craftItem.minecraft.flint_and_steel":1,"stat.pickup.minecraft.iron_axe":1,"stat.craftItem.twilightforest.ironwood_raw":7,"stat.damageTaken":9287,"stat.pickup.minecraft.leather":15,"stat.pickup.twilightforest.firefly":2,"stat.pickup.rebornmod.disc_jurassicraft_theme":1,"stat.mineBlock.minecraft.red_flower":7,"stat.craftItem.twilightforest.ironwood_ingot":14,"stat.mineBlock.minecraft.melon_block":2,"stat.useItem.minecraft.wooden_pickaxe":22,"stat.entityKilledBy.grimoireofgaia.nine_tails":1,"stat.pickup.evilcraft.dark_gem":9,"stat.pickup.betternether.nether_cactus":93,"stat.pickup.minecraft.reeds":5,"stat.pickup.minecraft.bed":2,"stat.pickup.minecraft.potato":1,"stat.entityKilledBy.Zombie":5,"stat.mineBlock.rebornmod.gypsum_stone":4,"stat.useItem.twilightforest.ironwood_pickaxe":196,"stat.damageDealt":17213,"stat.mineBlock.rebornmod.clear_glass":1,"stat.pickup.betternether.agave":18,"stat.sleepInBed":6,"stat.pickup.chococraft.gysahl_green":69,"stat.killEntity.Cow":5,"stat.mineBlock.twilightforest.root":17,"stat.pickup.twilightforest.liveroot":9,"stat.killEntity.Pig":2,"stat.walkOneCm":943783,"stat.useItem.minecraft.chest":2,"stat.pickup.rebornmod.crickets":98,"stat.pickup.minecraft.stick":23,"stat.pickup.rebornmod.disc_dont_move_a_muscle":4,"stat.useItem.minecraft.tnt":1,"stat.killEntity.betteranimalsplus.feralwolf":1,"stat.pickup.rebornmod.gypsum_powder":45,"stat.mineBlock.betternether.cincinnasite_fire_bowl":2,"stat.useItem.minecraft.gold_ore":1,"stat.useItem.minecraft.lava_bucket":2,"stat.useItem.minecraft.melon":12,"stat.pickup.minecraft.tnt":1,"stat.entityKilledBy.grimoireofgaia.minotaurus":1,"stat.pickup.minecraft.stone":118,"stat.craftItem.minecraft.iron_chestplate":1,"stat.mineBlock.evilcraft.nether_monster_block":1,"stat.pickup.minecraft.ladder":4,"stat.pickup.minecraft.cooked_beef":1,"stat.useItem.minecraft.netherrack":99,"stat.mineBlock.betternether.netherrack_moss":3,"stat.pickup.betternether.netherrack_moss":1,"stat.killEntity.Skeleton":9,"stat.mineBlock.minecraft.tnt":1,"stat.pickup.grimoireofgaia.misc_soul_fiery":2,"stat.killEntity.Chicken":3,"stat.killEntity.grimoireofgaia.harpy":1,"stat.mineBlock.minecraft.glowstone":1,"stat.pickup.rebornmod.ginkgo_planks":3,"stat.mobKills":72,"stat.pickup.betternether.cincinnasite_pedestal":1,"stat.pickup.minecraft.diamond":12,"stat.mineBlock.minecraft.leaves":17,"stat.pickup.minecraft.torch":1,"stat.mineBlock.betternether.egg_plant":1,"stat.entityKilledBy.grimoireofgaia.baphomet":1,"stat.mineBlock.minecraft.redstone_ore":4,"stat.pickup.evilcraft.werewolf_flesh":4,"stat.mineBlock.minecraft.stone":232,"stat.drop.twilightforest.ironwood_sword":1}