{"stat.useItem.minecraft.bow":8,"stat.leaveGame":7,"stat.craftItem.minecraft.iron_axe":1,"stat.mineBlock.twilightforest.twilight_plant":26,"stat.craftItem.twilightforest.ironwood_chestplate":1,"stat.useItem.minecraft.mutton":1,"stat.craftItem.minecraft.shield":1,"stat.mineBlock.minecraft.web":1,"stat.pickup.minecraft.porkchop":2,"stat.useItem.minecraft.water_bucket":47,"stat.pickup.minecraft.rotten_flesh":23,"stat.craftItem.minecraft.stone_axe":1,"stat.pickup.minecraft.brown_mushroom":1,"stat.killEntity.twilightforest.kobold":4,"stat.mineBlock.rebornmod.reinforced_stone":1,"stat.useItem.minecraft.iron_pickaxe":268,"stat.drop.minecraft.diamond":1,"stat.craftItem.minecraft.wooden_pickaxe":1,"stat.craftItem.minecraft.bed":1,"stat.furnaceInteraction":58,"stat.mineBlock.botania.flower":1,"stat.entityKilledBy.grimoireofgaia.harpy":1,"stat.pickup.rebornmod.display_block_item":6,"stat.pickup.minecraft.beef":7,"stat.useItem.minecraft.cooked_mutton":7,"stat.pickup.minecraft.furnace":2,"stat.pickup.rebornmod.reinforced_stone":1,"stat.deaths":11,"stat.pickup.minecraft.egg":3,"stat.pickup.rebornmod.ginkgo_sapling":3,"stat.playOneMinute":189089,"stat.craftItem.minecraft.iron_pickaxe":1,"stat.mineBlock.minecraft.tallgrass":33,"stat.craftItem.minecraft.cooked_mutton":7,"stat.chestOpened":28,"stat.recordPlayed":6,"stat.pickup.botania.mushroom":2,"stat.useItem.minecraft.stone":30,"stat.pickup.minecraft.arrow":11,"stat.pickup.minecraft.gold_nugget":7,"stat.mineBlock.botania.mushroom":2,"stat.fallOneCm":58902,"stat.drop.minecraft.stone":5,"stat.crouchOneCm":13426,"stat.craftItem.minecraft.iron_ingot":70,"stat.craftItem.minecraft.chest":3,"stat.craftingTableInteraction":30,"stat.useItem.minecraft.furnace":1,"stat.pickup.minecraft.wheat_seeds":2,"stat.useItem.minecraft.stone_pickaxe":132,"stat.craftItem.minecraft.iron_leggings":1,"stat.mineBlock.rebornmod.display_block":5,"stat.mineBlock.minecraft.dirt":31,"stat.useItem.minecraft.bread":6,"stat.drop.botania.flower":1,"stat.pickup.minecraft.iron_nugget":1,"stat.pickup.minecraft.crafting_table":2,"stat.useItem.minecraft.cobblestone":114,"stat.craftItem.minecraft.crafting_table":2,"stat.mineBlock.minecraft.double_plant":9,"stat.pickup.minecraft.log":34,"stat.mineBlock.galacticraftcore.basic_block_core":3,"stat.pickup.minecraft.iron_pickaxe":1,"stat.useItem.minecraft.yellow_flower":12,"stat.craftItem.minecraft.gold_ingot":6,"stat.pickup.minecraft.chicken":2,"stat.pickup.minecraft.sapling":1,"stat.mineBlock.twilightforest.firefly":2,"stat.craftItem.minecraft.bucket":1,"stat.craftItem.minecraft.planks":80,"stat.useItem.minecraft.iron_sword":120,"stat.mineBlock.minecraft.log":34,"stat.craftItem.minecraft.cooked_chicken":2,"stat.pickup.minecraft.red_flower":4,"stat.sneakTime":7252,"stat.pickup.minecraft.wool":4,"stat.useItem.minecraft.wooden_axe":1,"stat.drop.minecraft.yellow_flower":11,"stat.mineBlock.minecraft.jukebox":1,"stat.pickup.minecraft.yellow_flower":27,"stat.killEntity.grimoireofgaia.minotaurus":3,"stat.pickup.minecraft.bone":7,"stat.useItem.minecraft.iron_axe":157,"stat.mineBlock.minecraft.cobblestone":33,"stat.pickup.minecraft.flint":1,"stat.mineBlock.minecraft.yellow_flower":27,"stat.mineBlock.minecraft.brown_mushroom":1,"stat.swimOneCm":78790,"stat.climbOneCm":1810,"stat.useItem.chococraft.gysahl_green":61,"stat.useItem.minecraft.dirt":24,"stat.useItem.minecraft.stone_slab2":47,"stat.pickup.minecraft.bow":3,"stat.craftItem.minecraft.furnace":1,"stat.drop.evilcraft.werewolf_flesh":1,"stat.killEntity.artifacts.mimic":1,"stat.craftItem.minecraft.iron_boots":1,"stat.craftItem.minecraft.stone_pickaxe":1,"stat.craftItem.minecraft.cooked_beef":7,"stat.mineBlock.minecraft.obsidian":13,"stat.pickup.minecraft.cobblestone":1434,"stat.flyOneCm":494509,"stat.useItem.minecraft.cooked_beef":5,"stat.pickup.minecraft.redstone":34,"stat.mineBlock.minecraft.iron_ore":135,"stat.timeSinceDeath":14827,"stat.pickup.minecraft.mutton":8,"stat.useItem.twilightforest.ironwood_sword":45,"stat.useItem.minecraft.potato":1,"stat.pickup.galacticraftcore.basic_block_core":11,"stat.useItem.minecraft.cooked_porkchop":2,"stat.mineBlock.minecraft.coal_ore":54,"stat.pickup.rebornmod.plant_fossil":2,"stat.pickup.minecraft.string":1,"stat.pickup.betteranimalsplus.wolf_pelt_timber":2,"stat.entityKilledBy.Skeleton":1,"stat.craftItem.minecraft.stone_slab2":0,"stat.sprintOneCm":435452,"stat.craftItem.minecraft.stick":20,"stat.craftItem.minecraft.wooden_axe":1,"stat.craftItem.minecraft.stone":76,"stat.craftItem.minecraft.gold_nugget":54,"stat.mineBlock.minecraft.diamond_ore":12,"stat.mineBlock.minecraft.crafting_table":2,"stat.pickup.rebornmod.disc_troodons_and_raptors":1,"stat.craftItem.twilightforest.ironwood_sword":1,"stat.useItem.minecraft.diamond_pickaxe":22,"stat.pickup.chococraft.gysahl_green_seeds":117,"stat.pickup.botania.flower":1,"stat.entityKilledBy.Creeper":1,"stat.drop":21,"stat.pickup.minecraft.jukebox":2,"stat.killEntity.Sheep":3,"stat.craftItem.hammertime.itemhammeriron":3,"stat.craftItem.minecraft.diamond_pickaxe":1,"stat.killEntity.Zombie":22,"stat.drop.minecraft.bread":2,"stat.mineBlock.minecraft.gold_ore":9,"stat.diveOneCm":26724,"stat.pickup.minecraft.wheat":2,"stat.craftItem.minecraft.jukebox":1,"stat.craftItem.minecraft.cooked_porkchop":2,"stat.craftItem.twilightforest.ironwood_pickaxe":1,"stat.useItem.minecraft.apple":5,"stat.pickup.minecraft.obsidian":13,"stat.pickup.twilightforest.torchberries":19,"stat.useItem.minecraft.rotten_flesh":24,"stat.jump":2709,"stat.pickup.minecraft.coal":112,"stat.pickup.minecraft.iron_ingot":1,"stat.useItem.minecraft.stone_axe":5,"stat.craftItem.minecraft.iron_helmet":1,"stat.pickup.minecraft.dirt":54,"stat.mineBlock.rebornmod.plant_fossil_block":1,"stat.useItem.minecraft.cooked_chicken":2,"stat.pickup.minecraft.iron_ore":146,"stat.pickup.minecraft.gold_ore":9,"stat.pickup.minecraft.iron_axe":1,"stat.craftItem.twilightforest.ironwood_raw":7,"stat.damageTaken":5731,"stat.pickup.minecraft.leather":13,"stat.pickup.twilightforest.firefly":2,"stat.pickup.rebornmod.disc_jurassicraft_theme":1,"stat.mineBlock.minecraft.red_flower":4,"stat.craftItem.twilightforest.ironwood_ingot":14,"stat.useItem.minecraft.wooden_pickaxe":22,"stat.entityKilledBy.grimoireofgaia.nine_tails":1,"stat.pickup.evilcraft.dark_gem":7,"stat.pickup.minecraft.reeds":5,"stat.pickup.minecraft.bed":1,"stat.pickup.minecraft.potato":1,"stat.entityKilledBy.Zombie":5,"stat.mineBlock.rebornmod.gypsum_stone":4,"stat.useItem.twilightforest.ironwood_pickaxe":29,"stat.damageDealt":11750,"stat.mineBlock.rebornmod.clear_glass":1,"stat.sleepInBed":6,"stat.pickup.chococraft.gysahl_green":61,"stat.killEntity.Cow":4,"stat.mineBlock.twilightforest.root":17,"stat.pickup.twilightforest.liveroot":9,"stat.killEntity.Pig":2,"stat.walkOneCm":521552,"stat.useItem.minecraft.chest":1,"stat.pickup.rebornmod.crickets":17,"stat.pickup.minecraft.stick":23,"stat.pickup.rebornmod.disc_dont_move_a_muscle":4,"stat.killEntity.betteranimalsplus.feralwolf":1,"stat.pickup.rebornmod.gypsum_powder":32,"stat.useItem.minecraft.gold_ore":1,"stat.entityKilledBy.grimoireofgaia.minotaurus":1,"stat.pickup.minecraft.stone":80,"stat.craftItem.minecraft.iron_chestplate":1,"stat.killEntity.Skeleton":8,"stat.killEntity.Chicken":2,"stat.killEntity.grimoireofgaia.harpy":1,"stat.pickup.rebornmod.ginkgo_planks":3,"stat.mobKills":51,"stat.pickup.minecraft.diamond":12,"stat.mineBlock.minecraft.leaves":14,"stat.pickup.minecraft.torch":1,"stat.mineBlock.minecraft.redstone_ore":4,"stat.pickup.evilcraft.werewolf_flesh":4,"stat.mineBlock.minecraft.stone":202}