{"stat.useItem.minecraft.bow":14,"stat.useItem.botania.flowerbag":1,"stat.leaveGame":18,"stat.craftItem.twilightforest.ironwood_chestplate":1,"stat.craftItem.botania.lexicon":1,"stat.craftItem.minecraft.shield":5,"stat.mineBlock.minecraft.web":1,"stat.mineBlock.rebornmod.bennettitalean_cycadeoidea":1,"stat.pickup.minecraft.rotten_flesh":150,"stat.craftItem.minecraft.stone_axe":1,"stat.craftItem.betternether.cincinnasite_forged":3,"stat.pickup.minecraft.bucket":1,"stat.entityKilledBy.artifacts.mimic":1,"stat.killEntity.betteranimalsplus.brownbear":1,"stat.pickup.minecraft.brown_mushroom":5,"stat.entityKilledBy.Chicken":1,"stat.drop.rebornmod.plant_fossil":1,"stat.useItem.minecraft.iron_pickaxe":509,"stat.craftItem.minecraft.wooden_pickaxe":1,"stat.pickup.rebornmod.fossil_block_0":1,"stat.craftItem.minecraft.bed":3,"stat.mineBlock.minecraft.vine":6,"stat.mineBlock.minecraft.sticky_piston":5,"stat.furnaceInteraction":114,"stat.mineBlock.botania.flower":131,"stat.killEntity.ZombieVillager":1,"stat.mineBlock.betternether.magma_flower":1,"stat.pickup.rebornmod.display_block_item":8,"stat.pickup.botania.livingwood":94,"stat.pickup.minecraft.beef":7,"stat.craftItem.botania.pool":2,"stat.mineBlock.galacticraftcore.rocket_workbench":1,"stat.useItem.minecraft.flint_and_steel":5,"stat.useItem.minecraft.wheat_seeds":163,"stat.pickup.rebornmod.reinforced_stone":2,"stat.pickup.betternether.cincinnasite_pillar":1,"stat.pickup.minecraft.emerald":19,"stat.useItem.botania.twigwand":75,"stat.craftItem.betternether.cincinnasite_axe":1,"stat.deaths":39,"stat.pickup.minecraft.egg":8,"stat.craftItem.minecraft.iron_pickaxe":2,"stat.pickup.artifacts.panic_necklace":1,"stat.drop.minecraft.iron_ingot":19,"stat.mineBlock.minecraft.tallgrass":920,"stat.craftItem.minecraft.cooked_mutton":7,"stat.pickup.minecraft.cooked_mutton":15,"stat.chestOpened":194,"stat.killEntity.betteranimalsplus.goose":4,"stat.pickup.botania.mushroom":13,"stat.useItem.minecraft.stone":57,"stat.pickup.minecraft.arrow":25,"stat.pickup.minecraft.gold_nugget":10,"stat.entityKilledBy.Vex":1,"stat.mineBlock.botania.mushroom":6,"stat.pickup.minecraft.carrot":3,"stat.crouchOneCm":35807,"stat.pickup.minecraft.rail":4,"stat.craftItem.minecraft.iron_ingot":228,"stat.craftingTableInteraction":101,"stat.pickup.betternether.stalagnate_stem":4,"stat.pickup.minecraft.dye":41,"stat.pickup.minecraft.planks":3,"stat.pickup.minecraft.wheat_seeds":498,"stat.killEntity.grimoireofgaia.vase_nether":1,"stat.mineBlock.rebornmod.display_block":7,"stat.pickup.minecraft.ice":1,"stat.mineBlock.minecraft.dirt":61,"stat.craftItem.botania.manasteelboots":1,"stat.pickup.artifacts.tiny_shirt":1,"stat.useItem.minecraft.bread":91,"stat.drop.minecraft.rotten_flesh":6,"stat.useItem.minecraft.cobblestone":224,"stat.pickup.minecraft.magma":3,"stat.useItem.minecraft.gravel":2,"stat.mineBlock.minecraft.double_plant":56,"stat.mineBlock.betternether.cincinnasite_ore":24,"stat.drop.betternether.cincinnasite_axe":1,"stat.pickup.minecraft.iron_pickaxe":1,"stat.useItem.minecraft.yellow_flower":12,"stat.craftItem.minecraft.gold_ingot":7,"stat.pickup.minecraft.chicken":2,"stat.pickup.minecraft.apple":1,"stat.mineBlock.twilightforest.firefly":2,"stat.craftItem.minecraft.bucket":1,"stat.craftItem.minecraft.planks":200,"stat.useItem.minecraft.iron_sword":120,"stat.mineBlock.minecraft.log":121,"stat.killEntity.evilcraft.netherfish":1,"stat.killEntity.grimoireofgaia.succubus":2,"stat.pickup.minecraft.red_flower":12,"stat.pickup.minecraft.wool":52,"stat.pickup.betternether.stalagnate_seed":1,"stat.useItem.betternether.cincinnasite_wall":6,"stat.drop.botania.manaresource":1,"stat.useItem.minecraft.wooden_axe":1,"stat.useItem.minecraft.iron_axe":477,"stat.mineBlock.minecraft.cobblestone":59,"stat.pickup.minecraft.flint":1,"stat.mineBlock.minecraft.yellow_flower":39,"stat.mineBlock.betternether.barrel_cactus":27,"stat.useItem.minecraft.skull":2,"stat.mineBlock.minecraft.concrete":2,"stat.entityKilledBy.Mule":1,"stat.mineBlock.betternether.cincinnasite_pillar":1,"stat.mineBlock.betternether.nether_cactus":71,"stat.pickup.minecraft.cooked_porkchop":37,"stat.useItem.minecraft.obsidian":20,"stat.pickup.minecraft.sticky_piston":5,"stat.useItem.chococraft.gysahl_green":64,"stat.useItem.minecraft.stone_slab2":119,"stat.pickup.minecraft.bow":4,"stat.pickup.minecraft.iron_boots":1,"stat.craftItem.minecraft.furnace":1,"stat.craftItem.betternether.cincinnasite_block":5,"stat.useItem.minecraft.egg":1,"stat.craftItem.minecraft.iron_boots":2,"stat.pickup.betternether.nether_reed":3,"stat.craftItem.minecraft.cooked_beef":7,"stat.mineBlock.minecraft.obsidian":13,"stat.flyOneCm":1682811,"stat.pickup.rebornmod.mealworm_beetles":2,"stat.timeSinceDeath":14996,"stat.useItem.twilightforest.ironwood_sword":151,"stat.mineBlock.botania.livingwood":61,"stat.useItem.minecraft.potato":1,"stat.pickup.minecraft.nether_wart":3,"stat.mineBlock.minecraft.coal_ore":127,"stat.killEntity.Creeper":1,"stat.talkedToVillager":3,"stat.pickup.botania.manaresource":17,"stat.pickup.minecraft.string":31,"stat.mineBlock.betternether.smoker":1,"stat.mineBlock.rebornmod.ginkgo_leaves":9,"stat.mineBlock.minecraft.ladder":4,"stat.pickup.betteranimalsplus.wolf_pelt_timber":2,"stat.entityKilledBy.Skeleton":3,"stat.sprintOneCm":1400353,"stat.mineBlock.minecraft.stone_slab":4,"stat.craftItem.minecraft.wooden_axe":1,"stat.useItem.carryon.tile_item":1,"stat.mineBlock.betternether.pig_statue_01":2,"stat.mineBlock.minecraft.diamond_ore":16,"stat.drop.betternether.ink_bush_seed":5,"stat.drop.grimoireofgaia.misc_soul_fiery":1,"stat.killEntity.Zombie":75,"stat.craftItem.minecraft.dye":1,"stat.mineBlock.minecraft.gold_ore":49,"stat.diveOneCm":58994,"stat.pickup.minecraft.wheat":360,"stat.craftItem.minecraft.cooked_porkchop":2,"stat.craftItem.twilightforest.ironwood_pickaxe":1,"stat.craftItem.botania.altar":1,"stat.pickup.minecraft.obsidian":13,"stat.useItem.minecraft.rotten_flesh":37,"stat.pickup.betternether.black_bush":1,"stat.pickup.betternether.cincinnasite_carved":5,"stat.jump":7876,"stat.pickup.minecraft.coal":186,"stat.pickup.minecraft.iron_ingot":38,"stat.craftItem.minecraft.torch":12,"stat.pickup.betternether.cincinnasite_wall":8,"stat.pickup.minecraft.dirt":107,"stat.pickup.minecraft.gold_ore":47,"stat.pickup.betternether.magma_flower":1,"stat.useItem.minecraft.sapling":1,"stat.mineBlock.minecraft.lapis_ore":7,"stat.pickup.minecraft.iron_axe":1,"stat.damageTaken":20385,"stat.pickup.twilightforest.firefly":2,"stat.pickup.rebornmod.disc_jurassicraft_theme":1,"stat.mineBlock.minecraft.red_flower":9,"stat.mineBlock.minecraft.melon_block":2,"stat.mineBlock.minecraft.torch":13,"stat.pickup.minecraft.bed":2,"stat.pickup.minecraft.concrete":2,"stat.pickup.minecraft.potato":2,"stat.entityKilledBy.Zombie":10,"stat.pickup.botania.altar":1,"stat.mineBlock.rebornmod.clear_glass":2,"stat.pickup.chococraft.gysahl_green":69,"stat.mineBlock.twilightforest.root":17,"stat.pickup.twilightforest.liveroot":9,"stat.pickup.artifacts.shiny_red_balloon":1,"stat.drop.botania.petal":36,"stat.craftItem.minecraft.stone_slab":18,"stat.useItem.minecraft.chest":3,"stat.pickup.rebornmod.crickets":116,"stat.useItem.minecraft.tnt":1,"stat.killEntity.betteranimalsplus.feralwolf":1,"stat.pickup.rebornmod.gypsum_powder":45,"stat.mineBlock.betternether.cincinnasite_fire_bowl":2,"stat.useItem.minecraft.gold_ore":1,"stat.useItem.minecraft.lava_bucket":2,"stat.useItem.minecraft.melon":12,"stat.craftItem.minecraft.iron_chestplate":1,"stat.mineBlock.evilcraft.nether_monster_block":1,"stat.drop.minecraft.potato":1,"stat.craftItem.botania.turntable":1,"stat.pickup.minecraft.ladder":4,"stat.pickup.minecraft.cooked_beef":10,"stat.useItem.minecraft.netherrack":99,"stat.mineBlock.minecraft.tnt":1,"stat.mineBlock.minecraft.stonebrick":1,"stat.killEntity.grimoireofgaia.harpy":5,"stat.mineBlock.minecraft.glowstone":1,"stat.pickup.rebornmod.ginkgo_planks":3,"stat.mobKills":208,"stat.pickup.betteranimalsplus.eel_meat_cooked":1,"stat.craftItem.minecraft.shears":1,"stat.pickup.betternether.cincinnasite_pedestal":1,"stat.craftItem.botania.spreader":2,"stat.pickup.minecraft.diamond":16,"stat.pickup.minecraft.torch":17,"stat.pickup.evilcraft.werewolf_flesh":6,"stat.pickup.botania.livingrock":31,"stat.craftItem.minecraft.iron_axe":4,"stat.mineBlock.twilightforest.twilight_plant":31,"stat.mineBlock.betternether.nether_reed":2,"stat.useItem.minecraft.mutton":1,"stat.useItem.minecraft.planks":5,"stat.craftItem.botania.manasteelchest":1,"stat.pickup.minecraft.glowstone_dust":4,"stat.pickup.minecraft.porkchop":2,"stat.useItem.minecraft.water_bucket":116,"stat.mineBlock.minecraft.stone_brick_stairs":1,"stat.entityKilledBy.grimoireofgaia.succubus":1,"stat.pickup.betternether.egg_plant":1,"stat.pickup.betternether.smoker":2,"stat.killEntity.twilightforest.kobold":4,"stat.pickup.botania.manasteelchest":1,"stat.mineBlock.rebornmod.reinforced_stone":2,"stat.hopperInspected":1,"stat.drop.minecraft.diamond":1,"stat.pickup.twilightforest.ironwood_sword":1,"stat.pickup.rebornmod.frozen_leech":1,"stat.entityKilledBy.grimoireofgaia.harpy":1,"stat.useItem.minecraft.cooked_mutton":21,"stat.pickup.minecraft.furnace":2,"stat.pickup.minecraft.skull":4,"stat.useItem.betternether.cincinnasite_axe":328,"stat.useItem.botania.petal":10,"stat.mineBlock.betternether.cincinnasite_pedestal":1,"stat.pickup.rebornmod.bennettitalean_cycadeoidea":1,"stat.pickup.rebornmod.ginkgo_sapling":3,"stat.pickup.betternether.cincinnasite_fire_bowl":2,"stat.playOneMinute":583905,"stat.pickup.minecraft.netherrack":223,"stat.mineBlock.botania.specialflower":5,"stat.recordPlayed":6,"stat.mineBlock.minecraft.netherrack":270,"stat.craftItem.minecraft.iron_hoe":1,"stat.useItem.minecraft.experience_bottle":3,"stat.pickup.minecraft.cooked_chicken":2,"stat.fallOneCm":196786,"stat.drop.minecraft.stone":5,"stat.pickup.rebornmod.ginkgo_door_item":1,"stat.craftItem.minecraft.chest":7,"stat.mineBlock.betternether.cincinnasite_carved":5,"stat.pickup.minecraft.golden_leggings":1,"stat.pickup.minecraft.melon":12,"stat.mineBlock.botania.livingrock":27,"stat.useItem.minecraft.iron_hoe":172,"stat.drop.betternether.barrel_cactus":7,"stat.pickup.betternether.barrel_cactus":17,"stat.pickup.minecraft.feather":4,"stat.pickup.betternether.ink_bush_seed":5,"stat.useItem.minecraft.furnace":1,"stat.pickup.minecraft.lead":3,"stat.useItem.minecraft.stone_pickaxe":132,"stat.craftItem.minecraft.iron_leggings":1,"stat.pickup.betternether.cincinnasite":21,"stat.pickup.betternether.pig_statue_01":2,"stat.pickup.botania.specialflower":13,"stat.drop.minecraft.iron_axe":1,"stat.useItem.minecraft.torch":20,"stat.drop.botania.flower":1,"stat.pickup.minecraft.iron_nugget":14,"stat.pickup.minecraft.crafting_table":2,"stat.useItem.minecraft.log":57,"stat.craftItem.minecraft.crafting_table":4,"stat.pickup.galacticraftcore.rocket_workbench":1,"stat.pickup.betternether.cincinnasite_axe":1,"stat.mineBlock.minecraft.emerald_ore":19,"stat.pickup.minecraft.log":120,"stat.useItem.botania.specialflower":2,"stat.mineBlock.galacticraftcore.basic_block_core":3,"stat.mineBlock.betternether.cincinnasite_wall":8,"stat.pickup.artifacts.magma_stone":1,"stat.craftItem.usefulbackpacks.backpack":3,"stat.useItem.galacticraftcore.bucket_oil":2,"stat.pickup.minecraft.tallgrass":19,"stat.pickup.minecraft.sapling":7,"stat.pickup.minecraft.beetroot":1,"stat.drop.rebornmod.crickets":33,"stat.drop.minecraft.golden_chestplate":2,"stat.craftItem.minecraft.cooked_chicken":2,"stat.sneakTime":16517,"stat.mineBlock.minecraft.cobblestone_wall":1,"stat.craftItem.botania.twigwand":1,"stat.drop.minecraft.yellow_flower":11,"stat.pickup.minecraft.stone_slab":5,"stat.mineBlock.minecraft.jukebox":1,"stat.pickup.minecraft.yellow_flower":37,"stat.killEntity.grimoireofgaia.minotaurus":3,"stat.pickup.minecraft.chest":1,"stat.pickup.minecraft.bone":14,"stat.craftItem.botania.petal":76,"stat.mineBlock.minecraft.brown_mushroom":1,"stat.swimOneCm":142231,"stat.climbOneCm":39037,"stat.drop.minecraft.brown_mushroom":2,"stat.useItem.minecraft.dirt":32,"stat.killEntity.betteranimalsplus.boar":3,"stat.craftItem.botania.livingrock0slab":12,"stat.mineBlock.betternether.nether_grass":7,"stat.drop.rebornmod.frozen_leech":1,"stat.drop.evilcraft.werewolf_flesh":1,"stat.killEntity.artifacts.mimic":5,"stat.pickup.rebornmod.twig_fossil":1,"stat.craftItem.minecraft.stone_pickaxe":1,"stat.mineBlock.minecraft.magma":4,"stat.pickup.minecraft.cobblestone":1785,"stat.drop.minecraft.wheat_seeds":20,"stat.useItem.minecraft.cooked_beef":14,"stat.pickup.minecraft.redstone":58,"stat.mineBlock.minecraft.iron_ore":238,"stat.useItem.grimoireofgaia.misc_soul_fiery":1,"stat.pickup.minecraft.mutton":17,"stat.pickup.minecraft.stonebrick":1,"stat.pickup.galacticraftcore.basic_block_core":16,"stat.drop.minecraft.dirt":3,"stat.useItem.minecraft.cooked_porkchop":19,"stat.pickup.rebornmod.plant_fossil":3,"stat.mineBlock.betternether.agave":25,"stat.craftItem.minecraft.stone_slab2":0,"stat.pickup.botania.petal":30,"stat.craftItem.botania.manaresource":23,"stat.useItem.botania.lexicon":5,"stat.craftItem.minecraft.stick":28,"stat.useItem.minecraft.stone_slab":12,"stat.craftItem.minecraft.stone":156,"stat.craftItem.minecraft.gold_nugget":54,"stat.mineBlock.minecraft.crafting_table":2,"stat.pickup.rebornmod.disc_troodons_and_raptors":1,"stat.craftItem.twilightforest.ironwood_sword":1,"stat.useItem.minecraft.diamond_pickaxe":116,"stat.useItem.minecraft.carrot":1,"stat.pickup.chococraft.gysahl_green_seeds":129,"stat.pickup.botania.flower":29,"stat.entityKilledBy.Creeper":5,"stat.mineBlock.minecraft.planks":3,"stat.drop":163,"stat.pickup.minecraft.jukebox":2,"stat.killEntity.Sheep":12,"stat.craftItem.hammertime.itemhammeriron":3,"stat.pickup.minecraft.slime_ball":2,"stat.craftItem.minecraft.diamond_pickaxe":1,"stat.pickup.minecraft.golden_chestplate":2,"stat.drop.minecraft.bread":2,"stat.craftItem.minecraft.jukebox":1,"stat.mineBlock.botania.doubleflower2":1,"stat.mineBlock.botania.doubleflower1":3,"stat.pickup.minecraft.gravel":3,"stat.useItem.minecraft.apple":9,"stat.pickup.twilightforest.torchberries":34,"stat.pickup.minecraft.stone_brick_stairs":1,"stat.useItem.minecraft.stone_axe":5,"stat.craftItem.minecraft.bread":97,"stat.pickup.minecraft.spider_eye":5,"stat.craftItem.minecraft.iron_helmet":2,"stat.mineBlock.rebornmod.plant_fossil_block":5,"stat.useItem.minecraft.cooked_chicken":4,"stat.pickup.minecraft.iron_ore":251,"stat.craftItem.minecraft.flint_and_steel":1,"stat.craftItem.twilightforest.ironwood_raw":7,"stat.pickup.minecraft.leather":38,"stat.craftItem.twilightforest.ironwood_ingot":14,"stat.useItem.minecraft.wooden_pickaxe":22,"stat.entityKilledBy.grimoireofgaia.nine_tails":1,"stat.pickup.evilcraft.dark_gem":9,"stat.pickup.betternether.nether_cactus":93,"stat.pickup.minecraft.reeds":10,"stat.mineBlock.rebornmod.gypsum_stone":4,"stat.useItem.twilightforest.ironwood_pickaxe":405,"stat.damageDealt":41451,"stat.pickup.betternether.agave":18,"stat.sleepInBed":11,"stat.killEntity.Cow":8,"stat.useItem.minecraft.crafting_table":1,"stat.killEntity.Pig":14,"stat.walkOneCm":1841773,"stat.playerKills":1,"stat.pickup.minecraft.stick":26,"stat.pickup.rebornmod.disc_dont_move_a_muscle":4,"stat.mineBlock.botania.altar":1,"stat.craftItem.botania.flowerbag":1,"stat.pickup.minecraft.tnt":1,"stat.entityKilledBy.grimoireofgaia.minotaurus":6,"stat.pickup.minecraft.stone":118,"stat.mineBlock.betternether.netherrack_moss":3,"stat.pickup.betternether.netherrack_moss":1,"stat.killEntity.Skeleton":12,"stat.pickup.grimoireofgaia.misc_soul_fiery":2,"stat.killEntity.Chicken":4,"stat.drop.minecraft.crafting_table":1,"stat.killEntity.Spider":15,"stat.killEntity.Mule":1,"stat.mineBlock.minecraft.leaves":57,"stat.mineBlock.minecraft.piston":1,"stat.mineBlock.betternether.egg_plant":1,"stat.entityKilledBy.grimoireofgaia.baphomet":1,"stat.mineBlock.minecraft.redstone_ore":4,"stat.craftItem.galacticraftcore.basic_item":24,"stat.mineBlock.minecraft.stone":251,"stat.drop.twilightforest.ironwood_sword":1}