{"stat.useItem.minecraft.iron_axe":25,"stat.leaveGame":1,"stat.mineBlock.minecraft.cobblestone":1,"stat.mineBlock.minecraft.brown_mushroom":1,"stat.useItem.minecraft.mutton":1,"stat.jump":537,"stat.swimOneCm":1799,"stat.pickup.minecraft.coal":50,"stat.fallOneCm":13208,"stat.craftItem.minecraft.shield":1,"stat.useItem.minecraft.stone_axe":5,"stat.pickup.minecraft.porkchop":1,"stat.crouchOneCm":1241,"stat.craftItem.minecraft.iron_ingot":47,"stat.useItem.chococraft.gysahl_green":17,"stat.craftItem.minecraft.iron_helmet":1,"stat.useItem.minecraft.stone_slab2":6,"stat.mineBlock.rebornmod.plant_fossil_block":1,"stat.craftingTableInteraction":13,"stat.pickup.minecraft.iron_ore":70,"stat.craftItem.minecraft.furnace":1,"stat.pickup.minecraft.gold_ore":7,"stat.pickup.minecraft.iron_axe":1,"stat.craftItem.minecraft.stone_axe":1,"stat.craftItem.minecraft.iron_boots":1,"stat.damageTaken":658,"stat.craftItem.minecraft.stone_pickaxe":1,"stat.useItem.minecraft.wooden_pickaxe":22,"stat.pickup.minecraft.cobblestone":91,"stat.flyOneCm":100887,"stat.pickup.minecraft.brown_mushroom":1,"stat.entityKilledBy.Zombie":1,"stat.useItem.minecraft.stone_pickaxe":132,"stat.craftItem.minecraft.iron_leggings":1,"stat.damageDealt":918,"stat.mineBlock.minecraft.iron_ore":71,"stat.sleepInBed":1,"stat.timeSinceDeath":4212,"stat.pickup.chococraft.gysahl_green":17,"stat.useItem.minecraft.iron_pickaxe":74,"stat.craftItem.minecraft.wooden_pickaxe":1,"stat.killEntity.Pig":1,"stat.pickup.minecraft.mutton":3,"stat.walkOneCm":115419,"stat.craftItem.minecraft.bed":1,"stat.drop.botania.flower":1,"stat.pickup.minecraft.crafting_table":2,"stat.useItem.minecraft.cobblestone":39,"stat.craftItem.minecraft.crafting_table":1,"stat.furnaceInteraction":20,"stat.mineBlock.botania.flower":1,"stat.mineBlock.minecraft.double_plant":1,"stat.mineBlock.minecraft.coal_ore":51,"stat.pickup.rebornmod.plant_fossil":1,"stat.pickup.minecraft.log":15,"stat.pickup.minecraft.iron_pickaxe":1,"stat.useItem.minecraft.cooked_mutton":2,"stat.craftItem.minecraft.stone_slab2":0,"stat.craftItem.minecraft.iron_chestplate":1,"stat.sprintOneCm":78844,"stat.craftItem.minecraft.stick":12,"stat.craftItem.minecraft.wooden_axe":1,"stat.craftItem.minecraft.planks":60,"stat.mineBlock.minecraft.diamond_ore":4,"stat.mineBlock.minecraft.crafting_table":2,"stat.mobKills":5,"stat.mineBlock.minecraft.log":15,"stat.pickup.chococraft.gysahl_green_seeds":28,"stat.pickup.botania.flower":1,"stat.deaths":1,"stat.drop":1,"stat.pickup.minecraft.diamond":4,"stat.mineBlock.minecraft.leaves":4,"stat.playOneMinute":38086,"stat.killEntity.Sheep":3,"stat.craftItem.hammertime.itemhammeriron":1,"stat.sneakTime":850,"stat.pickup.minecraft.wool":3,"stat.craftItem.minecraft.diamond_pickaxe":1,"stat.killEntity.Zombie":1,"stat.useItem.minecraft.wooden_axe":1,"stat.mineBlock.minecraft.stone":91,"stat.mineBlock.minecraft.gold_ore":7,"stat.mineBlock.minecraft.tallgrass":5,"stat.craftItem.minecraft.cooked_mutton":2,"stat.diveOneCm":650}