{"stat.pickup.minecraft.bone":2,"stat.useItem.minecraft.iron_axe":118,"stat.leaveGame":2,"stat.mineBlock.minecraft.cobblestone":5,"stat.mineBlock.minecraft.brown_mushroom":1,"stat.useItem.minecraft.mutton":1,"stat.swimOneCm":7583,"stat.craftItem.minecraft.shield":1,"stat.climbOneCm":1532,"stat.pickup.minecraft.porkchop":2,"stat.useItem.chococraft.gysahl_green":29,"stat.useItem.minecraft.stone_slab2":12,"stat.pickup.minecraft.bow":1,"stat.useItem.minecraft.water_bucket":1,"stat.pickup.minecraft.rotten_flesh":6,"stat.craftItem.minecraft.furnace":1,"stat.craftItem.minecraft.stone_axe":1,"stat.craftItem.minecraft.iron_boots":1,"stat.craftItem.minecraft.stone_pickaxe":1,"stat.craftItem.minecraft.cooked_beef":7,"stat.pickup.minecraft.cobblestone":95,"stat.flyOneCm":219219,"stat.pickup.minecraft.brown_mushroom":1,"stat.mineBlock.minecraft.iron_ore":71,"stat.timeSinceDeath":24706,"stat.useItem.minecraft.iron_pickaxe":78,"stat.craftItem.minecraft.wooden_pickaxe":1,"stat.pickup.minecraft.mutton":5,"stat.craftItem.minecraft.bed":1,"stat.furnaceInteraction":48,"stat.mineBlock.botania.flower":1,"stat.useItem.minecraft.cooked_porkchop":2,"stat.mineBlock.minecraft.coal_ore":51,"stat.pickup.rebornmod.plant_fossil":1,"stat.pickup.betteranimalsplus.wolf_pelt_timber":2,"stat.pickup.minecraft.beef":7,"stat.useItem.minecraft.cooked_mutton":4,"stat.craftItem.minecraft.stone_slab2":0,"stat.sprintOneCm":168505,"stat.craftItem.minecraft.stick":12,"stat.craftItem.minecraft.wooden_axe":1,"stat.craftItem.minecraft.stone":76,"stat.mineBlock.minecraft.diamond_ore":4,"stat.mineBlock.minecraft.crafting_table":2,"stat.pickup.chococraft.gysahl_green_seeds":59,"stat.pickup.botania.flower":1,"stat.deaths":2,"stat.drop":1,"stat.pickup.minecraft.egg":1,"stat.playOneMinute":75813,"stat.killEntity.Sheep":3,"stat.craftItem.hammertime.itemhammeriron":1,"stat.craftItem.minecraft.diamond_pickaxe":1,"stat.killEntity.Zombie":8,"stat.mineBlock.minecraft.gold_ore":7,"stat.mineBlock.minecraft.tallgrass":10,"stat.craftItem.minecraft.cooked_mutton":4,"stat.diveOneCm":4490,"stat.chestOpened":7,"stat.craftItem.minecraft.jukebox":1,"stat.recordPlayed":1,"stat.pickup.minecraft.arrow":1,"stat.craftItem.minecraft.cooked_porkchop":2,"stat.pickup.minecraft.gold_nugget":4,"stat.useItem.minecraft.rotten_flesh":6,"stat.jump":1059,"stat.pickup.minecraft.coal":50,"stat.fallOneCm":25348,"stat.pickup.minecraft.iron_ingot":1,"stat.useItem.minecraft.stone_axe":5,"stat.crouchOneCm":5457,"stat.craftItem.minecraft.iron_ingot":70,"stat.craftItem.minecraft.chest":1,"stat.craftItem.minecraft.iron_helmet":1,"stat.mineBlock.rebornmod.plant_fossil_block":1,"stat.useItem.minecraft.cooked_chicken":1,"stat.craftingTableInteraction":22,"stat.pickup.minecraft.iron_ore":70,"stat.pickup.minecraft.gold_ore":7,"stat.pickup.minecraft.iron_axe":1,"stat.damageTaken":1641,"stat.pickup.minecraft.leather":8,"stat.useItem.minecraft.wooden_pickaxe":22,"stat.pickup.minecraft.wheat_seeds":1,"stat.entityKilledBy.Zombie":2,"stat.useItem.minecraft.stone_pickaxe":132,"stat.craftItem.minecraft.iron_leggings":1,"stat.damageDealt":5198,"stat.mineBlock.rebornmod.display_block":1,"stat.sleepInBed":2,"stat.pickup.chococraft.gysahl_green":33,"stat.killEntity.Cow":4,"stat.killEntity.Pig":2,"stat.walkOneCm":186646,"stat.pickup.rebornmod.crickets":4,"stat.drop.botania.flower":1,"stat.pickup.minecraft.crafting_table":2,"stat.useItem.minecraft.cobblestone":63,"stat.craftItem.minecraft.crafting_table":2,"stat.killEntity.betteranimalsplus.feralwolf":1,"stat.mineBlock.minecraft.double_plant":1,"stat.useItem.minecraft.gold_ore":1,"stat.pickup.minecraft.log":20,"stat.pickup.minecraft.iron_pickaxe":1,"stat.craftItem.minecraft.iron_chestplate":1,"stat.pickup.minecraft.chicken":1,"stat.killEntity.Skeleton":1,"stat.craftItem.minecraft.bucket":1,"stat.craftItem.minecraft.planks":80,"stat.killEntity.Chicken":1,"stat.pickup.rebornmod.ginkgo_planks":3,"stat.mobKills":21,"stat.mineBlock.minecraft.log":20,"stat.craftItem.minecraft.cooked_chicken":1,"stat.pickup.minecraft.diamond":4,"stat.mineBlock.minecraft.leaves":7,"stat.sneakTime":4095,"stat.pickup.minecraft.wool":4,"stat.useItem.minecraft.wooden_axe":1,"stat.mineBlock.minecraft.stone":91,"stat.killEntity.grimoireofgaia.minotaurus":2}