{"stat.leaveGame":18,"stat.craftItem.minecraft.iron_axe":1,"stat.mineBlock.minecraft.sandstone":1,"stat.useItem.minecraft.mutton":1,"stat.useItem.minecraft.planks":5,"stat.mineBlock.minecraft.web":15,"stat.drop.minecraft.melon":3,"stat.pickup.minecraft.rotten_flesh":7,"stat.craftItem.minecraft.stone_axe":1,"stat.pickup.betteranimalsplus.deerhead_2":2,"stat.killEntity.Enderman":2,"stat.mineBlock.rebornmod.amber_ore":1,"stat.craftItem.minecraft.stone_sword":1,"stat.useItem.minecraft.iron_pickaxe":443,"stat.craftItem.minecraft.wooden_pickaxe":1,"stat.mineBlock.minecraft.vine":2,"stat.furnaceInteraction":38,"stat.pickup.evilcraft.werewolf_bone":2,"stat.pickup.rebornmod.frozen_leech":4,"stat.drop.minecraft.red_flower":1,"stat.pickup.rebornmod.display_block_item":1,"stat.pickup.minecraft.beef":46,"stat.pickup.minecraft.furnace":6,"stat.pickup.minecraft.hay_block":35,"stat.pickup.mowziesmobs.barakoa_mask_rage":1,"stat.deaths":4,"stat.pickup.minecraft.egg":5,"stat.playOneMinute":225530,"stat.craftItem.minecraft.iron_pickaxe":2,"stat.useItem.minecraft.shears":238,"stat.mineBlock.minecraft.tallgrass":18,"stat.chestOpened":24,"stat.drop.rebornmod.cockroaches":1,"stat.useItem.minecraft.stone":1,"stat.pickup.minecraft.arrow":4,"stat.drop.minecraft.flint":1,"stat.useItem.hammertime.itemhammeriron":1,"stat.craftItem.minecraft.iron_hoe":1,"stat.fallOneCm":114035,"stat.pickup.minecraft.carrot":8,"stat.drop.minecraft.stone_sword":1,"stat.crouchOneCm":72092,"stat.craftItem.minecraft.iron_ingot":116,"stat.pickup.minecraft.melon":12,"stat.craftingTableInteraction":37,"stat.pickup.minecraft.feather":2,"stat.drop.minecraft.bone":10,"stat.useItem.minecraft.furnace":2,"stat.pickup.minecraft.dye":75,"stat.pickup.minecraft.planks":36,"stat.pickup.minecraft.wheat_seeds":1,"stat.pickup.rebornmod.dna_extractor":2,"stat.useItem.minecraft.stone_pickaxe":150,"stat.mineBlock.minecraft.glass":2,"stat.useItem.minecraft.stone_sword":73,"stat.mineBlock.rebornmod.display_block":1,"stat.mineBlock.minecraft.dirt":11,"stat.drop.rebornmod.twig_fossil":1,"stat.useItem.minecraft.torch":26,"stat.drop.minecraft.rotten_flesh":2,"stat.pickup.minecraft.crafting_table":11,"stat.useItem.minecraft.cobblestone":136,"stat.craftItem.minecraft.crafting_table":2,"stat.mineBlock.rebornmod.ice_shard":1,"stat.craftItem.minecraft.boat":1,"stat.drop.rebornmod.mealworm_beetles":1,"stat.pickup.minecraft.log":28,"stat.drop.minecraft.chicken":1,"stat.mineBlock.galacticraftcore.basic_block_core":128,"stat.pickup.usefulbackpacks.backpack":1,"stat.craftItem.usefulbackpacks.backpack":6,"stat.mineBlock.rebornmod.dna_combinator_hybridizer":1,"stat.drop.minecraft.sapling":4,"stat.pickup.minecraft.chicken":2,"stat.pickup.minecraft.sapling":7,"stat.drop.rebornmod.crickets":2,"stat.craftItem.minecraft.planks":106,"stat.useItem.minecraft.iron_sword":169,"stat.pickup.minecraft.book":102,"stat.mineBlock.minecraft.log":30,"stat.useItem.carryon.entity_item":3,"stat.pickup.minecraft.red_flower":2,"stat.sneakTime":23682,"stat.pickup.minecraft.wool":239,"stat.pickup.rebornmod.cockroaches":4,"stat.drop.minecraft.stone_pickaxe":1,"stat.pickup.minecraft.bone":2,"stat.mineBlock.rebornmod.ice_age_shard":6,"stat.useItem.minecraft.iron_axe":54,"stat.mineBlock.minecraft.cobblestone":23,"stat.pickup.minecraft.flint":1,"stat.pickup.evilcraft.werewolf_fur":1,"stat.swimOneCm":72562,"stat.climbOneCm":6579,"stat.drop.minecraft.cobblestone":2,"stat.mineBlock.evilcraft.dark_ore":1,"stat.killEntity.betteranimalsplus.boar":2,"stat.useItem.minecraft.stone_slab2":22,"stat.pickup.minecraft.bow":1,"stat.craftItem.minecraft.furnace":1,"stat.killEntity.artifacts.mimic":2,"stat.pickup.rebornmod.twig_fossil":2,"stat.craftItem.minecraft.iron_boots":2,"stat.useItem.minecraft.iron_ore":1,"stat.craftItem.minecraft.stone_pickaxe":2,"stat.craftItem.minecraft.cooked_beef":27,"stat.pickup.minecraft.cobblestone":323,"stat.mineBlock.minecraft.clay":1,"stat.flyOneCm":978881,"stat.pickup.minecraft.sandstone":1,"stat.drop.minecraft.wheat_seeds":1,"stat.useItem.minecraft.cooked_beef":56,"stat.pickup.rebornmod.mealworm_beetles":1,"stat.pickup.minecraft.redstone":58,"stat.mineBlock.minecraft.iron_ore":104,"stat.pickup.rebornmod.amber":1,"stat.timeSinceDeath":101977,"stat.killEntity.evilcraft.werewolf":3,"stat.pickup.minecraft.mutton":50,"stat.pickup.galacticraftcore.basic_block_core":150,"stat.drop.minecraft.dirt":1,"stat.mineBlock.minecraft.coal_ore":50,"stat.talkedToVillager":1,"stat.pickup.minecraft.string":19,"stat.craftItem.minecraft.stone_slab2":0,"stat.sprintOneCm":527673,"stat.craftItem.minecraft.stick":40,"stat.craftItem.rebornmod.amber_keychain":1,"stat.mineBlock.minecraft.diamond_ore":6,"stat.mineBlock.minecraft.crafting_table":12,"stat.useItem.minecraft.carrot":6,"stat.pickup.chococraft.gysahl_green_seeds":2,"stat.mineBlock.minecraft.planks":4,"stat.drop.galacticraftcore.basic_item":13,"stat.drop":31,"stat.killEntity.Sheep":36,"stat.craftItem.hammertime.itemhammeriron":2,"stat.killEntity.Zombie":22,"stat.mineBlock.minecraft.gold_ore":17,"stat.diveOneCm":86780,"stat.pickup.rebornmod.dna_combinator_hybridizer":1,"stat.jump":5918,"stat.pickup.minecraft.coal":53,"stat.useItem.minecraft.stone_axe":88,"stat.pickup.minecraft.spider_eye":1,"stat.craftItem.minecraft.torch":24,"stat.pickup.minecraft.dirt":9,"stat.craftItem.minecraft.iron_helmet":2,"stat.pickup.evilcraft.dark_gem_crushed":1,"stat.mineBlock.rebornmod.plant_fossil_block":4,"stat.pickup.minecraft.iron_ore":150,"stat.mineBlock.betteranimalsplus.deerhead_2":2,"stat.boatOneCm":815513,"stat.pickup.minecraft.gold_ore":17,"stat.mineBlock.minecraft.lapis_ore":15,"stat.damageTaken":4970,"stat.pickup.minecraft.leather":28,"stat.drop.minecraft.iron_hoe":1,"stat.mineBlock.minecraft.red_flower":1,"stat.mineBlock.minecraft.melon_block":2,"stat.mineBlock.minecraft.torch":6,"stat.mineBlock.minecraft.furnace":6,"stat.useItem.minecraft.wooden_pickaxe":19,"stat.pickup.evilcraft.dark_gem":9,"stat.pickup.minecraft.reeds":19,"stat.mineBlock.rebornmod.dna_extractor":2,"stat.mineBlock.rebornmod.gypsum_stone":18,"stat.damageDealt":14502,"stat.killEntity.Cow":25,"stat.useItem.minecraft.crafting_table":5,"stat.craftItem.minecraft.iron_sword":1,"stat.pickup.minecraft.boat":5,"stat.walkOneCm":241704,"stat.pickup.rebornmod.crickets":2,"stat.pickup.rebornmod.gypsum_powder":111,"stat.useItem.minecraft.melon":9,"stat.pickup.galacticraftcore.basic_item":76,"stat.entityKilledBy.grimoireofgaia.minotaurus":1,"stat.pickup.minecraft.stone":34,"stat.mineBlock.minecraft.wool":243,"stat.pickup.minecraft.ender_pearl":1,"stat.killEntity.Skeleton":4,"stat.killEntity.Chicken":1,"stat.killEntity.Spider":3,"stat.mobKills":104,"stat.mineBlock.minecraft.bookshelf":34,"stat.craftItem.minecraft.shears":1,"stat.pickup.mowziesmobs.barakoa_mask_bliss":1,"stat.useItem.minecraft.boat":6,"stat.pickup.artifacts.whoopie_cushion":1,"stat.pickup.minecraft.diamond":6,"stat.mineBlock.minecraft.leaves":41,"stat.pickup.minecraft.torch":14,"stat.mineBlock.minecraft.redstone_ore":13,"stat.craftItem.minecraft.coal_block":5,"stat.pickup.evilcraft.werewolf_flesh":1,"stat.drop.minecraft.arrow":2,"stat.mineBlock.minecraft.hay_block":38,"stat.craftItem.galacticraftcore.basic_item":56,"stat.mineBlock.minecraft.stone":192}