{"stat.leaveGame":6,"stat.useItem.minecraft.porkchop":1,"stat.jump":124,"stat.swimOneCm":104,"stat.pickup.minecraft.coal":19,"stat.fallOneCm":2196,"stat.useItem.minecraft.stone_axe":30,"stat.pickup.minecraft.porkchop":1,"stat.crouchOneCm":3509,"stat.pickup.minecraft.dirt":6,"stat.useItem.minecraft.stone_slab2":2,"stat.mineBlock.rebornmod.plant_fossil_block":3,"stat.craftingTableInteraction":2,"stat.pickup.rebornmod.twig_fossil":1,"stat.craftItem.minecraft.stone_axe":1,"stat.damageTaken":190,"stat.craftItem.minecraft.stone_pickaxe":1,"stat.useItem.minecraft.wooden_pickaxe":30,"stat.pickup.minecraft.cobblestone":25,"stat.flyOneCm":26981,"stat.mineBlock.rebornmod.gypsum_stone":5,"stat.useItem.minecraft.stone_pickaxe":28,"stat.damageDealt":100,"stat.timeSinceDeath":17790,"stat.mineBlock.minecraft.dirt":6,"stat.craftItem.minecraft.wooden_pickaxe":1,"stat.killEntity.Pig":1,"stat.walkOneCm":9571,"stat.pickup.minecraft.crafting_table":1,"stat.craftItem.minecraft.crafting_table":1,"stat.pickup.rebornmod.gypsum_powder":28,"stat.mineBlock.minecraft.coal_ore":18,"stat.pickup.rebornmod.plant_fossil":1,"stat.pickup.minecraft.log":29,"stat.sprintOneCm":17119,"stat.craftItem.minecraft.stick":24,"stat.craftItem.minecraft.planks":20,"stat.mineBlock.minecraft.crafting_table":1,"stat.mobKills":1,"stat.mineBlock.minecraft.log":29,"stat.mineBlock.minecraft.leaves":5,"stat.playOneMinute":17999,"stat.sneakTime":1890,"stat.mineBlock.minecraft.stone":26}