{"stat.drop.minecraft.stone_pickaxe":1,"stat.pickup.minecraft.bone":2,"stat.mineBlock.rebornmod.ice_age_shard":6,"stat.leaveGame":17,"stat.mineBlock.minecraft.cobblestone":23,"stat.pickup.minecraft.flint":1,"stat.mineBlock.minecraft.sandstone":1,"stat.useItem.minecraft.mutton":1,"stat.swimOneCm":61016,"stat.useItem.minecraft.planks":5,"stat.climbOneCm":4004,"stat.mineBlock.minecraft.web":15,"stat.mineBlock.evilcraft.dark_ore":1,"stat.drop.minecraft.melon":3,"stat.killEntity.betteranimalsplus.boar":2,"stat.useItem.minecraft.stone_slab2":19,"stat.pickup.minecraft.rotten_flesh":6,"stat.craftItem.minecraft.furnace":1,"stat.killEntity.artifacts.mimic":2,"stat.pickup.rebornmod.twig_fossil":2,"stat.craftItem.minecraft.stone_axe":1,"stat.craftItem.minecraft.iron_boots":2,"stat.useItem.minecraft.iron_ore":1,"stat.craftItem.minecraft.stone_pickaxe":2,"stat.craftItem.minecraft.cooked_beef":27,"stat.killEntity.Enderman":2,"stat.mineBlock.rebornmod.amber_ore":1,"stat.pickup.minecraft.cobblestone":295,"stat.mineBlock.minecraft.clay":1,"stat.craftItem.minecraft.stone_sword":1,"stat.flyOneCm":794594,"stat.pickup.minecraft.sandstone":1,"stat.drop.minecraft.wheat_seeds":1,"stat.useItem.minecraft.cooked_beef":48,"stat.pickup.rebornmod.mealworm_beetles":1,"stat.pickup.minecraft.redstone":58,"stat.mineBlock.minecraft.iron_ore":104,"stat.pickup.rebornmod.amber":1,"stat.timeSinceDeath":66588,"stat.useItem.minecraft.iron_pickaxe":432,"stat.craftItem.minecraft.wooden_pickaxe":1,"stat.pickup.minecraft.mutton":50,"stat.mineBlock.minecraft.vine":2,"stat.furnaceInteraction":38,"stat.pickup.galacticraftcore.basic_block_core":150,"stat.drop.minecraft.dirt":1,"stat.mineBlock.minecraft.coal_ore":50,"stat.pickup.rebornmod.frozen_leech":4,"stat.drop.minecraft.red_flower":1,"stat.pickup.minecraft.string":19,"stat.pickup.rebornmod.display_block_item":1,"stat.pickup.minecraft.beef":46,"stat.pickup.minecraft.furnace":6,"stat.craftItem.minecraft.stone_slab2":0,"stat.pickup.minecraft.hay_block":35,"stat.sprintOneCm":449055,"stat.craftItem.minecraft.stick":28,"stat.craftItem.rebornmod.amber_keychain":1,"stat.mineBlock.minecraft.diamond_ore":6,"stat.pickup.mowziesmobs.barakoa_mask_rage":1,"stat.mineBlock.minecraft.crafting_table":9,"stat.useItem.minecraft.carrot":6,"stat.pickup.chococraft.gysahl_green_seeds":2,"stat.deaths":4,"stat.mineBlock.minecraft.planks":1,"stat.drop.galacticraftcore.basic_item":13,"stat.drop":29,"stat.pickup.minecraft.egg":5,"stat.playOneMinute":190141,"stat.killEntity.Sheep":36,"stat.craftItem.hammertime.itemhammeriron":2,"stat.craftItem.minecraft.iron_pickaxe":2,"stat.killEntity.Zombie":17,"stat.mineBlock.minecraft.gold_ore":17,"stat.mineBlock.minecraft.tallgrass":17,"stat.diveOneCm":80616,"stat.chestOpened":18,"stat.drop.rebornmod.cockroaches":1,"stat.useItem.minecraft.stone":1,"stat.pickup.minecraft.arrow":4,"stat.drop.minecraft.flint":1,"stat.useItem.hammertime.itemhammeriron":1,"stat.craftItem.minecraft.iron_hoe":1,"stat.jump":5186,"stat.pickup.minecraft.coal":53,"stat.fallOneCm":93857,"stat.pickup.minecraft.carrot":8,"stat.useItem.minecraft.stone_axe":88,"stat.drop.minecraft.stone_sword":1,"stat.crouchOneCm":52197,"stat.pickup.minecraft.spider_eye":1,"stat.craftItem.minecraft.torch":24,"stat.craftItem.minecraft.iron_ingot":116,"stat.pickup.minecraft.dirt":9,"stat.craftItem.minecraft.iron_helmet":2,"stat.pickup.evilcraft.dark_gem_crushed":1,"stat.mineBlock.rebornmod.plant_fossil_block":4,"stat.pickup.minecraft.melon":12,"stat.craftingTableInteraction":34,"stat.pickup.minecraft.iron_ore":150,"stat.boatOneCm":757987,"stat.pickup.minecraft.gold_ore":17,"stat.mineBlock.minecraft.lapis_ore":15,"stat.damageTaken":4548,"stat.pickup.minecraft.feather":2,"stat.pickup.minecraft.leather":28,"stat.drop.minecraft.bone":10,"stat.mineBlock.minecraft.red_flower":1,"stat.mineBlock.minecraft.melon_block":2,"stat.mineBlock.minecraft.torch":5,"stat.mineBlock.minecraft.furnace":6,"stat.useItem.minecraft.wooden_pickaxe":19,"stat.useItem.minecraft.furnace":2,"stat.pickup.evilcraft.dark_gem":9,"stat.pickup.minecraft.dye":75,"stat.pickup.minecraft.planks":33,"stat.pickup.minecraft.reeds":19,"stat.pickup.minecraft.wheat_seeds":1,"stat.mineBlock.rebornmod.gypsum_stone":18,"stat.useItem.minecraft.stone_pickaxe":150,"stat.useItem.minecraft.stone_sword":73,"stat.damageDealt":12084,"stat.mineBlock.rebornmod.display_block":1,"stat.killEntity.Cow":25,"stat.mineBlock.minecraft.dirt":11,"stat.useItem.minecraft.crafting_table":2,"stat.craftItem.minecraft.iron_sword":1,"stat.drop.rebornmod.twig_fossil":1,"stat.pickup.minecraft.boat":5,"stat.walkOneCm":194817,"stat.useItem.minecraft.torch":22,"stat.pickup.rebornmod.crickets":2,"stat.drop.minecraft.rotten_flesh":2,"stat.pickup.minecraft.crafting_table":9,"stat.useItem.minecraft.cobblestone":83,"stat.craftItem.minecraft.crafting_table":2,"stat.mineBlock.rebornmod.ice_shard":1,"stat.pickup.rebornmod.gypsum_powder":111,"stat.craftItem.minecraft.boat":1,"stat.drop.rebornmod.mealworm_beetles":1,"stat.pickup.minecraft.log":27,"stat.useItem.minecraft.melon":9,"stat.drop.minecraft.chicken":1,"stat.mineBlock.galacticraftcore.basic_block_core":128,"stat.pickup.galacticraftcore.basic_item":76,"stat.entityKilledBy.grimoireofgaia.minotaurus":1,"stat.craftItem.usefulbackpacks.backpack":3,"stat.pickup.minecraft.stone":34,"stat.drop.minecraft.sapling":4,"stat.pickup.minecraft.chicken":2,"stat.pickup.minecraft.sapling":5,"stat.pickup.minecraft.ender_pearl":1,"stat.killEntity.Skeleton":2,"stat.drop.rebornmod.crickets":2,"stat.craftItem.minecraft.planks":106,"stat.useItem.minecraft.iron_sword":117,"stat.killEntity.Chicken":1,"stat.killEntity.Spider":3,"stat.mobKills":94,"stat.mineBlock.minecraft.log":27,"stat.useItem.carryon.entity_item":3,"stat.pickup.mowziesmobs.barakoa_mask_bliss":1,"stat.useItem.minecraft.boat":6,"stat.pickup.artifacts.whoopie_cushion":1,"stat.pickup.minecraft.diamond":6,"stat.mineBlock.minecraft.leaves":28,"stat.pickup.minecraft.torch":10,"stat.pickup.minecraft.red_flower":2,"stat.mineBlock.minecraft.redstone_ore":13,"stat.sneakTime":17880,"stat.pickup.minecraft.wool":36,"stat.craftItem.minecraft.coal_block":5,"stat.pickup.evilcraft.werewolf_flesh":1,"stat.drop.minecraft.arrow":2,"stat.mineBlock.minecraft.hay_block":38,"stat.craftItem.galacticraftcore.basic_item":56,"stat.pickup.rebornmod.cockroaches":4,"stat.mineBlock.minecraft.stone":192}