{"stat.leaveGame":27,"stat.craftItem.minecraft.iron_axe":1,"stat.mineBlock.minecraft.sandstone":1,"stat.useItem.minecraft.mutton":1,"stat.useItem.minecraft.planks":8,"stat.mineBlock.minecraft.web":15,"stat.drop.minecraft.melon":3,"stat.mineBlock.rebornmod.bennettitalean_cycadeoidea":2,"stat.mineBlock.rebornmod.ginkgo_planks":2,"stat.pickup.minecraft.rotten_flesh":12,"stat.craftItem.minecraft.stone_axe":1,"stat.pickup.betteranimalsplus.deerhead_2":2,"stat.pickup.minecraft.observer":10,"stat.killEntity.Enderman":2,"stat.mineBlock.rebornmod.amber_ore":1,"stat.craftItem.minecraft.stone_sword":1,"stat.mineBlock.rebornmod.reinforced_stone":1,"stat.useItem.minecraft.iron_pickaxe":490,"stat.craftItem.minecraft.wooden_pickaxe":1,"stat.pickup.minecraft.double_plant":1,"stat.mineBlock.minecraft.vine":3,"stat.mineBlock.minecraft.sticky_piston":9,"stat.furnaceInteraction":54,"stat.pickup.evilcraft.werewolf_bone":2,"stat.mineBlock.botania.flower":1,"stat.pickup.rebornmod.frozen_leech":4,"stat.entityKilledBy.grimoireofgaia.harpy":1,"stat.drop.minecraft.red_flower":1,"stat.pickup.rebornmod.display_block_item":1,"stat.pickup.minecraft.beef":46,"stat.pickup.minecraft.furnace":6,"stat.pickup.minecraft.hay_block":35,"stat.drop.minecraft.lead":1,"stat.pickup.mowziesmobs.barakoa_mask_rage":1,"stat.pickup.rebornmod.reinforced_stone":1,"stat.drop.chococraft.ability_fruit":2,"stat.pickup.rebornmod.bennettitalean_cycadeoidea":1,"stat.deaths":7,"stat.pickup.minecraft.egg":5,"stat.pickup.rebornmod.ginkgo_sapling":12,"stat.playOneMinute":296392,"stat.craftItem.minecraft.iron_pickaxe":2,"stat.useItem.minecraft.shears":238,"stat.mineBlock.minecraft.tallgrass":47,"stat.chestOpened":38,"stat.drop.rebornmod.cockroaches":1,"stat.useItem.minecraft.stone":1,"stat.pickup.minecraft.arrow":4,"stat.drop.minecraft.flint":1,"stat.useItem.hammertime.itemhammeriron":1,"stat.craftItem.minecraft.iron_hoe":1,"stat.craftItem.minecraft.iron_nugget":9,"stat.fallOneCm":159104,"stat.pickup.minecraft.carrot":8,"stat.drop.minecraft.stone_sword":1,"stat.crouchOneCm":89005,"stat.pickup.minecraft.dropper":2,"stat.craftItem.minecraft.iron_ingot":116,"stat.pickup.minecraft.melon":12,"stat.craftingTableInteraction":55,"stat.pickup.minecraft.feather":5,"stat.drop.minecraft.bone":10,"stat.useItem.minecraft.furnace":4,"stat.pickup.minecraft.dye":75,"stat.pickup.minecraft.planks":36,"stat.mineBlock.rebornmod.tempskya":3,"stat.pickup.minecraft.wheat_seeds":7,"stat.pickup.rebornmod.dna_extractor":2,"stat.pickup.minecraft.lead":1,"stat.useItem.minecraft.stone_pickaxe":150,"stat.mineBlock.minecraft.glass":2,"stat.useItem.minecraft.stone_sword":73,"stat.mineBlock.rebornmod.display_block":1,"stat.mineBlock.minecraft.dirt":18,"stat.drop.rebornmod.twig_fossil":1,"stat.useItem.minecraft.torch":31,"stat.useItem.minecraft.bread":17,"stat.mineBlock.rebornmod.heliconia":1,"stat.drop.minecraft.rotten_flesh":2,"stat.pickup.minecraft.crafting_table":11,"stat.useItem.minecraft.cobblestone":185,"stat.craftItem.minecraft.crafting_table":3,"stat.mineBlock.rebornmod.ice_shard":1,"stat.mineBlock.minecraft.double_plant":6,"stat.craftItem.minecraft.boat":1,"stat.drop.rebornmod.mealworm_beetles":1,"stat.pickup.minecraft.log":29,"stat.drop.minecraft.chicken":4,"stat.mineBlock.galacticraftcore.basic_block_core":128,"stat.pickup.usefulbackpacks.backpack":1,"stat.craftItem.usefulbackpacks.backpack":6,"stat.mineBlock.rebornmod.dna_combinator_hybridizer":1,"stat.drop.minecraft.sapling":4,"stat.pickup.minecraft.chicken":6,"stat.pickup.minecraft.sapling":7,"stat.drop.rebornmod.crickets":3,"stat.craftItem.minecraft.planks":110,"stat.useItem.minecraft.iron_sword":242,"stat.entityKilledBy.Wolf":1,"stat.pickup.minecraft.book":123,"stat.useItem.minecraft.stonebrick":43,"stat.mineBlock.minecraft.log":31,"stat.useItem.carryon.entity_item":3,"stat.pickup.minecraft.red_flower":5,"stat.sneakTime":30093,"stat.pickup.minecraft.wool":239,"stat.pickup.minecraft.stone_slab":4,"stat.pickup.rebornmod.cockroaches":4,"stat.drop.minecraft.stone_pickaxe":1,"stat.pickup.minecraft.bone":14,"stat.mineBlock.rebornmod.ice_age_shard":6,"stat.useItem.minecraft.iron_axe":252,"stat.mineBlock.minecraft.cobblestone":28,"stat.pickup.minecraft.flint":1,"stat.pickup.evilcraft.werewolf_fur":1,"stat.mineBlock.minecraft.concrete":1,"stat.swimOneCm":81490,"stat.climbOneCm":10423,"stat.drop.minecraft.cobblestone":2,"stat.mineBlock.evilcraft.dark_ore":1,"stat.pickup.chococraft.chocobo_drumstick_raw":6,"stat.mineBlock.minecraft.dropper":2,"stat.pickup.minecraft.sticky_piston":9,"stat.killEntity.betteranimalsplus.boar":2,"stat.useItem.minecraft.stone_slab2":32,"stat.pickup.minecraft.bow":1,"stat.craftItem.minecraft.furnace":1,"stat.killEntity.artifacts.mimic":2,"stat.pickup.rebornmod.twig_fossil":2,"stat.craftItem.minecraft.iron_boots":2,"stat.useItem.minecraft.iron_ore":1,"stat.craftItem.minecraft.stone_pickaxe":2,"stat.craftItem.minecraft.cooked_beef":27,"stat.mineBlock.rebornmod.ginkgo_log":92,"stat.pickup.minecraft.cobblestone":639,"stat.mineBlock.minecraft.clay":1,"stat.flyOneCm":1291302,"stat.pickup.minecraft.sandstone":1,"stat.drop.minecraft.wheat_seeds":1,"stat.useItem.minecraft.cooked_beef":59,"stat.pickup.rebornmod.mealworm_beetles":1,"stat.pickup.minecraft.redstone":58,"stat.mineBlock.minecraft.iron_ore":104,"stat.pickup.rebornmod.amber":1,"stat.timeSinceDeath":6398,"stat.killEntity.evilcraft.werewolf":3,"stat.pickup.minecraft.mutton":50,"stat.craftItem.minecraft.iron_block":3,"stat.craftItem.minecraft.stonebrick":60,"stat.pickup.minecraft.stonebrick":9,"stat.pickup.galacticraftcore.basic_block_core":151,"stat.drop.minecraft.dirt":1,"stat.mineBlock.minecraft.coal_ore":50,"stat.talkedToVillager":8,"stat.pickup.minecraft.string":19,"stat.mineBlock.rebornmod.ginkgo_leaves":89,"stat.craftItem.minecraft.stone_slab2":0,"stat.sprintOneCm":671372,"stat.mineBlock.minecraft.stone_slab":2,"stat.craftItem.minecraft.stick":40,"stat.craftItem.rebornmod.amber_keychain":1,"stat.craftItem.minecraft.stone":62,"stat.mineBlock.minecraft.diamond_ore":6,"stat.craftItem.chococraft.chocobo_saddle":2,"stat.mineBlock.minecraft.crafting_table":12,"stat.useItem.minecraft.carrot":6,"stat.pickup.chococraft.gysahl_green_seeds":75,"stat.pickup.botania.flower":1,"stat.drop.chococraft.chocobo_saddle":1,"stat.mineBlock.minecraft.planks":4,"stat.drop.galacticraftcore.basic_item":13,"stat.drop":41,"stat.killEntity.Sheep":36,"stat.craftItem.hammertime.itemhammeriron":2,"stat.killEntity.Zombie":29,"stat.craftItem.minecraft.dye":36,"stat.mineBlock.minecraft.gold_ore":17,"stat.diveOneCm":91617,"stat.pickup.rebornmod.dna_combinator_hybridizer":1,"stat.useItem.rebornmod.tempskya":1,"stat.pickup.rebornmod.ginkgo_log":88,"stat.entityKilledBy.Pig":1,"stat.jump":7246,"stat.pickup.minecraft.coal":53,"stat.useItem.minecraft.stone_axe":88,"stat.mineBlock.minecraft.observer":10,"stat.craftItem.minecraft.bread":105,"stat.pickup.minecraft.spider_eye":1,"stat.craftItem.minecraft.torch":24,"stat.pickup.minecraft.dirt":14,"stat.craftItem.minecraft.iron_helmet":2,"stat.pickup.evilcraft.dark_gem_crushed":1,"stat.mineBlock.rebornmod.plant_fossil_block":4,"stat.pickup.minecraft.iron_ore":150,"stat.mineBlock.betteranimalsplus.deerhead_2":2,"stat.boatOneCm":815513,"stat.pickup.minecraft.gold_ore":17,"stat.mineBlock.minecraft.lapis_ore":15,"stat.damageTaken":6501,"stat.pickup.minecraft.leather":32,"stat.drop.minecraft.iron_hoe":1,"stat.mineBlock.minecraft.red_flower":4,"stat.mineBlock.minecraft.melon_block":2,"stat.mineBlock.minecraft.torch":8,"stat.mineBlock.minecraft.furnace":6,"stat.useItem.minecraft.wooden_pickaxe":19,"stat.pickup.evilcraft.dark_gem":10,"stat.pickup.minecraft.reeds":31,"stat.drop.chococraft.gysahl_green":25,"stat.mineBlock.rebornmod.dna_extractor":2,"stat.mineBlock.rebornmod.gypsum_stone":18,"stat.damageDealt":17602,"stat.mineBlock.rebornmod.clear_glass":9,"stat.craftItem.minecraft.anvil":1,"stat.pickup.chococraft.gysahl_green":35,"stat.killEntity.Cow":25,"stat.useItem.minecraft.crafting_table":5,"stat.craftItem.minecraft.iron_sword":1,"stat.pickup.minecraft.piston":1,"stat.pickup.minecraft.boat":5,"stat.walkOneCm":337646,"stat.pickup.rebornmod.crickets":6,"stat.pickup.minecraft.stick":2,"stat.craftItem.rebornmod.ginkgo_planks":8,"stat.pickup.rebornmod.gypsum_powder":128,"stat.useItem.minecraft.melon":9,"stat.craftItem.minecraft.wheat":315,"stat.pickup.galacticraftcore.basic_item":76,"stat.entityKilledBy.grimoireofgaia.minotaurus":1,"stat.pickup.minecraft.stone":75,"stat.useItem.rebornmod.ginkgo_planks":2,"stat.mineBlock.minecraft.wool":243,"stat.pickup.minecraft.ender_pearl":1,"stat.drop.chococraft.gysahl_green_seeds":9,"stat.killEntity.Skeleton":4,"stat.mineBlock.minecraft.stonebrick":10,"stat.killEntity.Chicken":2,"stat.pickup.rebornmod.tempskya":4,"stat.killEntity.Spider":3,"stat.killEntity.grimoireofgaia.harpy":1,"stat.pickup.rebornmod.ginkgo_planks":2,"stat.mobKills":115,"stat.mineBlock.minecraft.bookshelf":41,"stat.craftItem.minecraft.shears":1,"stat.pickup.mowziesmobs.barakoa_mask_bliss":1,"stat.useItem.minecraft.boat":6,"stat.pickup.artifacts.whoopie_cushion":1,"stat.pickup.minecraft.diamond":6,"stat.mineBlock.minecraft.leaves":44,"stat.mineBlock.minecraft.piston":1,"stat.pickup.minecraft.torch":17,"stat.mineBlock.minecraft.redstone_ore":13,"stat.craftItem.minecraft.coal_block":6,"stat.pickup.evilcraft.werewolf_flesh":1,"stat.drop.minecraft.arrow":2,"stat.mineBlock.minecraft.hay_block":38,"stat.craftItem.galacticraftcore.basic_item":56,"stat.mineBlock.minecraft.stone":196}