{"stat.leaveGame":65,"stat.killEntity.Parrot":3,"stat.mineBlock.minecraft.sandstone":1,"stat.mineBlock.minecraft.web":15,"stat.drop.minecraft.feather":1,"stat.mineBlock.rebornmod.bennettitalean_cycadeoidea":2,"stat.pickup.minecraft.rotten_flesh":38,"stat.mineBlock.galacticraftcore.aluminum_wire":3,"stat.killEntity.Donkey":1,"stat.craftItem.minecraft.stone_axe":1,"stat.useItem.hammertime.itemshoveliron":4,"stat.killEntity.Enderman":2,"stat.mineBlock.rebornmod.amber_ore":1,"stat.craftItem.minecraft.iron_shovel":1,"stat.craftItem.galacticraftcore.steel_pole":2,"stat.useItem.minecraft.iron_pickaxe":632,"stat.craftItem.minecraft.wooden_pickaxe":1,"stat.useItem.minecraft.iron_shovel":264,"stat.pickup.minecraft.double_plant":1,"stat.pickup.rebornmod.fossil_block_1":1,"stat.craftItem.minecraft.bed":1,"stat.mineBlock.minecraft.vine":3,"stat.mineBlock.minecraft.sticky_piston":9,"stat.furnaceInteraction":213,"stat.pickup.evilcraft.werewolf_bone":2,"stat.mineBlock.botania.flower":5,"stat.killEntity.ZombieVillager":1,"stat.pickup.rebornmod.fossil_block_5":1,"stat.drop.minecraft.red_flower":2,"stat.pickup.rebornmod.display_block_item":5,"stat.pickup.minecraft.beef":46,"stat.pickup.minecraft.hay_block":41,"stat.drop.minecraft.lead":1,"stat.pickup.mowziesmobs.barakoa_mask_rage":1,"stat.mineBlock.minecraft.fence":1,"stat.pickup.rebornmod.reinforced_stone":1,"stat.drop.chococraft.ability_fruit":2,"stat.craftItem.hammertime.itemshoveliron":1,"stat.deaths":26,"stat.pickup.minecraft.egg":6,"stat.craftItem.minecraft.iron_pickaxe":2,"stat.craftItem.galacticraftcore.aluminum_wire":42,"stat.craftItem.minecraft.repeater":1,"stat.mineBlock.minecraft.tallgrass":107,"stat.chestOpened":92,"stat.mineBlock.rebornmod.ginkgo_sapling":1,"stat.useItem.minecraft.stone":1,"stat.pickup.minecraft.arrow":5,"stat.pickup.minecraft.gold_nugget":4,"stat.pickup.galacticraftcore.machine":3,"stat.craftItem.minecraft.coal":9,"stat.useItem.hammertime.itemhammeriron":1,"stat.useItem.rebornmod.ginkgo_sapling":13,"stat.pickup.minecraft.carrot":8,"stat.drop.minecraft.stone_sword":1,"stat.crouchOneCm":155551,"stat.craftItem.minecraft.iron_ingot":403,"stat.craftingTableInteraction":144,"stat.pickup.minecraft.dye":75,"stat.pickup.minecraft.planks":36,"stat.mineBlock.rebornmod.tempskya":3,"stat.pickup.minecraft.wheat_seeds":34,"stat.mineBlock.minecraft.glass":2,"stat.mineBlock.rebornmod.display_block":4,"stat.mineBlock.minecraft.dirt":209,"stat.useItem.minecraft.bread":117,"stat.mineBlock.rebornmod.heliconia":1,"stat.drop.minecraft.rotten_flesh":4,"stat.useItem.minecraft.cobblestone":226,"stat.mineBlock.rebornmod.ice_shard":1,"stat.pickup.galacticraftcore.aluminum_wire":3,"stat.mineBlock.minecraft.double_plant":10,"stat.drop.rebornmod.mealworm_beetles":1,"stat.drop.betternether.cincinnasite_axe":1,"stat.drop.minecraft.chicken":5,"stat.useItem.minecraft.yellow_flower":6,"stat.craftItem.minecraft.gold_ingot":43,"stat.drop.minecraft.sapling":4,"stat.pickup.minecraft.chicken":7,"stat.craftItem.minecraft.bucket":2,"stat.craftItem.minecraft.planks":134,"stat.useItem.minecraft.iron_sword":429,"stat.entityKilledBy.Wolf":1,"stat.pickup.minecraft.book":123,"stat.useItem.minecraft.stonebrick":708,"stat.mineBlock.minecraft.log":35,"stat.useItem.carryon.entity_item":3,"stat.pickup.minecraft.red_flower":17,"stat.pickup.minecraft.wool":241,"stat.useItem.minecraft.iron_axe":429,"stat.mineBlock.minecraft.cobblestone":46,"stat.pickup.minecraft.flint":1,"stat.mineBlock.minecraft.yellow_flower":9,"stat.mineBlock.minecraft.concrete":1,"stat.entityKilledBy.Mule":1,"stat.drop.minecraft.cobblestone":2,"stat.mineBlock.minecraft.dropper":2,"stat.pickup.minecraft.sticky_piston":9,"stat.useItem.minecraft.stone_slab2":117,"stat.pickup.minecraft.bow":1,"stat.craftItem.minecraft.furnace":12,"stat.craftItem.minecraft.iron_boots":4,"stat.craftItem.minecraft.cooked_beef":27,"stat.mineBlock.rebornmod.ginkgo_log":96,"stat.useItem.rebornmod.clear_glass":148,"stat.mineBlock.minecraft.clay":1,"stat.flyOneCm":2271014,"stat.pickup.minecraft.sandstone":1,"stat.useItem.rebornmod.ginkgo_log":1,"stat.pickup.galacticraftcore.solar":1,"stat.pickup.rebornmod.mealworm_beetles":3,"stat.timeSinceDeath":54633,"stat.craftItem.minecraft.iron_block":3,"stat.craftItem.minecraft.stonebrick":680,"stat.killEntity.Wolf":1,"stat.mineBlock.minecraft.coal_ore":51,"stat.killEntity.Creeper":1,"stat.talkedToVillager":8,"stat.pickup.botania.manaresource":5,"stat.pickup.minecraft.string":22,"stat.pickup.rebornmod.embryonic_machine":1,"stat.mineBlock.rebornmod.ginkgo_leaves":92,"stat.entityKilledBy.Skeleton":1,"stat.sprintOneCm":1094719,"stat.mineBlock.minecraft.stone_slab":12,"stat.useItem.carryon.tile_item":1,"stat.craftItem.rebornmod.amber_keychain":1,"stat.mineBlock.minecraft.diamond_ore":6,"stat.craftItem.chococraft.chocobo_saddle":2,"stat.mineBlock.rebornmod.encased_fossil_4":4,"stat.drop.galacticraftcore.basic_item":13,"stat.useItem.minecraft.ladder":2,"stat.killEntity.Zombie":63,"stat.craftItem.minecraft.dye":36,"stat.mineBlock.minecraft.gold_ore":18,"stat.diveOneCm":113945,"stat.mineBlock.minecraft.mossy_cobblestone":1,"stat.craftItem.rebornmod.ginkgo_door_item":3,"stat.craftItem.minecraft.ladder":3,"stat.pickup.artifacts.snorkel":1,"stat.mineBlock.galacticraftcore.machine":3,"stat.entityKilledBy.Pig":1,"stat.jump":10254,"stat.useItem.minecraft.sand":1,"stat.pickup.minecraft.coal":120,"stat.pickup.minecraft.iron_ingot":1,"stat.craftItem.minecraft.lever":1,"stat.mineBlock.minecraft.observer":10,"stat.pickup.minecraft.gunpowder":1,"stat.craftItem.minecraft.torch":24,"stat.pickup.minecraft.dirt":211,"stat.pickup.evilcraft.dark_gem_crushed":1,"stat.mineBlock.betteranimalsplus.deerhead_2":2,"stat.pickup.minecraft.gold_ore":18,"stat.mineBlock.minecraft.lapis_ore":15,"stat.pickup.minecraft.iron_axe":1,"stat.damageTaken":15999,"stat.mineBlock.minecraft.red_flower":13,"stat.mineBlock.minecraft.melon_block":2,"stat.mineBlock.minecraft.torch":14,"stat.pickup.minecraft.bed":1,"stat.mineBlock.rebornmod.dna_extractor":2,"stat.entityKilledBy.Zombie":10,"stat.mineBlock.rebornmod.clear_glass":12,"stat.pickup.chococraft.gysahl_green":35,"stat.craftItem.minecraft.stone_slab":174,"stat.pickup.rebornmod.crickets":29,"stat.pickup.rebornmod.gypsum_powder":128,"stat.useItem.minecraft.melon":9,"stat.craftItem.minecraft.wheat":369,"stat.useItem.rebornmod.ginkgo_planks":345,"stat.craftItem.minecraft.iron_chestplate":1,"stat.pickup.minecraft.ender_pearl":1,"stat.mineBlock.minecraft.stonebrick":36,"stat.killEntity.grimoireofgaia.harpy":3,"stat.pickup.rebornmod.ginkgo_planks":86,"stat.mobKills":174,"stat.mineBlock.minecraft.bookshelf":41,"stat.craftItem.minecraft.shears":1,"stat.useItem.minecraft.boat":6,"stat.pickup.artifacts.whoopie_cushion":1,"stat.pickup.minecraft.diamond":6,"stat.pickup.minecraft.torch":31,"stat.pickup.evilcraft.werewolf_flesh":2,"stat.drop.minecraft.arrow":2,"stat.drop.minecraft.mutton":1,"stat.craftItem.minecraft.iron_axe":2,"stat.useItem.minecraft.mutton":2,"stat.useItem.minecraft.planks":8,"stat.drop.minecraft.melon":3,"stat.mineBlock.rebornmod.ginkgo_planks":91,"stat.useItem.minecraft.water_bucket":16,"stat.pickup.minecraft.sand":184,"stat.drop.minecraft.golden_leggings":1,"stat.pickup.betteranimalsplus.deerhead_2":2,"stat.pickup.minecraft.observer":10,"stat.craftItem.minecraft.stone_sword":1,"stat.mineBlock.minecraft.sand":150,"stat.mineBlock.rebornmod.reinforced_stone":1,"stat.pickup.rebornmod.frozen_leech":4,"stat.entityKilledBy.grimoireofgaia.harpy":2,"stat.mineBlock.rebornmod.embryonic_machine":1,"stat.pickup.minecraft.furnace":7,"stat.useItem.minecraft.stone_stairs":3,"stat.useItem.betternether.cincinnasite_axe":1,"stat.killEntity.Horse":2,"stat.pickup.rebornmod.bennettitalean_cycadeoidea":1,"stat.pickup.rebornmod.ginkgo_sapling":17,"stat.playOneMinute":583918,"stat.useItem.minecraft.shears":238,"stat.drop.rebornmod.cockroaches":1,"stat.pickup.galacticraftcore.machine2":1,"stat.pickup.rebornmod.encased_fossil_4":4,"stat.mineBlock.minecraft.netherrack":4,"stat.mineBlock.minecraft.ice":7,"stat.drop.minecraft.flint":1,"stat.craftItem.minecraft.iron_hoe":1,"stat.craftItem.minecraft.iron_nugget":9,"stat.fallOneCm":235534,"stat.pickup.minecraft.dropper":2,"stat.pickup.minecraft.golden_leggings":2,"stat.pickup.minecraft.melon":12,"stat.pickup.minecraft.feather":7,"stat.drop.minecraft.bone":10,"stat.useItem.minecraft.furnace":6,"stat.pickup.rebornmod.dna_extractor":2,"stat.pickup.minecraft.lead":2,"stat.useItem.minecraft.stone_pickaxe":150,"stat.useItem.minecraft.stone_sword":73,"stat.craftItem.minecraft.iron_leggings":1,"stat.drop.rebornmod.twig_fossil":1,"stat.useItem.minecraft.torch":53,"stat.pickup.minecraft.iron_nugget":5,"stat.drop.botania.flower":4,"stat.craftItem.minecraft.stone_stairs":4,"stat.pickup.minecraft.crafting_table":12,"stat.useItem.minecraft.log":154,"stat.craftItem.minecraft.crafting_table":5,"stat.pickup.betternether.cincinnasite_axe":1,"stat.craftItem.minecraft.boat":1,"stat.pickup.minecraft.log":191,"stat.mineBlock.galacticraftcore.basic_block_core":138,"stat.craftItem.minecraft.stone_button":2,"stat.pickup.usefulbackpacks.backpack":1,"stat.craftItem.usefulbackpacks.backpack":6,"stat.mineBlock.rebornmod.dna_combinator_hybridizer":1,"stat.pickup.minecraft.sapling":10,"stat.drop.rebornmod.crickets":7,"stat.mineBlock.galacticraftcore.solar":1,"stat.pickup.rebornmod.phoenix_log_petrified":5,"stat.sneakTime":49945,"stat.pickup.minecraft.stone_slab":19,"stat.pickup.minecraft.yellow_flower":10,"stat.pickup.rebornmod.cockroaches":5,"stat.killEntity.grimoireofgaia.minotaurus":2,"stat.drop.minecraft.stone_pickaxe":1,"stat.pickup.minecraft.bone":14,"stat.useItem.rebornmod.ginkgo_door_item":2,"stat.mineBlock.rebornmod.ice_age_shard":6,"stat.pickup.evilcraft.werewolf_fur":1,"stat.useItem.galacticraftcore.aluminum_wire":7,"stat.swimOneCm":143472,"stat.climbOneCm":11901,"stat.mineBlock.evilcraft.dark_ore":1,"stat.craftItem.galacticraftcore.machine2":2,"stat.pickup.chococraft.chocobo_drumstick_raw":6,"stat.craftItem.rebornmod.clear_glass":152,"stat.killEntity.betteranimalsplus.boar":2,"stat.useItem.minecraft.dirt":55,"stat.useItem.minecraft.red_flower":4,"stat.drop.evilcraft.werewolf_flesh":1,"stat.killEntity.artifacts.mimic":2,"stat.pickup.rebornmod.twig_fossil":2,"stat.pickup.minecraft.anvil":1,"stat.useItem.minecraft.iron_ore":1,"stat.craftItem.minecraft.stone_pickaxe":2,"stat.pickup.minecraft.cobblestone":1235,"stat.drop.minecraft.wheat_seeds":4,"stat.useItem.minecraft.cooked_beef":59,"stat.pickup.minecraft.redstone":58,"stat.mineBlock.minecraft.iron_ore":116,"stat.pickup.rebornmod.amber":1,"stat.killEntity.evilcraft.werewolf":3,"stat.pickup.minecraft.mutton":52,"stat.pickup.minecraft.mossy_cobblestone":1,"stat.pickup.minecraft.stonebrick":32,"stat.pickup.galacticraftcore.basic_block_core":167,"stat.drop.minecraft.dirt":14,"stat.pickup.minecraft.iron_shovel":1,"stat.pickup.rebornmod.plant_fossil":2,"stat.craftItem.minecraft.stone_slab2":0,"stat.craftItem.minecraft.stick":52,"stat.useItem.minecraft.stone_slab":240,"stat.craftItem.minecraft.stone":715,"stat.mineBlock.minecraft.crafting_table":13,"stat.useItem.minecraft.carrot":6,"stat.pickup.chococraft.gysahl_green_seeds":75,"stat.pickup.botania.flower":9,"stat.entityKilledBy.Creeper":1,"stat.drop.chococraft.chocobo_saddle":1,"stat.mineBlock.minecraft.planks":4,"stat.drop":62,"stat.killEntity.Sheep":38,"stat.craftItem.hammertime.itemhammeriron":3,"stat.craftItem.galacticraftcore.machine":2,"stat.pickup.rebornmod.dna_combinator_hybridizer":1,"stat.useItem.rebornmod.tempskya":1,"stat.mineBlock.minecraft.anvil":1,"stat.pickup.rebornmod.ginkgo_log":219,"stat.pickup.minecraft.fence":1,"stat.useItem.minecraft.stone_axe":88,"stat.craftItem.minecraft.bread":123,"stat.pickup.minecraft.spider_eye":1,"stat.craftItem.minecraft.iron_helmet":4,"stat.mineBlock.rebornmod.plant_fossil_block":4,"stat.pickup.minecraft.iron_ore":165,"stat.useItem.rebornmod.plaster_and_bandage":3,"stat.boatOneCm":815513,"stat.pickup.minecraft.leather":33,"stat.drop.minecraft.iron_hoe":1,"stat.mineBlock.minecraft.furnace":7,"stat.useItem.minecraft.wooden_pickaxe":19,"stat.dispenserInspected":2,"stat.pickup.evilcraft.dark_gem":10,"stat.pickup.minecraft.reeds":31,"stat.drop.chococraft.gysahl_green":25,"stat.mineBlock.rebornmod.gypsum_stone":18,"stat.damageDealt":34188,"stat.craftItem.minecraft.glass":172,"stat.sleepInBed":1,"stat.craftItem.minecraft.anvil":1,"stat.killEntity.Cow":25,"stat.useItem.minecraft.crafting_table":5,"stat.craftItem.hammertime.itemaxeiron":1,"stat.craftItem.minecraft.iron_sword":1,"stat.pickup.minecraft.piston":1,"stat.pickup.minecraft.boat":5,"stat.walkOneCm":787741,"stat.pickup.minecraft.stick":2,"stat.craftItem.rebornmod.ginkgo_planks":488,"stat.craftItem.galacticraftcore.solar":1,"stat.pickup.galacticraftcore.basic_item":201,"stat.entityKilledBy.grimoireofgaia.minotaurus":4,"stat.pickup.minecraft.stone":123,"stat.mineBlock.minecraft.wool":243,"stat.drop.chococraft.gysahl_green_seeds":9,"stat.killEntity.Skeleton":5,"stat.pickup.grimoireofgaia.misc_soul_fiery":1,"stat.killEntity.Chicken":5,"stat.pickup.rebornmod.tempskya":4,"stat.killEntity.Spider":7,"stat.mineBlock.galacticraftcore.machine2":1,"stat.pickup.mowziesmobs.barakoa_mask_bliss":1,"stat.mineBlock.minecraft.leaves":56,"stat.mineBlock.minecraft.piston":1,"stat.mineBlock.minecraft.redstone_ore":13,"stat.craftItem.minecraft.coal_block":17,"stat.mineBlock.minecraft.hay_block":44,"stat.craftItem.galacticraftcore.basic_item":128,"stat.mineBlock.minecraft.stone":200}