{"stat.leaveGame":73,"stat.killEntity.Parrot":3,"stat.mineBlock.minecraft.sandstone":1,"stat.mineBlock.minecraft.web":15,"stat.craftItem.minecraft.stone_pressure_plate":2,"stat.drop.minecraft.feather":1,"stat.mineBlock.rebornmod.bennettitalean_cycadeoidea":2,"stat.drop.minecraft.iron_sword":1,"stat.pickup.minecraft.rotten_flesh":93,"stat.mineBlock.galacticraftcore.aluminum_wire":14,"stat.killEntity.Donkey":1,"stat.craftItem.minecraft.stone_axe":1,"stat.useItem.hammertime.itemshoveliron":4,"stat.killEntity.Enderman":2,"stat.mineBlock.rebornmod.amber_ore":8,"stat.drop.rebornmod.gypsum_powder":6,"stat.entityKilledBy.artifacts.mimic":1,"stat.craftItem.minecraft.iron_shovel":1,"stat.pickup.minecraft.brown_mushroom":1,"stat.craftItem.galacticraftcore.steel_pole":2,"stat.useItem.minecraft.iron_pickaxe":926,"stat.craftItem.minecraft.wooden_pickaxe":1,"stat.craftItem.minecraft.iron_door":3,"stat.useItem.minecraft.iron_shovel":264,"stat.pickup.minecraft.double_plant":1,"stat.pickup.rebornmod.fossil_block_1":1,"stat.craftItem.minecraft.bed":1,"stat.craftItem.minecraft.glass_pane":48,"stat.mineBlock.minecraft.vine":3,"stat.mineBlock.minecraft.sticky_piston":9,"stat.furnaceInteraction":286,"stat.craftItem.rebornmod.plaster_and_bandage":36,"stat.pickup.evilcraft.werewolf_bone":2,"stat.mineBlock.botania.flower":5,"stat.killEntity.ZombieVillager":1,"stat.pickup.rebornmod.fossil_block_5":1,"stat.drop.minecraft.red_flower":2,"stat.pickup.rebornmod.display_block_item":7,"stat.pickup.minecraft.beef":46,"stat.pickup.minecraft.hay_block":41,"stat.mineBlock.rebornmod.moss":2,"stat.drop.minecraft.lead":1,"stat.mineBlock.galacticraftcore.rocket_workbench":1,"stat.pickup.mowziesmobs.barakoa_mask_rage":1,"stat.mineBlock.minecraft.fence":1,"stat.pickup.rebornmod.reinforced_stone":1,"stat.drop.chococraft.ability_fruit":2,"stat.craftItem.securitycraft.laser_block":1,"stat.useItem.minecraft.dye":88,"stat.craftItem.hammertime.itemshoveliron":1,"stat.deaths":33,"stat.pickup.minecraft.egg":6,"stat.craftItem.minecraft.item_frame":1,"stat.craftItem.minecraft.iron_pickaxe":3,"stat.craftItem.galacticraftcore.aluminum_wire":66,"stat.pickup.minecraft.item_frame":1,"stat.craftItem.minecraft.repeater":3,"stat.pickup.rebornmod.moss":3,"stat.drop.minecraft.iron_ingot":1,"stat.mineBlock.minecraft.tallgrass":108,"stat.craftItem.rebornmod.storage_disc":17,"stat.chestOpened":271,"stat.mineBlock.rebornmod.ginkgo_sapling":1,"stat.craftItem.rebornmod.disc_reader":1,"stat.pickup.botania.mushroom":4,"stat.useItem.minecraft.stone":6,"stat.pickup.minecraft.arrow":7,"stat.pickup.minecraft.iron_sword":1,"stat.killEntity.Vex":2,"stat.pickup.minecraft.gold_nugget":10,"stat.entityKilledBy.Vex":1,"stat.pickup.galacticraftcore.machine":3,"stat.craftItem.minecraft.coal":9,"stat.useItem.hammertime.itemhammeriron":2,"stat.mineBlock.botania.mushroom":3,"stat.useItem.rebornmod.ginkgo_sapling":13,"stat.pickup.minecraft.carrot":9,"stat.drop.minecraft.stone_sword":1,"stat.crouchOneCm":177051,"stat.craftItem.minecraft.iron_ingot":444,"stat.craftItem.minecraft.hopper":1,"stat.craftingTableInteraction":269,"stat.pickup.minecraft.dye":98,"stat.pickup.minecraft.planks":60,"stat.mineBlock.rebornmod.tempskya":3,"stat.pickup.minecraft.wheat_seeds":76,"stat.mineBlock.minecraft.glass":2,"stat.mineBlock.rebornmod.display_block":6,"stat.mineBlock.minecraft.dirt":210,"stat.craftItem.rebornmod.cleaning_station":1,"stat.pickup.securitycraft.reinforced_glass_block":4,"stat.useItem.minecraft.bread":211,"stat.mineBlock.rebornmod.heliconia":1,"stat.mineBlock.galacticraftcore.oxygen_compressor":1,"stat.drop.minecraft.rotten_flesh":7,"stat.useItem.securitycraft.reinforced_glass_block":145,"stat.useItem.minecraft.cobblestone":257,"stat.mineBlock.rebornmod.ice_shard":1,"stat.pickup.galacticraftcore.aluminum_wire":14,"stat.mineBlock.minecraft.double_plant":10,"stat.drop.rebornmod.mealworm_beetles":1,"stat.drop.betternether.cincinnasite_axe":1,"stat.useItem.galacticraftcore.rocket_workbench":2,"stat.pickup.securitycraft.reinforced_stone":16,"stat.drop.minecraft.chicken":5,"stat.pickup.minecraft.iron_pickaxe":1,"stat.useItem.minecraft.yellow_flower":6,"stat.craftItem.minecraft.gold_ingot":58,"stat.drop.minecraft.sapling":4,"stat.pickup.minecraft.chicken":7,"stat.craftItem.securitycraft.door_indestructible_iron_item":2,"stat.craftItem.minecraft.bucket":3,"stat.craftItem.minecraft.planks":366,"stat.useItem.minecraft.iron_sword":708,"stat.entityKilledBy.Wolf":1,"stat.itemEnchanted":3,"stat.pickup.minecraft.book":124,"stat.useItem.minecraft.stonebrick":709,"stat.mineBlock.minecraft.log":35,"stat.useItem.carryon.entity_item":3,"stat.craftItem.minecraft.paper":24,"stat.pickup.minecraft.red_flower":18,"stat.pickup.minecraft.wool":276,"stat.useItem.minecraft.iron_axe":485,"stat.mineBlock.minecraft.cobblestone":57,"stat.pickup.minecraft.flint":3,"stat.mineBlock.minecraft.yellow_flower":10,"stat.mineBlock.minecraft.concrete":1,"stat.entityKilledBy.Mule":1,"stat.drop.minecraft.cobblestone":3,"stat.mineBlock.minecraft.dropper":2,"stat.pickup.minecraft.sticky_piston":9,"stat.useItem.minecraft.stone_slab2":1099,"stat.pickup.minecraft.bow":1,"stat.useItem.rebornmod.ginkgo_stairs":9,"stat.mineBlock.galacticraftcore.collector":1,"stat.craftItem.minecraft.furnace":17,"stat.pickup.grimoireofgaia.deco_nest_harpy":1,"stat.craftItem.minecraft.iron_boots":5,"stat.useItem.rebornmod.tooth":1,"stat.craftItem.minecraft.cooked_beef":27,"stat.mineBlock.rebornmod.ginkgo_log":96,"stat.mineBlock.minecraft.obsidian":4,"stat.useItem.rebornmod.clear_glass":148,"stat.mineBlock.minecraft.clay":1,"stat.craftItem.galacticraftcore.oxygen_compressor":1,"stat.flyOneCm":3102372,"stat.pickup.minecraft.sandstone":1,"stat.useItem.rebornmod.ginkgo_log":1,"stat.pickup.galacticraftcore.solar":2,"stat.pickup.rebornmod.mealworm_beetles":3,"stat.timeSinceDeath":820,"stat.craftItem.galacticraftcore.machine_tiered":1,"stat.drop.minecraft.spider_eye":1,"stat.craftItem.minecraft.iron_block":8,"stat.pickup.rebornmod.plant_soft_tissue":1,"stat.craftItem.minecraft.stonebrick":680,"stat.killEntity.Wolf":1,"stat.mineBlock.minecraft.coal_ore":143,"stat.killEntity.Creeper":1,"stat.talkedToVillager":8,"stat.pickup.botania.manaresource":9,"stat.pickup.minecraft.string":29,"stat.pickup.rebornmod.embryonic_machine":2,"stat.mineBlock.rebornmod.ginkgo_leaves":92,"stat.drop.usefulbackpacks.backpack":1,"stat.entityKilledBy.Skeleton":1,"stat.craftItem.rebornmod.iron_rod":4,"stat.sprintOneCm":1618117,"stat.mineBlock.minecraft.stone_slab":12,"stat.pickup.rebornmod.neck_vertebrae":1,"stat.useItem.carryon.tile_item":1,"stat.craftItem.rebornmod.amber_keychain":1,"stat.mineBlock.betternether.pig_statue_01":2,"stat.mineBlock.minecraft.diamond_ore":16,"stat.craftItem.chococraft.chocobo_saddle":2,"stat.mineBlock.rebornmod.encased_fossil_0":12,"stat.mineBlock.rebornmod.encased_fossil_2":2,"stat.mineBlock.rebornmod.encased_fossil_1":8,"stat.mineBlock.rebornmod.encased_fossil_4":8,"stat.mineBlock.rebornmod.encased_fossil_3":3,"stat.drop.evilcraft.origins_of_darkness":1,"stat.mineBlock.rebornmod.encased_fossil_5":4,"stat.pickup.betteranimalsplus.venisoncooked":1,"stat.craftItem.galacticraftcore.canister":2,"stat.drop.galacticraftcore.basic_item":13,"stat.useItem.minecraft.ladder":2,"stat.killEntity.Zombie":102,"stat.craftItem.minecraft.dye":40,"stat.mineBlock.minecraft.gold_ore":18,"stat.diveOneCm":135334,"stat.pickup.minecraft.wheat":46,"stat.mineBlock.minecraft.mossy_cobblestone":1,"stat.craftItem.rebornmod.ginkgo_door_item":3,"stat.craftItem.minecraft.ladder":3,"stat.pickup.securitycraft.reinforced_logs":1,"stat.pickup.artifacts.snorkel":1,"stat.pickup.minecraft.obsidian":4,"stat.craftItem.rebornmod.advanced_circuit":4,"stat.mineBlock.galacticraftcore.machine":3,"stat.entityKilledBy.Pig":1,"stat.jump":13448,"stat.useItem.minecraft.sand":1,"stat.pickup.minecraft.coal":315,"stat.pickup.minecraft.iron_ingot":24,"stat.craftItem.minecraft.lever":3,"stat.mineBlock.minecraft.observer":10,"stat.pickup.minecraft.gunpowder":1,"stat.craftItem.minecraft.torch":72,"stat.pickup.minecraft.dirt":224,"stat.pickup.evilcraft.dark_gem_crushed":1,"stat.mineBlock.betteranimalsplus.deerhead_2":2,"stat.pickup.minecraft.gold_ore":18,"stat.mineBlock.minecraft.lapis_ore":15,"stat.pickup.minecraft.iron_axe":1,"stat.damageTaken":21514,"stat.pickup.rebornmod.plaster_and_bandage":32,"stat.drop.botania.specialflower":1,"stat.mineBlock.minecraft.red_flower":14,"stat.mineBlock.minecraft.melon_block":2,"stat.mineBlock.minecraft.torch":25,"stat.pickup.minecraft.bed":1,"stat.pickup.artifacts.thorn_pendant":1,"stat.mineBlock.rebornmod.dna_extractor":2,"stat.entityKilledBy.Zombie":11,"stat.mineBlock.rebornmod.clear_glass":12,"stat.pickup.chococraft.gysahl_green":43,"stat.craftItem.minecraft.stone_slab":180,"stat.craftItem.securitycraft.universal_block_reinforcer_lvl1":1,"stat.craftItem.galacticraftcore.fluid_pipe":6,"stat.useItem.minecraft.chest":2,"stat.pickup.rebornmod.crickets":30,"stat.pickup.rebornmod.gypsum_powder":155,"stat.craftItem.galacticraftcore.rocket_workbench":1,"stat.pickup.bountifulbaubles.potionrecall":1,"stat.useItem.minecraft.melon":9,"stat.craftItem.minecraft.wheat":369,"stat.useItem.rebornmod.ginkgo_planks":347,"stat.craftItem.minecraft.iron_chestplate":2,"stat.pickup.minecraft.ender_pearl":1,"stat.pickup.minecraft.ladder":1,"stat.craftItem.minecraft.bookshelf":41,"stat.mineBlock.minecraft.stonebrick":42,"stat.killEntity.grimoireofgaia.harpy":5,"stat.pickup.rebornmod.ginkgo_planks":136,"stat.mobKills":243,"stat.mineBlock.minecraft.bookshelf":41,"stat.craftItem.minecraft.shears":1,"stat.useItem.minecraft.boat":6,"stat.pickup.artifacts.whoopie_cushion":2,"stat.pickup.minecraft.diamond":21,"stat.pickup.minecraft.torch":49,"stat.pickup.evilcraft.werewolf_flesh":3,"stat.drop.minecraft.arrow":3,"stat.craftItem.galacticraftcore.oxygen_mask":3,"stat.drop.minecraft.mutton":1,"stat.useItem.minecraft.bookshelf":39,"stat.useItem.betteranimalsplus.venisoncooked":1,"stat.craftItem.minecraft.iron_axe":2,"stat.useItem.minecraft.lead":1,"stat.useItem.minecraft.mutton":2,"stat.useItem.minecraft.planks":8,"stat.drop.minecraft.melon":3,"stat.mineBlock.rebornmod.ginkgo_planks":93,"stat.useItem.minecraft.water_bucket":27,"stat.pickup.minecraft.sand":208,"stat.drop.minecraft.golden_leggings":1,"stat.entityKilledBy.Spider":2,"stat.pickup.betteranimalsplus.deerhead_2":2,"stat.craftItem.rebornmod.dna_analyzer":3,"stat.pickup.minecraft.observer":10,"stat.craftItem.minecraft.stone_sword":1,"stat.mineBlock.minecraft.sand":151,"stat.mineBlock.rebornmod.reinforced_stone":1,"stat.hopperInspected":11,"stat.craftItem.securitycraft.reinforced_stone_button":16,"stat.pickup.artifacts.night_vision_goggles":2,"stat.pickup.galacticraftcore.oxygen_mask":1,"stat.pickup.rebornmod.frozen_leech":8,"stat.entityKilledBy.grimoireofgaia.harpy":2,"stat.mineBlock.rebornmod.embryonic_machine":2,"stat.pickup.minecraft.furnace":8,"stat.pickup.minecraft.iron_chestplate":1,"stat.useItem.minecraft.stone_stairs":6,"stat.craftItem.rebornmod.laser":4,"stat.useItem.betternether.cincinnasite_axe":1,"stat.killEntity.Horse":2,"stat.pickup.bountifulbaubles.amuletsinempty":1,"stat.pickup.rebornmod.skull":2,"stat.pickup.minecraft.stone_stairs":5,"stat.craftItem.rebornmod.fossil_grinder":1,"stat.pickup.rebornmod.bennettitalean_cycadeoidea":1,"stat.craftItem.minecraft.heavy_weighted_pressure_plate":2,"stat.pickup.rebornmod.ginkgo_sapling":17,"stat.playOneMinute":925491,"stat.drop.minecraft.string":1,"stat.useItem.minecraft.shears":238,"stat.craftItem.securitycraft.keypad_item":2,"stat.drop.rebornmod.cockroaches":1,"stat.pickup.galacticraftcore.machine2":1,"stat.pickup.rebornmod.encased_fossil_0":12,"stat.pickup.rebornmod.encased_fossil_2":2,"stat.pickup.rebornmod.encased_fossil_1":8,"stat.pickup.rebornmod.encased_fossil_4":8,"stat.mineBlock.minecraft.netherrack":4,"stat.pickup.rebornmod.encased_fossil_3":3,"stat.pickup.securitycraft.door_indestructible_iron_item":2,"stat.pickup.rebornmod.encased_fossil_5":4,"stat.mineBlock.minecraft.ice":7,"stat.drop.minecraft.flint":1,"stat.craftItem.minecraft.iron_hoe":1,"stat.craftItem.minecraft.iron_nugget":261,"stat.useItem.minecraft.experience_bottle":11,"stat.fallOneCm":288781,"stat.pickup.minecraft.dropper":2,"stat.craftItem.minecraft.chest":6,"stat.pickup.minecraft.golden_leggings":3,"stat.pickup.minecraft.melon":12,"stat.pickup.minecraft.feather":9,"stat.drop.minecraft.bone":10,"stat.useItem.minecraft.furnace":6,"stat.pickup.rebornmod.dna_extractor":2,"stat.pickup.minecraft.lead":5,"stat.mineBlock.minecraft.gravel":1,"stat.useItem.minecraft.stone_pickaxe":150,"stat.pickup.rebornmod.ginkgo_stairs":2,"stat.useItem.minecraft.stone_sword":73,"stat.craftItem.minecraft.iron_leggings":2,"stat.craftItem.rebornmod.ginkgo_stairs":8,"stat.pickup.rebornmod.psaronius_log_petrified":1,"stat.pickup.betternether.pig_statue_01":2,"stat.pickup.minecraft.chainmail_boots":1,"stat.drop.rebornmod.twig_fossil":1,"stat.pickup.botania.specialflower":2,"stat.useItem.minecraft.torch":88,"stat.pickup.minecraft.iron_nugget":9,"stat.drop.botania.flower":4,"stat.craftItem.minecraft.redstone_block":1,"stat.craftItem.minecraft.stone_stairs":4,"stat.pickup.minecraft.crafting_table":14,"stat.useItem.minecraft.log":154,"stat.craftItem.minecraft.crafting_table":7,"stat.pickup.galacticraftcore.rocket_workbench":1,"stat.pickup.betternether.cincinnasite_axe":1,"stat.craftItem.minecraft.boat":1,"stat.pickup.minecraft.log":249,"stat.mineBlock.galacticraftcore.basic_block_core":159,"stat.craftItem.minecraft.stone_button":9,"stat.pickup.usefulbackpacks.backpack":2,"stat.craftItem.usefulbackpacks.backpack":6,"stat.pickup.artifacts.magma_stone":1,"stat.mineBlock.rebornmod.dna_combinator_hybridizer":2,"stat.pickup.minecraft.sapling":10,"stat.drop.rebornmod.crickets":8,"stat.mineBlock.galacticraftcore.solar":2,"stat.pickup.artifacts.flame_pendant":1,"stat.pickup.rebornmod.phoenix_log_petrified":5,"stat.sneakTime":57755,"stat.craftItem.rebornmod.dna_sequencer":1,"stat.pickup.minecraft.stone_slab":29,"stat.pickup.minecraft.yellow_flower":11,"stat.pickup.rebornmod.cockroaches":5,"stat.craftItem.galacticraftcore.oxygen_concentrator":1,"stat.killEntity.grimoireofgaia.minotaurus":2,"stat.craftItem.minecraft.enchanting_table":1,"stat.drop.minecraft.stone_pickaxe":1,"stat.pickup.minecraft.bone":16,"stat.useItem.rebornmod.ginkgo_door_item":2,"stat.mineBlock.rebornmod.ice_age_shard":8,"stat.pickup.evilcraft.werewolf_fur":1,"stat.drop.galacticraftcore.oxygen_mask":3,"stat.mineBlock.rebornmod.psaronius_log_petrified":1,"stat.useItem.galacticraftcore.aluminum_wire":24,"stat.swimOneCm":179963,"stat.climbOneCm":37118,"stat.mineBlock.evilcraft.dark_ore":1,"stat.craftItem.galacticraftcore.machine2":2,"stat.pickup.chococraft.chocobo_drumstick_raw":6,"stat.craftItem.rebornmod.clear_glass":152,"stat.killEntity.betteranimalsplus.boar":2,"stat.useItem.minecraft.dirt":55,"stat.drop.rebornmod.frozen_leech":1,"stat.useItem.minecraft.red_flower":4,"stat.drop.evilcraft.werewolf_flesh":2,"stat.killEntity.artifacts.mimic":8,"stat.pickup.rebornmod.twig_fossil":4,"stat.pickup.minecraft.anvil":1,"stat.craftItem.galacticraftcore.air_vent":1,"stat.useItem.minecraft.iron_ore":2,"stat.craftItem.minecraft.stone_pickaxe":2,"stat.pickup.minecraft.cobblestone":1656,"stat.pickup.galacticraftcore.oxygen_compressor":1,"stat.drop.minecraft.wheat_seeds":4,"stat.useItem.securitycraft.door_indestructible_iron_item":2,"stat.useItem.minecraft.cooked_beef":59,"stat.pickup.minecraft.redstone":126,"stat.mineBlock.minecraft.iron_ore":145,"stat.pickup.rebornmod.amber":11,"stat.pickup.securitycraft.keypad_item":3,"stat.killEntity.evilcraft.werewolf":3,"stat.pickup.minecraft.mutton":52,"stat.pickup.minecraft.mossy_cobblestone":1,"stat.pickup.galacticraftcore.collector":2,"stat.pickup.minecraft.stonebrick":46,"stat.pickup.galacticraftcore.basic_block_core":263,"stat.drop.minecraft.dirt":14,"stat.pickup.minecraft.iron_shovel":1,"stat.pickup.rebornmod.plant_fossil":10,"stat.useItem.galacticraftcore.fluid_pipe":2,"stat.craftItem.minecraft.stone_slab2":0,"stat.mineBlock.rebornmod.ginkgo_stairs":2,"stat.pickup.minecraft.paper":45,"stat.craftItem.minecraft.stick":92,"stat.useItem.minecraft.stone_slab":240,"stat.craftItem.minecraft.stone":774,"stat.craftItem.minecraft.gold_nugget":112,"stat.mineBlock.minecraft.crafting_table":15,"stat.useItem.minecraft.diamond_pickaxe":4,"stat.useItem.minecraft.carrot":6,"stat.pickup.chococraft.gysahl_green_seeds":91,"stat.pickup.botania.flower":9,"stat.entityKilledBy.Creeper":1,"stat.drop.chococraft.chocobo_saddle":1,"stat.mineBlock.minecraft.planks":4,"stat.drop":85,"stat.craftItem.rebornmod.basic_circuit":56,"stat.killEntity.Sheep":38,"stat.craftItem.hammertime.itemhammeriron":5,"stat.craftItem.galacticraftcore.machine":2,"stat.pickup.minecraft.golden_chestplate":1,"stat.craftItem.minecraft.diamond_pickaxe":1,"stat.pickup.artifacts.bottled_cloud":1,"stat.mineBlock.rebornmod.calamites_log_petrified":5,"stat.pickup.rebornmod.dna_combinator_hybridizer":2,"stat.useItem.rebornmod.tempskya":1,"stat.mineBlock.minecraft.anvil":1,"stat.pickup.rebornmod.ginkgo_log":219,"stat.craftItem.rebornmod.keyboard":1,"stat.pickup.minecraft.fence":1,"stat.useItem.minecraft.stone_axe":88,"stat.craftItem.minecraft.bread":137,"stat.pickup.minecraft.spider_eye":3,"stat.craftItem.minecraft.iron_helmet":8,"stat.mineBlock.rebornmod.plant_fossil_block":7,"stat.pickup.minecraft.iron_ore":287,"stat.useItem.rebornmod.plaster_and_bandage":36,"stat.boatOneCm":815513,"stat.craftItem.rebornmod.iron_blades":1,"stat.mineBlock.minecraft.stone_stairs":5,"stat.pickup.minecraft.leather":34,"stat.drop.minecraft.iron_hoe":1,"stat.mineBlock.minecraft.furnace":8,"stat.useItem.minecraft.wooden_pickaxe":19,"stat.dispenserInspected":2,"stat.pickup.evilcraft.dark_gem":10,"stat.pickup.minecraft.reeds":31,"stat.drop.chococraft.gysahl_green":25,"stat.mineBlock.rebornmod.gypsum_stone":18,"stat.damageDealt":52564,"stat.craftItem.minecraft.glass":196,"stat.sleepInBed":3,"stat.craftItem.minecraft.anvil":2,"stat.killEntity.Cow":25,"stat.useItem.minecraft.crafting_table":5,"stat.craftItem.hammertime.itemaxeiron":1,"stat.craftItem.minecraft.iron_sword":1,"stat.pickup.minecraft.piston":1,"stat.pickup.minecraft.boat":5,"stat.walkOneCm":1277121,"stat.pickup.minecraft.stick":2,"stat.craftItem.rebornmod.ginkgo_planks":616,"stat.craftItem.galacticraftcore.solar":2,"stat.pickup.securitycraft.reinforced_stone_brick":9,"stat.pickup.rebornmod.calamites_log_petrified":5,"stat.pickup.galacticraftcore.basic_item":234,"stat.entityKilledBy.grimoireofgaia.minotaurus":4,"stat.pickup.minecraft.stone":142,"stat.mineBlock.minecraft.wool":243,"stat.craftItem.rebornmod.computer_screen":1,"stat.drop.chococraft.gysahl_green_seeds":9,"stat.pickup.minecraft.gold_ingot":15,"stat.killEntity.Skeleton":10,"stat.pickup.grimoireofgaia.misc_soul_fiery":1,"stat.killEntity.Chicken":5,"stat.pickup.rebornmod.tempskya":4,"stat.killEntity.Spider":18,"stat.pickup.minecraft.bread":15,"stat.mineBlock.galacticraftcore.machine2":1,"stat.killEntity.Mule":1,"stat.pickup.mowziesmobs.barakoa_mask_bliss":1,"stat.mineBlock.minecraft.leaves":56,"stat.mineBlock.minecraft.piston":1,"stat.mineBlock.minecraft.redstone_ore":18,"stat.craftItem.minecraft.coal_block":20,"stat.mineBlock.minecraft.hay_block":44,"stat.craftItem.galacticraftcore.basic_item":186,"stat.mineBlock.minecraft.stone":248}