{"stat.walkOneCm":13427,"stat.drop.rebornmod.crickets":1,"stat.pickup.rebornmod.crickets":1,"stat.leaveGame":1,"stat.damageTaken":210,"stat.entityKilledBy.evilcraft.werewolf":1,"stat.mineBlock.minecraft.log":1,"stat.pickup.minecraft.log":1,"stat.flyOneCm":89288,"stat.deaths":1,"stat.drop":1,"stat.jump":129,"stat.mineBlock.minecraft.leaves":4,"stat.swimOneCm":4608,"stat.playOneMinute":12791,"stat.fallOneCm":1374,"stat.sneakTime":176,"stat.damageDealt":67,"stat.crouchOneCm":118,"stat.timeSinceDeath":2357,"stat.sprintOneCm":31157,"stat.mineBlock.minecraft.tallgrass":2,"stat.diveOneCm":2557}