{"stat.walkOneCm":19688,"stat.pickup.rebornmod.crickets":1,"stat.leaveGame":7,"stat.useItem.minecraft.porkchop":1,"stat.talkedToVillager":1,"stat.pickup.minecraft.log":6,"stat.jump":169,"stat.swimOneCm":4608,"stat.fallOneCm":2950,"stat.pickup.minecraft.porkchop":1,"stat.crouchOneCm":792,"stat.sprintOneCm":51596,"stat.drop.rebornmod.crickets":1,"stat.craftItem.minecraft.planks":28,"stat.mineBlock.minecraft.log2":2,"stat.damageTaken":870,"stat.killEntity.Spider":1,"stat.entityKilledBy.evilcraft.werewolf":2,"stat.mobKills":2,"stat.mineBlock.minecraft.log":6,"stat.pickup.minecraft.log2":2,"stat.flyOneCm":97429,"stat.deaths":3,"stat.drop":1,"stat.mineBlock.minecraft.leaves":5,"stat.playOneMinute":20971,"stat.sneakTime":367,"stat.damageDealt":326,"stat.timeSinceDeath":6387,"stat.killEntity.Pig":1,"stat.mineBlock.minecraft.tallgrass":8,"stat.diveOneCm":2557}