{"stat.drop.minecraft.stone_pickaxe":1,"stat.pickup.minecraft.bone":2,"stat.mineBlock.rebornmod.ice_age_shard":6,"stat.leaveGame":17,"stat.mineBlock.minecraft.cobblestone":19,"stat.pickup.minecraft.flint":1,"stat.mineBlock.minecraft.sandstone":1,"stat.useItem.minecraft.mutton":1,"stat.swimOneCm":24536,"stat.useItem.minecraft.planks":5,"stat.climbOneCm":4004,"stat.mineBlock.minecraft.web":15,"stat.mineBlock.evilcraft.dark_ore":1,"stat.drop.minecraft.melon":3,"stat.useItem.minecraft.stone_slab2":19,"stat.pickup.minecraft.rotten_flesh":6,"stat.craftItem.minecraft.furnace":1,"stat.killEntity.artifacts.mimic":1,"stat.pickup.rebornmod.twig_fossil":2,"stat.craftItem.minecraft.stone_axe":1,"stat.craftItem.minecraft.iron_boots":2,"stat.useItem.minecraft.iron_ore":1,"stat.craftItem.minecraft.stone_pickaxe":2,"stat.mineBlock.rebornmod.amber_ore":1,"stat.pickup.minecraft.cobblestone":276,"stat.craftItem.minecraft.stone_sword":1,"stat.flyOneCm":618906,"stat.pickup.minecraft.sandstone":1,"stat.drop.minecraft.wheat_seeds":1,"stat.useItem.minecraft.cooked_beef":25,"stat.pickup.rebornmod.mealworm_beetles":1,"stat.pickup.minecraft.redstone":58,"stat.mineBlock.minecraft.iron_ore":78,"stat.pickup.rebornmod.amber":1,"stat.timeSinceDeath":22726,"stat.useItem.minecraft.iron_pickaxe":381,"stat.craftItem.minecraft.wooden_pickaxe":1,"stat.pickup.minecraft.mutton":41,"stat.mineBlock.minecraft.vine":2,"stat.furnaceInteraction":31,"stat.pickup.galacticraftcore.basic_block_core":135,"stat.drop.minecraft.dirt":1,"stat.mineBlock.minecraft.coal_ore":50,"stat.pickup.rebornmod.frozen_leech":4,"stat.drop.minecraft.red_flower":1,"stat.pickup.minecraft.string":18,"stat.pickup.rebornmod.display_block_item":1,"stat.pickup.minecraft.beef":27,"stat.pickup.minecraft.furnace":3,"stat.craftItem.minecraft.stone_slab2":0,"stat.sprintOneCm":366543,"stat.craftItem.minecraft.stick":28,"stat.craftItem.rebornmod.amber_keychain":1,"stat.mineBlock.minecraft.diamond_ore":6,"stat.mineBlock.minecraft.crafting_table":6,"stat.useItem.minecraft.carrot":6,"stat.pickup.chococraft.gysahl_green_seeds":2,"stat.deaths":4,"stat.mineBlock.minecraft.planks":1,"stat.drop":27,"stat.pickup.minecraft.egg":5,"stat.playOneMinute":146279,"stat.killEntity.Sheep":29,"stat.craftItem.hammertime.itemhammeriron":2,"stat.craftItem.minecraft.iron_pickaxe":2,"stat.killEntity.Zombie":10,"stat.mineBlock.minecraft.gold_ore":17,"stat.mineBlock.minecraft.tallgrass":8,"stat.diveOneCm":41966,"stat.chestOpened":15,"stat.drop.rebornmod.cockroaches":1,"stat.useItem.minecraft.stone":1,"stat.drop.minecraft.flint":1,"stat.useItem.hammertime.itemhammeriron":1,"stat.jump":4362,"stat.pickup.minecraft.coal":53,"stat.fallOneCm":72463,"stat.pickup.minecraft.carrot":8,"stat.useItem.minecraft.stone_axe":88,"stat.drop.minecraft.stone_sword":1,"stat.crouchOneCm":45971,"stat.pickup.minecraft.spider_eye":1,"stat.craftItem.minecraft.torch":24,"stat.craftItem.minecraft.iron_ingot":116,"stat.pickup.minecraft.dirt":9,"stat.craftItem.minecraft.iron_helmet":2,"stat.pickup.evilcraft.dark_gem_crushed":1,"stat.mineBlock.rebornmod.plant_fossil_block":4,"stat.pickup.minecraft.melon":12,"stat.craftingTableInteraction":31,"stat.pickup.minecraft.iron_ore":120,"stat.boatOneCm":492931,"stat.pickup.minecraft.gold_ore":17,"stat.mineBlock.minecraft.lapis_ore":15,"stat.damageTaken":2482,"stat.pickup.minecraft.feather":2,"stat.pickup.minecraft.leather":14,"stat.drop.minecraft.bone":10,"stat.mineBlock.minecraft.red_flower":1,"stat.mineBlock.minecraft.melon_block":2,"stat.mineBlock.minecraft.torch":5,"stat.mineBlock.minecraft.furnace":3,"stat.useItem.minecraft.wooden_pickaxe":19,"stat.useItem.minecraft.furnace":2,"stat.pickup.evilcraft.dark_gem":6,"stat.pickup.minecraft.dye":75,"stat.pickup.minecraft.planks":20,"stat.pickup.minecraft.wheat_seeds":1,"stat.mineBlock.rebornmod.gypsum_stone":18,"stat.useItem.minecraft.stone_pickaxe":150,"stat.useItem.minecraft.stone_sword":73,"stat.damageDealt":6759,"stat.mineBlock.rebornmod.display_block":1,"stat.killEntity.Cow":14,"stat.mineBlock.minecraft.dirt":11,"stat.craftItem.minecraft.iron_sword":1,"stat.drop.rebornmod.twig_fossil":1,"stat.pickup.minecraft.boat":4,"stat.walkOneCm":150660,"stat.useItem.minecraft.torch":16,"stat.pickup.rebornmod.crickets":2,"stat.drop.minecraft.rotten_flesh":2,"stat.pickup.minecraft.crafting_table":6,"stat.useItem.minecraft.cobblestone":51,"stat.craftItem.minecraft.crafting_table":2,"stat.mineBlock.rebornmod.ice_shard":1,"stat.pickup.rebornmod.gypsum_powder":111,"stat.craftItem.minecraft.boat":1,"stat.drop.rebornmod.mealworm_beetles":1,"stat.pickup.minecraft.log":27,"stat.useItem.minecraft.melon":9,"stat.drop.minecraft.chicken":1,"stat.mineBlock.galacticraftcore.basic_block_core":118,"stat.pickup.galacticraftcore.basic_item":13,"stat.entityKilledBy.grimoireofgaia.minotaurus":1,"stat.craftItem.usefulbackpacks.backpack":3,"stat.pickup.minecraft.stone":26,"stat.drop.minecraft.sapling":4,"stat.pickup.minecraft.chicken":2,"stat.pickup.minecraft.sapling":5,"stat.killEntity.Skeleton":1,"stat.drop.rebornmod.crickets":2,"stat.craftItem.minecraft.planks":106,"stat.useItem.minecraft.iron_sword":12,"stat.killEntity.Chicken":1,"stat.killEntity.Spider":2,"stat.mobKills":58,"stat.mineBlock.minecraft.log":27,"stat.useItem.carryon.entity_item":3,"stat.useItem.minecraft.boat":4,"stat.pickup.minecraft.diamond":6,"stat.mineBlock.minecraft.leaves":28,"stat.pickup.minecraft.torch":10,"stat.pickup.minecraft.red_flower":2,"stat.mineBlock.minecraft.redstone_ore":13,"stat.sneakTime":15467,"stat.pickup.minecraft.wool":29,"stat.craftItem.minecraft.coal_block":3,"stat.pickup.evilcraft.werewolf_flesh":1,"stat.pickup.rebornmod.cockroaches":1,"stat.mineBlock.minecraft.stone":186}