{"stat.walkOneCm":16142,"stat.pickup.rebornmod.crickets":1,"stat.leaveGame":5,"stat.talkedToVillager":1,"stat.pickup.minecraft.log":1,"stat.jump":150,"stat.swimOneCm":4608,"stat.fallOneCm":2741,"stat.crouchOneCm":118,"stat.sprintOneCm":40419,"stat.drop.rebornmod.crickets":1,"stat.craftItem.minecraft.planks":8,"stat.mineBlock.minecraft.log2":2,"stat.damageTaken":840,"stat.entityKilledBy.evilcraft.werewolf":2,"stat.mineBlock.minecraft.log":1,"stat.pickup.minecraft.log2":2,"stat.flyOneCm":94020,"stat.deaths":3,"stat.drop":1,"stat.mineBlock.minecraft.leaves":4,"stat.playOneMinute":16767,"stat.sneakTime":176,"stat.damageDealt":207,"stat.timeSinceDeath":2183,"stat.mineBlock.minecraft.tallgrass":2,"stat.diveOneCm":2557}