{"stat.drop.twilightforest.naga_chestplate":2,"stat.craftItem.rebornmod.glock":1,"stat.mineBlock.minecraft.web":22,"stat.mineBlock.rebornmod.bennettitalean_cycadeoidea":2,"stat.drop.minecraft.iron_sword":1,"stat.pickup.minecraft.rotten_flesh":236,"stat.mineBlock.galacticraftcore.aluminum_wire":20,"stat.killEntity.Donkey":3,"stat.craftItem.minecraft.stone_axe":1,"stat.killEntity.Enderman":2,"stat.craftItem.minecraft.iron_shovel":1,"stat.pickup.minecraft.brown_mushroom":1,"stat.craftItem.galacticraftcore.steel_pole":4,"stat.useItem.minecraft.iron_pickaxe":964,"stat.pickup.minecraft.double_plant":8,"stat.pickup.rebornmod.fossil_block_1":1,"stat.craftItem.minecraft.glass_pane":48,"stat.mineBlock.minecraft.sticky_piston":9,"stat.pickup.artifacts.feral_claws":2,"stat.furnaceInteraction":390,"stat.craftItem.rebornmod.plaster_and_bandage":36,"stat.pickup.evilcraft.werewolf_bone":2,"stat.pickup.rebornmod.fossil_block_5":1,"stat.craftItem.twilightforest.naga_chestplate":2,"stat.pickup.minecraft.hay_block":41,"stat.mineBlock.rebornmod.moss":4,"stat.entityKilledBy.grimoireofgaia.bone_knight":1,"stat.mineBlock.galacticraftcore.rocket_workbench":1,"stat.mineBlock.minecraft.fence":1,"stat.useItem.minecraft.flint_and_steel":16,"stat.pickup.rebornmod.reinforced_stone":1,"stat.killEntity.twilightforest.naga":2,"stat.killEntity.betteranimalsplus.zotzpyre":4,"stat.drop.chococraft.ability_fruit":2,"stat.craftItem.securitycraft.laser_block":1,"stat.deaths":77,"stat.pickup.securitycraft.reinforced_dirt":7,"stat.pickup.minecraft.egg":7,"stat.craftItem.minecraft.item_frame":1,"stat.craftItem.minecraft.iron_pickaxe":3,"stat.pickup.artifacts.panic_necklace":2,"stat.craftItem.galacticraftcore.aluminum_wire":144,"stat.pickup.minecraft.item_frame":1,"stat.craftItem.minecraft.repeater":5,"stat.drop.minecraft.iron_ingot":1,"stat.entityKilledBy.grimoireofgaia.creep":3,"stat.craftItem.rebornmod.storage_disc":17,"stat.chestOpened":461,"stat.mineBlock.twilightforest.uncrafting_table":1,"stat.pickup.betteranimalsplus.wolf_pelt_brown":2,"stat.craftItem.minecraft.sign":17,"stat.pickup.botania.mushroom":5,"stat.pickup.minecraft.iron_sword":1,"stat.killEntity.Vex":3,"stat.killEntity.twilightforest.yeti":10,"stat.pickup.minecraft.gold_nugget":16,"stat.entityKilledBy.Vex":5,"stat.pickup.galacticraftcore.machine":3,"stat.craftItem.minecraft.coal":9,"stat.mineBlock.botania.mushroom":3,"stat.useItem.rebornmod.ginkgo_sapling":13,"stat.pickup.minecraft.carrot":11,"stat.drop.minecraft.stone_sword":1,"stat.crouchOneCm":237883,"stat.craftItem.minecraft.iron_ingot":744,"stat.craftingTableInteraction":388,"stat.pickup.twilightforest.firefly_jar":1,"stat.pickup.minecraft.dye":98,"stat.pickup.minecraft.planks":63,"stat.mineBlock.rebornmod.tempskya":3,"stat.killEntity.twilightforest.stable_ice_core":1,"stat.mineBlock.rebornmod.display_block":7,"stat.pickup.minecraft.ice":3,"stat.craftItem.rebornmod.cleaning_station":1,"stat.pickup.securitycraft.reinforced_glass_block":4,"stat.mineBlock.galacticraftcore.oxygen_compressor":1,"stat.drop.minecraft.rotten_flesh":45,"stat.useItem.securitycraft.reinforced_glass_block":145,"stat.mineBlock.rebornmod.ice_shard":1,"stat.pickup.galacticraftcore.aluminum_wire":20,"stat.killEntity.twilightforest.slime_beetle":2,"stat.pickup.twilightforest.underbrick":4,"stat.drop.rebornmod.mealworm_beetles":1,"stat.useItem.galacticraftcore.rocket_workbench":2,"stat.pickup.securitycraft.reinforced_stone":71,"stat.useItem.minecraft.yellow_flower":11,"stat.drop.minecraft.sapling":4,"stat.pickup.minecraft.chicken":7,"stat.mineBlock.twilightforest.firefly":1,"stat.craftItem.minecraft.bucket":3,"stat.craftItem.minecraft.planks":426,"stat.useItem.minecraft.iron_sword":988,"stat.useItem.securitycraft.universal_block_remover":76,"stat.pickup.minecraft.book":148,"stat.useItem.minecraft.stonebrick":712,"stat.useItem.carryon.entity_item":5,"stat.useItem.twilightforest.twilight_log":18,"stat.mineBlock.minecraft.cobblestone":134,"stat.pickup.minecraft.flint":4,"stat.mineBlock.minecraft.concrete":1,"stat.pickup.minecraft.flower_pot":1,"stat.entityKilledBy.Mule":1,"stat.drop.twilightforest.maze_wafer":1,"stat.drop.minecraft.cobblestone":74,"stat.pickup.minecraft.cooked_porkchop":3,"stat.mineBlock.minecraft.dropper":2,"stat.useItem.minecraft.stone_slab2":1373,"stat.pickup.minecraft.iron_boots":6,"stat.useItem.rebornmod.ginkgo_stairs":9,"stat.craftItem.minecraft.furnace":25,"stat.craftItem.minecraft.iron_boots":10,"stat.useItem.rebornmod.clear_glass":148,"stat.mineBlock.minecraft.clay":1,"stat.pickup.minecraft.diamond_leggings":1,"stat.useItem.rebornmod.ginkgo_log":1,"stat.pickup.galacticraftcore.solar":3,"stat.pickup.rebornmod.mealworm_beetles":3,"stat.pickup.twilightforest.twilight_sapling":25,"stat.drop.minecraft.spider_eye":1,"stat.craftItem.minecraft.iron_block":11,"stat.killEntity.twilightforest.helmet_crab":5,"stat.craftItem.minecraft.stonebrick":684,"stat.pickup.twilightforest.naga_scale":24,"stat.killEntity.Creeper":3,"stat.entityKilledBy.Skeleton":3,"stat.sprintOneCm":2917389,"stat.mineBlock.minecraft.stone_slab":16,"stat.useItem.carryon.tile_item":1,"stat.craftItem.rebornmod.amber_keychain":1,"stat.mineBlock.betternether.pig_statue_01":2,"stat.mineBlock.rebornmod.encased_fossil_0":12,"stat.mineBlock.rebornmod.encased_fossil_2":2,"stat.mineBlock.rebornmod.encased_fossil_1":8,"stat.mineBlock.rebornmod.encased_fossil_4":8,"stat.mineBlock.rebornmod.encased_fossil_3":3,"stat.drop.evilcraft.origins_of_darkness":1,"stat.mineBlock.rebornmod.encased_fossil_5":4,"stat.pickup.betteranimalsplus.venisoncooked":1,"stat.drop.galacticraftcore.basic_item":13,"stat.killEntity.Zombie":332,"stat.craftItem.minecraft.dye":98,"stat.mineBlock.minecraft.gold_ore":18,"stat.pickup.minecraft.wheat":214,"stat.mineBlock.minecraft.mossy_cobblestone":1,"stat.pickup.minecraft.sign":3,"stat.craftItem.minecraft.cooked_porkchop":31,"stat.mineBlock.twilightforest.aurora_block":7,"stat.pickup.artifacts.snorkel":1,"stat.pickup.minecraft.obsidian":4,"stat.craftItem.rebornmod.advanced_circuit":4,"stat.mineBlock.galacticraftcore.machine":3,"stat.pickup.minecraft.coal":828,"stat.pickup.minecraft.iron_ingot":64,"stat.craftItem.minecraft.lever":3,"stat.pickup.minecraft.gunpowder":4,"stat.pickup.minecraft.dirt":265,"stat.mineBlock.betteranimalsplus.deerhead_2":2,"stat.mineBlock.minecraft.lapis_ore":17,"stat.pickup.minecraft.iron_axe":2,"stat.drop.botania.specialflower":1,"stat.useItem.betteranimalsplus.eel_meat_cooked":134,"stat.mineBlock.minecraft.red_flower":59,"stat.mineBlock.minecraft.torch":30,"stat.pickup.minecraft.written_book":6,"stat.useItem.securitycraft.reinforced_stone":42,"stat.mineBlock.rebornmod.dna_extractor":2,"stat.mineBlock.rebornmod.clear_glass":12,"stat.pickup.chococraft.gysahl_green":43,"stat.pickup.artifacts.obsidian_skull":2,"stat.craftItem.galacticraftcore.fluid_pipe":6,"stat.pickup.twilightforest.naga_stone":1,"stat.drop.minecraft.wheat":5,"stat.pickup.rebornmod.crickets":32,"stat.pickup.rebornmod.gypsum_powder":326,"stat.craftItem.galacticraftcore.rocket_workbench":1,"stat.pickup.bountifulbaubles.potionrecall":1,"stat.useItem.minecraft.melon":9,"stat.craftItem.minecraft.wheat":369,"stat.useItem.rebornmod.ginkgo_planks":347,"stat.pickup.twilightforest.nagastone_pillar_weathered":1,"stat.pickup.twilightforest.arctic_helmet":1,"stat.killEntity.grimoireofgaia.harpy":7,"stat.craftItem.galacticraftcore.magnetic_table":1,"stat.mobKills":959,"stat.pickup.minecraft.diamond_boots":1,"stat.mineBlock.minecraft.bookshelf":49,"stat.useItem.minecraft.boat":6,"stat.pickup.minecraft.diamond":61,"stat.pickup.evilcraft.werewolf_flesh":5,"stat.craftItem.galacticraftcore.oxygen_mask":3,"stat.useItem.minecraft.string":1,"stat.drop.minecraft.mutton":1,"stat.useItem.minecraft.bookshelf":39,"stat.useItem.betteranimalsplus.venisoncooked":1,"stat.pickup.betteranimalsplus.wolf_pelt_snowy":9,"stat.mineBlock.minecraft.red_mushroom":1,"stat.mineBlock.minecraft.stone_brick_stairs":1,"stat.drop.minecraft.golden_leggings":2,"stat.pickup.betteranimalsplus.deerhead_2":2,"stat.craftItem.rebornmod.dna_analyzer":3,"stat.craftItem.galacticraftcore.landing_pad":9,"stat.pickup.minecraft.observer":10,"stat.pickup.twilightforest.naga_leggings":1,"stat.craftItem.minecraft.stone_sword":1,"stat.mineBlock.minecraft.sand":151,"stat.pickup.securitycraft.reinforced_cobblestone":69,"stat.killEntity.twilightforest.kobold":16,"stat.killEntity.twilightforest.snow_guardian":5,"stat.hopperInspected":20,"stat.drop.minecraft.diamond":5,"stat.trappedChestTriggered":6,"stat.pickup.artifacts.night_vision_goggles":3,"stat.mineBlock.rebornmod.embryonic_machine":2,"stat.useItem.betternether.cincinnasite_axe":1,"stat.killEntity.Horse":2,"stat.pickup.bountifulbaubles.amuletsinempty":1,"stat.pickup.rebornmod.skull":2,"stat.pickup.minecraft.stone_stairs":7,"stat.craftItem.rebornmod.fossil_grinder":1,"stat.drop.minecraft.snowball":5,"stat.craftItem.securitycraft.keypad_item":2,"stat.pickup.minecraft.netherrack":1,"stat.drop.rebornmod.cockroaches":1,"stat.pickup.rebornmod.encased_fossil_0":12,"stat.pickup.rebornmod.encased_fossil_2":2,"stat.pickup.rebornmod.encased_fossil_1":8,"stat.pickup.rebornmod.encased_fossil_4":8,"stat.pickup.rebornmod.encased_fossil_3":3,"stat.pickup.securitycraft.door_indestructible_iron_item":2,"stat.pickup.rebornmod.encased_fossil_5":4,"stat.mineBlock.minecraft.ice":31,"stat.craftItem.minecraft.iron_hoe":1,"stat.useItem.minecraft.experience_bottle":13,"stat.drop.minecraft.stone":12,"stat.drop.minecraft.gold_ore":1,"stat.pickup.minecraft.dropper":2,"stat.pickup.minecraft.golden_leggings":5,"stat.pickup.minecraft.melon":12,"stat.drop.minecraft.bone":10,"stat.useItem.minecraft.furnace":8,"stat.mineBlock.minecraft.gravel":2,"stat.pickup.rebornmod.ginkgo_stairs":2,"stat.craftItem.twilightforest.naga_leggings":1,"stat.pickup.rebornmod.bullet":128,"stat.pickup.betternether.pig_statue_01":2,"stat.useItem.minecraft.torch":96,"stat.pickup.minecraft.iron_nugget":14,"stat.drop.botania.flower":4,"stat.craftItem.minecraft.redstone_block":1,"stat.craftItem.minecraft.stone_stairs":4,"stat.pickup.minecraft.crafting_table":19,"stat.useItem.minecraft.log":154,"stat.craftItem.minecraft.crafting_table":17,"stat.killEntity.twilightforest.penguin":1,"stat.pickup.betternether.cincinnasite_axe":1,"stat.craftItem.minecraft.boat":1,"stat.drop.minecraft.stonebrick":11,"stat.craftItem.minecraft.stone_button":10,"stat.drop.twilightforest.twilight_sapling":8,"stat.pickup.usefulbackpacks.backpack":2,"stat.mineBlock.rebornmod.dna_combinator_hybridizer":2,"stat.pickup.twilightforest.spiral_bricks":8,"stat.pickup.minecraft.sapling":10,"stat.drop.rebornmod.crickets":8,"stat.mineBlock.galacticraftcore.solar":3,"stat.drop.botania.mushroom":1,"stat.pickup.minecraft.stone_slab":48,"stat.drop.minecraft.yellow_flower":1,"stat.pickup.minecraft.yellow_flower":21,"stat.craftItem.galacticraftcore.oxygen_concentrator":1,"stat.killEntity.grimoireofgaia.minotaurus":2,"stat.killEntity.twilightforest.lich":1,"stat.drop.minecraft.stone_pickaxe":1,"stat.craftItem.minecraft.diamond_chestplate":1,"stat.pickup.minecraft.bone":63,"stat.useItem.twilightforest.uncrafting_table":1,"stat.pickup.evilcraft.werewolf_fur":1,"stat.useItem.minecraft.diamond_sword":1040,"stat.craftItem.minecraft.diamond_helmet":1,"stat.climbOneCm":68671,"stat.craftItem.rebornmod.clear_glass":152,"stat.drop.rebornmod.frozen_leech":1,"stat.useItem.minecraft.red_flower":10,"stat.pickup.twilightforest.ironwood_pickaxe":1,"stat.pickup.rebornmod.twig_fossil":4,"stat.pickup.minecraft.anvil":1,"stat.craftItem.galacticraftcore.air_vent":2,"stat.useItem.minecraft.iron_ore":2,"stat.craftItem.minecraft.stone_pickaxe":2,"stat.pickup.minecraft.cobblestone":3406,"stat.useItem.minecraft.cooked_beef":59,"stat.drop.twilightforest.trophy":1,"stat.pickup.minecraft.redstone":322,"stat.mineBlock.minecraft.iron_ore":338,"stat.pickup.securitycraft.keypad_item":3,"stat.killEntity.evilcraft.werewolf":3,"stat.pickup.minecraft.mossy_cobblestone":81,"stat.pickup.galacticraftcore.collector":2,"stat.drop.minecraft.coal":7,"stat.drop.minecraft.dirt":16,"stat.pickup.minecraft.iron_shovel":2,"stat.useItem.minecraft.cooked_porkchop":33,"stat.pickup.rebornmod.plant_fossil":19,"stat.mineBlock.rebornmod.ginkgo_stairs":2,"stat.pickup.minecraft.paper":66,"stat.craftItem.minecraft.stick":124,"stat.craftItem.minecraft.gold_nugget":121,"stat.useItem.rebornmod.glock":175,"stat.pickup.minecraft.diamond_chestplate":1,"stat.pickup.chococraft.gysahl_green_seeds":91,"stat.pickup.botania.flower":23,"stat.entityKilledBy.Creeper":1,"stat.mineBlock.minecraft.planks":8,"stat.drop":166,"stat.killEntity.Sheep":38,"stat.drop.minecraft.iron_boots":5,"stat.pickup.minecraft.golden_chestplate":2,"stat.craftItem.securitycraft.universal_block_remover":1,"stat.useItem.rebornmod.tempskya":1,"stat.mineBlock.minecraft.anvil":1,"stat.useItem.minecraft.potion":1,"stat.pickup.twilightforest.torchberries":18,"stat.pickup.minecraft.fence":1,"stat.useItem.minecraft.stone_axe":88,"stat.killEntity.twilightforest.redcap_sapper":1,"stat.craftItem.minecraft.iron_helmet":12,"stat.mineBlock.rebornmod.plant_fossil_block":20,"stat.boatOneCm":815513,"stat.craftItem.minecraft.flint_and_steel":1,"stat.mineBlock.minecraft.stone_stairs":6,"stat.mineBlock.minecraft.furnace":8,"stat.craftItem.twilightforest.ironwood_ingot":6,"stat.pickup.evilcraft.dark_gem":11,"stat.useItem.twilightforest.canopy_planks":2,"stat.pickup.securitycraft.reinforced_stone_slabs":3,"stat.drop.chococraft.gysahl_green":25,"stat.mineBlock.rebornmod.gypsum_stone":22,"stat.damageDealt":115511,"stat.craftItem.minecraft.anvil":2,"stat.useItem.minecraft.crafting_table":5,"stat.pickup.minecraft.boat":5,"stat.pickup.galacticraftcore.heavy_plating":16,"stat.pickup.minecraft.stick":11,"stat.useItem.galacticraftcore.landing_pad":8,"stat.craftItem.rebornmod.ginkgo_planks":616,"stat.craftItem.galacticraftcore.solar":4,"stat.craftItem.minecraft.diamond_boots":1,"stat.pickup.twilightforest.uncrafting_table":1,"stat.pickup.grimoireofgaia.misc_soul_fiery":1,"stat.killEntity.Chicken":5,"stat.drop.minecraft.crafting_table":1,"stat.drop.minecraft.filled_map":1,"stat.pickup.mowziesmobs.barakoa_mask_bliss":1,"stat.mineBlock.minecraft.leaves":70,"stat.mineBlock.minecraft.piston":1,"stat.mineBlock.minecraft.hay_block":44,"stat.craftItem.galacticraftcore.basic_item":490,"stat.leaveGame":84,"stat.killEntity.Parrot":3,"stat.mineBlock.minecraft.sandstone":1,"stat.craftItem.galacticraftcore.engine":1,"stat.craftItem.minecraft.shield":2,"stat.craftItem.minecraft.stone_pressure_plate":2,"stat.drop.minecraft.feather":2,"stat.pickup.galacticraftcore.nose_cone":1,"stat.pickup.rebornmod.storage_disc":64,"stat.entityKilledBy.twilightforest.kobold":2,"stat.useItem.hammertime.itemshoveliron":4,"stat.mineBlock.rebornmod.amber_ore":16,"stat.drop.rebornmod.gypsum_powder":18,"stat.entityKilledBy.artifacts.mimic":5,"stat.killEntity.twilightforest.goblin_knight_lower":3,"stat.killEntity.Witch":2,"stat.pickup.twilightforest.nagastone_stairs":2,"stat.craftItem.minecraft.wooden_pickaxe":1,"stat.craftItem.minecraft.iron_door":3,"stat.useItem.minecraft.iron_shovel":264,"stat.craftItem.minecraft.bed":1,"stat.mineBlock.minecraft.vine":3,"stat.mineBlock.botania.flower":6,"stat.killEntity.ZombieVillager":2,"stat.drop.minecraft.red_flower":3,"stat.pickup.rebornmod.ginkgo_log_petrified":3,"stat.pickup.rebornmod.display_block_item":10,"stat.pickup.minecraft.beef":46,"stat.pickup.twilightforest.twilight_scepter":2,"stat.drop.minecraft.lead":1,"stat.pickup.mowziesmobs.barakoa_mask_rage":1,"stat.useItem.minecraft.dye":88,"stat.craftItem.hammertime.itemshoveliron":1,"stat.pickup.twilightforest.armor_shard":13,"stat.pickup.rebornmod.moss":7,"stat.mineBlock.minecraft.tallgrass":119,"stat.mineBlock.rebornmod.ginkgo_sapling":1,"stat.entityKilledBy.twilightforest.naga":1,"stat.craftItem.rebornmod.disc_reader":1,"stat.useItem.minecraft.stone":28,"stat.pickup.minecraft.arrow":20,"stat.killEntity.grimoireofgaia.cecaelia":1,"stat.useItem.hammertime.itemhammeriron":4,"stat.mineBlock.minecraft.chest":3,"stat.pickup.minecraft.painting":13,"stat.craftItem.minecraft.hopper":5,"stat.pickup.minecraft.wheat_seeds":266,"stat.mineBlock.minecraft.glass":2,"stat.mineBlock.minecraft.dirt":247,"stat.killEntity.betteranimalsplus.eel_freshwater":193,"stat.useItem.minecraft.bread":332,"stat.mineBlock.rebornmod.heliconia":1,"stat.pickup.evilcraft.vengeance_pickaxe":1,"stat.drop.minecraft.porkchop":1,"stat.drop.betteranimalsplus.eel_meat_cooked":128,"stat.useItem.minecraft.cobblestone":817,"stat.drop.minecraft.golden_hoe":1,"stat.mineBlock.minecraft.double_plant":12,"stat.pickup.minecraft.golden_hoe":3,"stat.drop.betternether.cincinnasite_axe":1,"stat.drop.minecraft.chicken":5,"stat.pickup.minecraft.iron_pickaxe":2,"stat.craftItem.minecraft.gold_ingot":58,"stat.useItem.galacticraftcore.solar":2,"stat.mineBlock.rebornmod.ginkgo_log_petrified":3,"stat.craftItem.securitycraft.door_indestructible_iron_item":2,"stat.entityKilledBy.Wolf":1,"stat.itemEnchanted":23,"stat.craftItem.galacticraftcore.rocket_fins":12,"stat.mineBlock.minecraft.log":35,"stat.craftItem.minecraft.paper":24,"stat.pickup.minecraft.red_flower":73,"stat.pickup.minecraft.wool":276,"stat.pickup.twilightforest.aurora_block":5,"stat.drop.twilightforest.armor_shard":3,"stat.craftItem.twilightforest.canopy_planks":108,"stat.useItem.minecraft.iron_axe":575,"stat.mineBlock.minecraft.yellow_flower":17,"stat.craftItem.minecraft.wool":38,"stat.pickup.minecraft.enchanted_book":2,"stat.pickup.minecraft.sticky_piston":9,"stat.pickup.minecraft.bow":2,"stat.mineBlock.twilightforest.dark_leaves":24,"stat.mineBlock.galacticraftcore.collector":1,"stat.pickup.grimoireofgaia.deco_nest_harpy":1,"stat.useItem.rebornmod.tooth":1,"stat.craftItem.minecraft.cooked_beef":27,"stat.mineBlock.rebornmod.ginkgo_log":96,"stat.mineBlock.minecraft.obsidian":4,"stat.craftItem.galacticraftcore.oxygen_compressor":1,"stat.flyOneCm":5798638,"stat.pickup.minecraft.sandstone":1,"stat.pickup.minecraft.fish":1,"stat.timeSinceDeath":27383,"stat.craftItem.galacticraftcore.machine_tiered":1,"stat.killEntity.grimoireofgaia.chest":1,"stat.pickup.rebornmod.plant_soft_tissue":1,"stat.mineBlock.twilightforest.firefly_jar":1,"stat.killEntity.Wolf":1,"stat.mineBlock.minecraft.coal_ore":284,"stat.talkedToVillager":8,"stat.pickup.botania.manaresource":9,"stat.pickup.minecraft.string":53,"stat.pickup.rebornmod.embryonic_machine":2,"stat.mineBlock.rebornmod.ginkgo_leaves":96,"stat.mineBlock.minecraft.ladder":3,"stat.drop.usefulbackpacks.backpack":1,"stat.craftItem.rebornmod.iron_rod":4,"stat.useItem.minecraft.written_book":4,"stat.pickup.rebornmod.neck_vertebrae":1,"stat.mineBlock.minecraft.diamond_ore":16,"stat.craftItem.chococraft.chocobo_saddle":2,"stat.craftItem.galacticraftcore.canister":30,"stat.useItem.minecraft.ladder":2,"stat.pickup.minecraft.snowball":5,"stat.killEntity.twilightforest.fire_beetle":1,"stat.diveOneCm":309582,"stat.craftItem.rebornmod.ginkgo_door_item":3,"stat.craftItem.minecraft.ladder":3,"stat.pickup.securitycraft.reinforced_logs":1,"stat.mineBlock.minecraft.stone_button":1,"stat.entityKilledBy.Pig":1,"stat.craftItem.minecraft.diamond_sword":1,"stat.jump":21883,"stat.useItem.minecraft.sand":1,"stat.mineBlock.minecraft.observer":10,"stat.craftItem.minecraft.torch":108,"stat.pickup.evilcraft.dark_gem_crushed":1,"stat.drop.twilightforest.twilight_log":64,"stat.pickup.minecraft.gold_ore":19,"stat.mineBlock.minecraft.glass_pane":1,"stat.damageTaken":51795,"stat.pickup.rebornmod.plaster_and_bandage":32,"stat.pickup.twilightforest.firefly":2,"stat.mineBlock.minecraft.melon_block":2,"stat.pickup.minecraft.bed":1,"stat.pickup.artifacts.thorn_pendant":2,"stat.killEntity.twilightforest.unstable_ice_core":2,"stat.useItem.securitycraft.reinforced_stone_slabs":2,"stat.pickup.minecraft.potato":1,"stat.entityKilledBy.Zombie":30,"stat.mineBlock.twilightforest.root":3,"stat.pickup.twilightforest.liveroot":1,"stat.pickup.artifacts.shiny_red_balloon":1,"stat.drop.galacticraftcore.oxygen_tank_heavy_full":4,"stat.craftItem.minecraft.stone_slab":198,"stat.craftItem.securitycraft.universal_block_reinforcer_lvl1":1,"stat.useItem.minecraft.chest":5,"stat.killEntity.betteranimalsplus.feralwolf":5,"stat.craftItem.minecraft.iron_chestplate":6,"stat.drop.minecraft.potato":1,"stat.pickup.minecraft.ender_pearl":1,"stat.craftItem.twilightforest.ironwood_helmet":1,"stat.pickup.twilightforest.ironwood_boots":1,"stat.pickup.minecraft.ladder":8,"stat.craftItem.minecraft.bookshelf":41,"stat.mineBlock.minecraft.stonebrick":64,"stat.craftItem.twilightforest.yeti_helmet":1,"stat.pickup.rebornmod.ginkgo_planks":136,"stat.craftItem.minecraft.shears":2,"stat.pickup.betteranimalsplus.eel_meat_cooked":362,"stat.pickup.artifacts.whoopie_cushion":2,"stat.pickup.minecraft.torch":54,"stat.drop.minecraft.arrow":3,"stat.craftItem.minecraft.iron_axe":2,"stat.killEntity.twilightforest.swarm_spider":2,"stat.mineBlock.twilightforest.twilight_plant":12,"stat.useItem.minecraft.lead":1,"stat.useItem.minecraft.mutton":2,"stat.useItem.minecraft.planks":8,"stat.pickup.minecraft.porkchop":1,"stat.drop.minecraft.melon":3,"stat.mineBlock.rebornmod.ginkgo_planks":93,"stat.useItem.minecraft.water_bucket":60,"stat.pickup.minecraft.sand":313,"stat.entityKilledBy.Spider":3,"stat.pickup.betteranimalsplus.eel_meat_raw":6,"stat.mineBlock.rebornmod.reinforced_stone":1,"stat.useItem.securitycraft.reinforced_cobblestone":63,"stat.craftItem.securitycraft.reinforced_stone_button":16,"stat.drop.evilcraft.vengeance_pickaxe":1,"stat.killEntity.twilightforest.skeleton_druid":10,"stat.pickup.galacticraftcore.oxygen_mask":1,"stat.pickup.rebornmod.frozen_leech":8,"stat.entityKilledBy.grimoireofgaia.harpy":3,"stat.drop.minecraft.stone_slab":6,"stat.pickup.minecraft.furnace":8,"stat.pickup.minecraft.iron_chestplate":1,"stat.useItem.minecraft.stone_stairs":6,"stat.craftItem.rebornmod.laser":4,"stat.drop.twilightforest.twilight_scepter":2,"stat.pickup.twilightforest.arctic_fur":22,"stat.useItem.minecraft.hopper":1,"stat.pickup.rebornmod.bennettitalean_cycadeoidea":1,"stat.craftItem.minecraft.heavy_weighted_pressure_plate":2,"stat.pickup.rebornmod.ginkgo_sapling":17,"stat.playOneMinute":1543862,"stat.drop.minecraft.string":1,"stat.pickup.twilightforest.twilight_oak_planks":8,"stat.useItem.minecraft.shears":238,"stat.drop.minecraft.ice":1,"stat.pickup.galacticraftcore.machine2":1,"stat.mineBlock.minecraft.netherrack":4,"stat.drop.minecraft.flint":1,"stat.pickup.twilightforest.etched_nagastone":10,"stat.craftItem.minecraft.iron_nugget":261,"stat.fallOneCm":1173343,"stat.craftItem.minecraft.chest":18,"stat.pickup.minecraft.feather":13,"stat.pickup.rebornmod.dna_extractor":2,"stat.pickup.minecraft.lead":5,"stat.pickup.twilightforest.etched_nagastone_weathered":2,"stat.useItem.minecraft.stone_pickaxe":150,"stat.useItem.minecraft.stone_sword":73,"stat.craftItem.minecraft.iron_leggings":6,"stat.craftItem.rebornmod.ginkgo_stairs":8,"stat.pickup.rebornmod.psaronius_log_petrified":1,"stat.pickup.minecraft.chainmail_boots":1,"stat.drop.rebornmod.twig_fossil":1,"stat.pickup.botania.specialflower":2,"stat.pickup.twilightforest.trophy":6,"stat.mineBlock.minecraft.monster_egg":1,"stat.pickup.galacticraftcore.rocket_workbench":1,"stat.killEntity.twilightforest.redcap":5,"stat.pickup.minecraft.log":264,"stat.pickup.twilightforest.alpha_fur":8,"stat.craftItem.twilightforest.twilight_oak_planks":32,"stat.mineBlock.galacticraftcore.basic_block_core":552,"stat.craftItem.usefulbackpacks.backpack":6,"stat.pickup.artifacts.magma_stone":1,"stat.killEntity.twilightforest.hedge_spider":1,"stat.pickup.twilightforest.knightmetal_chestplate":1,"stat.pickup.minecraft.diamond_helmet":1,"stat.pickup.artifacts.flame_pendant":1,"stat.pickup.rebornmod.phoenix_log_petrified":5,"stat.sneakTime":79875,"stat.craftItem.rebornmod.dna_sequencer":1,"stat.craftItem.galacticraftcore.oxygen_tank_heavy_full":9,"stat.pickup.rebornmod.cockroaches":5,"stat.pickup.minecraft.chest":1,"stat.craftItem.minecraft.enchanting_table":1,"stat.useItem.rebornmod.ginkgo_door_item":2,"stat.mineBlock.rebornmod.ice_age_shard":11,"stat.pickup.evilcraft.blood_extractor":1,"stat.craftItem.botania.petal":2,"stat.drop.galacticraftcore.oxygen_mask":3,"stat.drop.minecraft.iron_nugget":3,"stat.mineBlock.rebornmod.psaronius_log_petrified":1,"stat.useItem.galacticraftcore.aluminum_wire":32,"stat.swimOneCm":347309,"stat.mineBlock.evilcraft.dark_ore":2,"stat.craftItem.galacticraftcore.machine2":2,"stat.pickup.chococraft.chocobo_drumstick_raw":6,"stat.killEntity.betteranimalsplus.boar":2,"stat.useItem.minecraft.dirt":55,"stat.drop.evilcraft.werewolf_flesh":3,"stat.killEntity.artifacts.mimic":16,"stat.pickup.galacticraftcore.oxygen_compressor":1,"stat.drop.minecraft.wheat_seeds":4,"stat.useItem.securitycraft.door_indestructible_iron_item":2,"stat.pickup.rebornmod.amber":23,"stat.useItem.minecraft.sign":14,"stat.pickup.minecraft.mutton":52,"stat.pickup.minecraft.stonebrick":77,"stat.pickup.galacticraftcore.basic_block_core":833,"stat.pickup.twilightforest.ice_bomb":8,"stat.useItem.galacticraftcore.fluid_pipe":2,"stat.pickup.galacticraftcore.rocket_fins":8,"stat.craftItem.minecraft.stone_slab2":0,"stat.useItem.minecraft.stone_slab":249,"stat.killEntity.twilightforest.yeti_alpha":1,"stat.craftItem.minecraft.stone":838,"stat.mineBlock.minecraft.crafting_table":20,"stat.useItem.minecraft.diamond_pickaxe":1309,"stat.useItem.minecraft.carrot":6,"stat.killEntity.twilightforest.hostile_wolf":2,"stat.drop.chococraft.chocobo_saddle":1,"stat.craftItem.rebornmod.basic_circuit":56,"stat.pickup.minecraft.stone_button":1,"stat.craftItem.hammertime.itemhammeriron":6,"stat.craftItem.galacticraftcore.machine":2,"stat.pickup.minecraft.slime_ball":8,"stat.craftItem.minecraft.diamond_pickaxe":2,"stat.pickup.twilightforest.nagastone_pillar_mossy":2,"stat.pickup.artifacts.bottled_cloud":1,"stat.mineBlock.rebornmod.calamites_log_petrified":5,"stat.pickup.rebornmod.dna_combinator_hybridizer":2,"stat.pickup.minecraft.gravel":1,"stat.pickup.rebornmod.ginkgo_log":219,"stat.craftItem.rebornmod.keyboard":1,"stat.pickup.minecraft.stone_brick_stairs":6,"stat.pickup.minecraft.iron_helmet":1,"stat.craftItem.minecraft.bread":185,"stat.pickup.minecraft.spider_eye":10,"stat.pickup.minecraft.iron_ore":739,"stat.useItem.rebornmod.plaster_and_bandage":36,"stat.craftItem.rebornmod.iron_blades":1,"stat.craftItem.twilightforest.ironwood_raw":3,"stat.mineBlock.twilightforest.underbrick":3,"stat.pickup.minecraft.leather":34,"stat.drop.minecraft.iron_hoe":1,"stat.useItem.minecraft.wooden_pickaxe":19,"stat.dispenserInspected":2,"stat.pickup.minecraft.reeds":31,"stat.craftItem.minecraft.glass":232,"stat.sleepInBed":4,"stat.pickup.twilightforest.twilight_log":264,"stat.killEntity.Cow":25,"stat.killEntity.Pig":1,"stat.craftItem.hammertime.itemaxeiron":1,"stat.craftItem.minecraft.iron_sword":2,"stat.pickup.minecraft.piston":1,"stat.drop.minecraft.painting":1,"stat.pickup.twilightforest.naga_chestplate":1,"stat.walkOneCm":2295270,"stat.playerKills":1,"stat.pickup.twilightforest.nagastone_pillar":4,"stat.pickup.securitycraft.reinforced_stone_brick":9,"stat.pickup.rebornmod.calamites_log_petrified":5,"stat.pickup.galacticraftcore.basic_item":309,"stat.entityKilledBy.grimoireofgaia.minotaurus":4,"stat.pickup.minecraft.stone":382,"stat.mineBlock.minecraft.wool":243,"stat.craftItem.rebornmod.computer_screen":1,"stat.drop.rebornmod.reinforced_bricks":1,"stat.drop.chococraft.gysahl_green_seeds":9,"stat.pickup.minecraft.gold_ingot":15,"stat.killEntity.Skeleton":27,"stat.pickup.rebornmod.tempskya":4,"stat.killEntity.Spider":25,"stat.pickup.minecraft.bread":15,"stat.mineBlock.galacticraftcore.machine2":1,"stat.killEntity.Mule":1,"stat.pickup.minecraft.water_bucket":2,"stat.mineBlock.minecraft.redstone_ore":28,"stat.craftItem.minecraft.coal_block":37,"stat.mineBlock.minecraft.stone":628}