{"stat.drop.minecraft.stone_pickaxe":1,"stat.pickup.minecraft.bone":2,"stat.mineBlock.rebornmod.ice_age_shard":4,"stat.leaveGame":8,"stat.mineBlock.minecraft.cobblestone":16,"stat.pickup.minecraft.flint":1,"stat.mineBlock.minecraft.sandstone":1,"stat.useItem.minecraft.mutton":1,"stat.swimOneCm":15420,"stat.useItem.minecraft.planks":5,"stat.climbOneCm":3224,"stat.mineBlock.minecraft.web":15,"stat.drop.minecraft.melon":3,"stat.useItem.minecraft.stone_slab2":15,"stat.pickup.minecraft.rotten_flesh":2,"stat.craftItem.minecraft.furnace":1,"stat.craftItem.minecraft.stone_axe":1,"stat.craftItem.minecraft.iron_boots":1,"stat.craftItem.minecraft.stone_pickaxe":2,"stat.mineBlock.rebornmod.amber_ore":1,"stat.pickup.minecraft.cobblestone":172,"stat.craftItem.minecraft.stone_sword":1,"stat.flyOneCm":559865,"stat.pickup.minecraft.sandstone":1,"stat.drop.minecraft.wheat_seeds":1,"stat.useItem.minecraft.cooked_beef":19,"stat.pickup.rebornmod.mealworm_beetles":1,"stat.mineBlock.minecraft.iron_ore":47,"stat.pickup.rebornmod.amber":1,"stat.timeSinceDeath":83776,"stat.useItem.minecraft.iron_pickaxe":125,"stat.craftItem.minecraft.wooden_pickaxe":1,"stat.pickup.minecraft.mutton":39,"stat.mineBlock.minecraft.vine":2,"stat.furnaceInteraction":19,"stat.pickup.galacticraftcore.basic_block_core":37,"stat.drop.minecraft.dirt":1,"stat.mineBlock.minecraft.coal_ore":19,"stat.pickup.rebornmod.frozen_leech":3,"stat.drop.minecraft.red_flower":1,"stat.pickup.minecraft.string":15,"stat.pickup.rebornmod.display_block_item":1,"stat.pickup.minecraft.beef":27,"stat.pickup.minecraft.furnace":3,"stat.craftItem.minecraft.stone_slab2":0,"stat.sprintOneCm":318057,"stat.craftItem.minecraft.stick":28,"stat.craftItem.rebornmod.amber_keychain":1,"stat.mineBlock.minecraft.diamond_ore":1,"stat.mineBlock.minecraft.crafting_table":5,"stat.useItem.minecraft.carrot":6,"stat.pickup.chococraft.gysahl_green_seeds":2,"stat.deaths":2,"stat.mineBlock.minecraft.planks":1,"stat.drop":25,"stat.pickup.minecraft.egg":5,"stat.playOneMinute":105793,"stat.killEntity.Sheep":28,"stat.craftItem.hammertime.itemhammeriron":2,"stat.craftItem.minecraft.iron_pickaxe":1,"stat.killEntity.Zombie":6,"stat.mineBlock.minecraft.tallgrass":8,"stat.diveOneCm":36489,"stat.chestOpened":7,"stat.drop.rebornmod.cockroaches":1,"stat.drop.minecraft.flint":1,"stat.jump":3957,"stat.pickup.minecraft.coal":20,"stat.fallOneCm":63513,"stat.pickup.minecraft.carrot":8,"stat.useItem.minecraft.stone_axe":88,"stat.crouchOneCm":25032,"stat.craftItem.minecraft.torch":24,"stat.craftItem.minecraft.iron_ingot":48,"stat.pickup.minecraft.dirt":9,"stat.craftItem.minecraft.iron_helmet":1,"stat.mineBlock.rebornmod.plant_fossil_block":2,"stat.pickup.minecraft.melon":12,"stat.craftingTableInteraction":15,"stat.pickup.minecraft.iron_ore":84,"stat.boatOneCm":492931,"stat.mineBlock.minecraft.lapis_ore":15,"stat.damageTaken":1573,"stat.pickup.minecraft.feather":2,"stat.pickup.minecraft.leather":12,"stat.drop.minecraft.bone":10,"stat.mineBlock.minecraft.red_flower":1,"stat.mineBlock.minecraft.melon_block":2,"stat.mineBlock.minecraft.torch":2,"stat.mineBlock.minecraft.furnace":3,"stat.useItem.minecraft.wooden_pickaxe":19,"stat.useItem.minecraft.furnace":2,"stat.pickup.minecraft.dye":75,"stat.pickup.minecraft.planks":20,"stat.pickup.minecraft.wheat_seeds":1,"stat.mineBlock.rebornmod.gypsum_stone":16,"stat.useItem.minecraft.stone_pickaxe":150,"stat.useItem.minecraft.stone_sword":60,"stat.damageDealt":5247,"stat.mineBlock.rebornmod.display_block":1,"stat.killEntity.Cow":14,"stat.mineBlock.minecraft.dirt":11,"stat.pickup.minecraft.boat":4,"stat.walkOneCm":105403,"stat.useItem.minecraft.torch":7,"stat.pickup.rebornmod.crickets":2,"stat.drop.minecraft.rotten_flesh":2,"stat.pickup.minecraft.crafting_table":5,"stat.useItem.minecraft.cobblestone":18,"stat.craftItem.minecraft.crafting_table":1,"stat.pickup.rebornmod.gypsum_powder":99,"stat.craftItem.minecraft.boat":1,"stat.drop.rebornmod.mealworm_beetles":1,"stat.pickup.minecraft.log":27,"stat.useItem.minecraft.melon":9,"stat.drop.minecraft.chicken":1,"stat.mineBlock.galacticraftcore.basic_block_core":31,"stat.pickup.galacticraftcore.basic_item":5,"stat.pickup.minecraft.stone":17,"stat.drop.minecraft.sapling":4,"stat.pickup.minecraft.chicken":2,"stat.pickup.minecraft.sapling":5,"stat.killEntity.Skeleton":1,"stat.drop.rebornmod.crickets":2,"stat.craftItem.minecraft.planks":106,"stat.killEntity.Chicken":1,"stat.mobKills":50,"stat.mineBlock.minecraft.log":27,"stat.useItem.carryon.entity_item":3,"stat.useItem.minecraft.boat":4,"stat.pickup.minecraft.diamond":1,"stat.mineBlock.minecraft.leaves":28,"stat.pickup.minecraft.torch":5,"stat.pickup.minecraft.red_flower":2,"stat.sneakTime":8539,"stat.pickup.minecraft.wool":28,"stat.pickup.rebornmod.cockroaches":1,"stat.mineBlock.minecraft.stone":128}