{
  "minecraft:recipes/tools/fishing_rod": {
    "criteria": {
      "has_string": "2024-11-20 23:42:27 +0000"
    },
    "done": true
  },
  "minecraft:recipes/decorations/purple_stained_glass_pane": {
    "criteria": {
      "has_glass": "2024-11-23 22:39:27 +0000"
    },
    "done": true
  },
  "minecraft:recipes/building_blocks/black_stained_glass": {
    "criteria": {
      "has_glass": "2024-11-23 22:39:27 +0000"
    },
    "done": true
  },
  "minecraft:recipes/building_blocks/purple_wool": {
    "criteria": {
      "has_white_wool": "2024-11-21 21:13:18 +0000"
    },
    "done": true
  },
  "minecraft:recipes/redstone/lever": {
    "criteria": {
      "has_cobblestone": "2024-11-20 22:16:51 +0000"
    },
    "done": true
  },
  "twilightforest:alt/treasures/trophies": {
    "criteria": {
      "1": "2024-11-27 02:32:45 +0000"
    },
    "done": true
  },
  "minecraft:recipes/building_blocks/magenta_concrete_powder": {
    "criteria": {
      "has_sand": "2024-11-21 20:38:25 +0000"
    },
    "done": true
  },
  "biomesoplenty:recipes/buildingblocks/coarse_silty_dirt": {
    "criteria": {
      "has_gravel": "2024-11-25 17:26:43 +0000"
    },
    "done": true
  },
  "minecraft:recipes/combat/iron_sword": {
    "criteria": {
      "has_iron_ingot": "2024-11-20 22:44:00 +0000"
    },
    "done": true
  },
  "minecraft:recipes/misc/writable_book": {
    "criteria": {
      "has_book": "2024-11-22 19:01:16 +0000"
    },
    "done": true
  },
  "minecraft:recipes/redstone/spruce_door": {
    "criteria": {
      "has_planks": "2024-11-21 20:44:01 +0000"
    },
    "done": true
  },
  "minecraft:recipes/building_blocks/oak_wooden_slab": {
    "criteria": {
      "has_planks": "2024-11-21 20:44:02 +0000"
    },
    "done": true
  },
  "minecraft:recipes/misc/wheat": {
    "criteria": {
      "has_hay_block": "2024-11-21 20:31:15 +0000"
    },
    "done": true
  },
  "minecraft:recipes/building_blocks/snow": {
    "criteria": {
      "has_snowball": "2024-11-27 19:32:22 +0000"
    },
    "done": true
  },
  "minecraft:recipes/decorations/white_bed": {
    "criteria": {
      "has_white_wool": "2024-11-21 21:13:18 +0000"
    },
    "done": true
  },
  "minecraft:recipes/building_blocks/lime_concrete_powder": {
    "criteria": {
      "has_sand": "2024-11-21 20:38:25 +0000"
    },
    "done": true
  },
  "minecraft:recipes/tools/iron_pickaxe": {
    "criteria": {
      "has_iron_ingot": "2024-11-20 22:44:00 +0000"
    },
    "done": true
  },
  "minecraft:recipes/building_blocks/gray_stained_glass": {
    "criteria": {
      "has_glass": "2024-11-23 22:39:27 +0000"
    },
    "done": true
  },
  "twilightforest:progress_naga": {
    "criteria": {
      "scale": "2024-11-27 02:32:45 +0000",
      "kill_mob": "2024-11-27 02:02:17 +0000"
    },
    "done": true
  },
  "minecraft:recipes/building_blocks/yellow_concrete_powder": {
    "criteria": {
      "has_sand": "2024-11-21 20:38:25 +0000"
    },
    "done": true
  },
  "minecraft:recipes/redstone/spruce_fence_gate": {
    "criteria": {
      "has_planks": "2024-11-21 20:44:01 +0000"
    },
    "done": true
  },
  "minecraft:recipes/combat/leather_helmet": {
    "criteria": {
      "has_leather": "2024-11-20 22:00:42 +0000"
    },
    "done": true
  },
  "minecraft:recipes/decorations/crafting_table": {
    "criteria": {
      "has_planks": "2024-11-20 22:16:22 +0000"
    },
    "done": true
  },
  "minecraft:recipes/redstone/redstone": {
    "criteria": {
      "has_the_recipe": "2024-11-21 20:06:01 +0000"
    },
    "done": true
  },
  "minecraft:recipes/building_blocks/magenta_wool": {
    "criteria": {
      "has_white_wool": "2024-11-21 21:13:18 +0000"
    },
    "done": true
  },
  "minecraft:recipes/building_blocks/mossy_stonebrick": {
    "criteria": {
      "has_mossy_cobblestone": "2024-11-25 18:32:27 +0000"
    },
    "done": true
  },
  "minecraft:recipes/food/bread": {
    "criteria": {
      "has_the_recipe": "2024-11-21 20:52:54 +0000"
    },
    "done": true
  },
  "minecraft:recipes/building_blocks/purple_stained_glass": {
    "criteria": {
      "has_glass": "2024-11-23 22:39:27 +0000"
    },
    "done": true
  },
  "minecraft:recipes/misc/melon_seeds": {
    "criteria": {
      "has_melon": "2024-11-20 22:11:43 +0000"
    },
    "done": true
  },
  "minecraft:recipes/redstone/trapdoor": {
    "criteria": {
      "has_planks": "2024-11-20 22:16:22 +0000"
    },
    "done": true
  },
  "evilcraft:fart": {
    "criteria": {
      "criteria_0": "2024-11-21 20:35:58 +0000"
    },
    "done": true
  },
  "minecraft:recipes/decorations/ladder": {
    "criteria": {
      "has_stick": "2024-11-20 22:16:26 +0000"
    },
    "done": true
  },
  "minecraft:recipes/decorations/lime_stained_glass_pane": {
    "criteria": {
      "has_glass": "2024-11-23 22:39:27 +0000"
    },
    "done": true
  },
  "minecraft:recipes/misc/iron_nugget": {
    "criteria": {
      "has_iron_ingot": "2024-11-20 22:44:00 +0000"
    },
    "done": true
  },
  "minecraft:recipes/decorations/chest": {
    "criteria": {
      "has_lots_of_items": "2024-11-20 22:16:26 +0000"
    },
    "done": true
  },
  "minecraft:story/shiny_gear": {
    "criteria": {
      "diamond_chestplate": "2024-11-25 18:01:46 +0000"
    },
    "done": true
  },
  "minecraft:recipes/building_blocks/brown_concrete_powder": {
    "criteria": {
      "has_sand": "2024-11-21 20:38:25 +0000"
    },
    "done": true
  },
  "minecraft:recipes/decorations/magenta_stained_glass_pane": {
    "criteria": {
      "has_glass": "2024-11-23 22:39:27 +0000"
    },
    "done": true
  },
  "minecraft:recipes/decorations/black_bed_from_white_bed": {
    "criteria": {
      "has_bed": "2024-11-22 17:38:40 +0000"
    },
    "done": true
  },
  "minecraft:recipes/tools/wooden_shovel": {
    "criteria": {
      "has_stick": "2024-11-20 22:16:26 +0000"
    },
    "done": true
  },
  "minecraft:recipes/decorations/torch": {
    "criteria": {
      "has_stone_pickaxe": "2024-11-20 22:17:09 +0000"
    },
    "done": true
  },
  "minecraft:recipes/combat/diamond_sword": {
    "criteria": {
      "has_diamond": "2024-11-20 23:09:53 +0000"
    },
    "done": true
  },
  "minecraft:recipes/decorations/cyan_stained_glass_pane": {
    "criteria": {
      "has_glass": "2024-11-23 22:39:27 +0000"
    },
    "done": true
  },
  "minecraft:recipes/building_blocks/blue_stained_glass": {
    "criteria": {
      "has_glass": "2024-11-23 22:39:27 +0000"
    },
    "done": true
  },
  "minecraft:recipes/building_blocks/cyan_wool": {
    "criteria": {
      "has_white_wool": "2024-11-21 21:13:18 +0000"
    },
    "done": true
  },
  "minecraft:recipes/tools/shears": {
    "criteria": {
      "has_iron_ingot": "2024-11-20 22:44:00 +0000"
    },
    "done": true
  },
  "minecraft:recipes/misc/stick": {
    "criteria": {
      "has_planks": "2024-11-20 22:16:22 +0000"
    },
    "done": true
  },
  "minecraft:recipes/decorations/sign": {
    "criteria": {
      "has_planks": "2024-11-20 22:16:22 +0000"
    },
    "done": true
  },
  "minecraft:recipes/transportation/spruce_boat": {
    "criteria": {
      "entered_water": "2024-11-20 21:57:54 +0000"
    },
    "done": true
  },
  "minecraft:recipes/decorations/jukebox": {
    "criteria": {
      "has_diamond": "2024-11-20 23:09:53 +0000"
    },
    "done": true
  },
  "minecraft:recipes/tools/flint_and_steel": {
    "criteria": {
      "has_flint": "2024-11-22 18:23:47 +0000"
    },
    "done": true
  },
  "minecraft:recipes/redstone/dispenser": {
    "criteria": {
      "has_bow": "2024-11-21 22:11:41 +0000"
    },
    "done": true
  },
  "biomesoplenty:recipes/transportation/boat_ethereal": {
    "criteria": {
      "entered_water": "2024-11-24 23:28:23 +0000"
    },
    "done": true
  },
  "minecraft:recipes/food/cake": {
    "criteria": {
      "has_egg": "2024-11-21 20:54:45 +0000"
    },
    "done": true
  },
  "minecraft:recipes/building_blocks/gray_wool": {
    "criteria": {
      "has_white_wool": "2024-11-21 21:13:18 +0000"
    },
    "done": true
  },
  "twilightforest:alt/major_landmarks/large_hollow_hill": {
    "criteria": {
      "discover": "2024-11-22 20:20:21 +0000"
    },
    "done": true
  },
  "twilightforest:alt/entities/goblins": {
    "criteria": {
      "0": "2024-11-22 20:24:32 +0000"
    },
    "done": true
  },
  "twilightforest:alt/entities/penguin": {
    "criteria": {
      "hurt": "2024-11-27 19:30:17 +0000"
    },
    "done": true
  },
  "minecraft:recipes/combat/iron_leggings": {
    "criteria": {
      "has_iron_ingot": "2024-11-20 22:44:00 +0000"
    },
    "done": true
  },
  "minecraft:husbandry/balanced_diet": {
    "criteria": {
      "cooked_porkchop": "2024-11-26 23:48:03 +0000",
      "cooked_mutton": "2024-11-24 23:21:48 +0000",
      "cooked_beef": "2024-11-20 22:03:28 +0000",
      "beef": "2024-11-20 22:09:44 +0000",
      "apple": "2024-11-23 23:00:21 +0000",
      "potato": "2024-11-25 17:31:38 +0000",
      "melon": "2024-11-20 22:50:31 +0000",
      "mutton": "2024-11-20 21:57:40 +0000",
      "bread": "2024-11-21 20:58:11 +0000",
      "golden_apple": "2024-11-25 17:00:25 +0000"
    },
    "done": false
  },
  "twilightforest:alt/biomes/general_biomes": {
    "criteria": {
      "5": "2024-11-22 20:18:47 +0000"
    },
    "done": true
  },
  "galacticraftcore:galacticraft/basic_wafer": {
    "criteria": {
      "compressor": "2024-11-25 17:03:45 +0000"
    },
    "done": true
  },
  "minecraft:recipes/tools/wooden_hoe": {
    "criteria": {
      "has_stick": "2024-11-20 22:16:26 +0000"
    },
    "done": true
  },
  "minecraft:recipes/brewing/golden_carrot": {
    "criteria": {
      "has_gold_nugget": "2024-11-22 18:50:59 +0000"
    },
    "done": true
  },
  "minecraft:recipes/combat/shield": {
    "criteria": {
      "has_iron_ingot": "2024-11-20 22:44:00 +0000"
    },
    "done": true
  },
  "minecraft:recipes/building_blocks/cobblestone_slab": {
    "criteria": {
      "has_cobblestone": "2024-11-20 22:16:51 +0000"
    },
    "done": true
  },
  "twilightforest:alt/entities/redcap": {
    "criteria": {
      "hurt_by_indirect": "2024-11-22 20:24:32 +0000"
    },
    "done": true
  },
  "minecraft:recipes/misc/bucket": {
    "criteria": {
      "has_iron_ingot": "2024-11-20 22:44:00 +0000"
    },
    "done": true
  },
  "minecraft:recipes/brewing/speckled_melon": {
    "criteria": {
      "has_melon": "2024-11-20 22:11:43 +0000"
    },
    "done": true
  },
  "minecraft:recipes/misc/iron_ingot_from_block": {
    "criteria": {
      "has_the_recipe": "2024-11-20 23:10:18 +0000"
    },
    "done": true
  },
  "minecraft:recipes/redstone/hopper": {
    "criteria": {
      "has_iron_ingot": "2024-11-20 22:44:00 +0000"
    },
    "done": true
  },
  "twilightforest:alt/treasures/twilight_scepter": {
    "criteria": {
      "scepter": "2024-11-27 02:23:19 +0000"
    },
    "done": true
  },
  "twilightforest:alt/entities/naga": {
    "criteria": {
      "hurt_by_indirect": "2024-11-27 02:30:25 +0000"
    },
    "done": true
  },
  "minecraft:recipes/decorations/yellow_bed_from_white_bed": {
    "criteria": {
      "has_bed": "2024-11-22 17:38:40 +0000"
    },
    "done": true
  },
  "minecraft:recipes/building_blocks/coarse_dirt": {
    "criteria": {
      "has_gravel": "2024-11-23 23:04:04 +0000"
    },
    "done": true
  },
  "twilightforest:alt/biomes/dark_forest": {
    "criteria": {
      "0": "2024-11-27 19:37:34 +0000"
    },
    "done": true
  },
  "minecraft:recipes/decorations/orange_stained_glass_pane": {
    "criteria": {
      "has_glass": "2024-11-23 22:39:27 +0000"
    },
    "done": true
  },
  "twilightforest:arborist": {
    "criteria": {
      "twilight_oak_log": "2024-11-27 02:04:33 +0000",
      "twilight_oak_sapling": "2024-11-27 02:30:30 +0000"
    },
    "done": false
  },
  "minecraft:recipes/redstone/fence_gate": {
    "criteria": {
      "has_planks": "2024-11-21 20:44:02 +0000"
    },
    "done": true
  },
  "biomesoplenty:recipes/transportation/boat_mangrove": {
    "criteria": {
      "entered_water": "2024-11-24 23:28:23 +0000"
    },
    "done": true
  },
  "twilightforest:alt/entities/swarm_spider": {
    "criteria": {
      "hurt_by_indirect": "2024-11-27 19:36:42 +0000"
    },
    "done": true
  },
  "minecraft:recipes/decorations/white_banner": {
    "criteria": {
      "has_white_wool": "2024-11-21 21:13:18 +0000"
    },
    "done": true
  },
  "rebornmod:reborn/encased_fossil": {
    "criteria": {
      "encased_fossil_5": "2024-11-24 18:10:48 +0000"
    },
    "done": true
  },
  "twilightforest:alt/biomes/dense_twilight_forest": {
    "criteria": {
      "discover": "2024-11-27 02:01:03 +0000"
    },
    "done": true
  },
  "minecraft:recipes/building_blocks/light_gray_concrete_powder": {
    "criteria": {
      "has_sand": "2024-11-21 20:38:25 +0000"
    },
    "done": true
  },
  "minecraft:recipes/building_blocks/light_blue_concrete_powder": {
    "criteria": {
      "has_sand": "2024-11-21 20:38:25 +0000"
    },
    "done": true
  },
  "galacticraftcore:galacticraft/root": {
    "criteria": {
      "tick": "2024-11-20 21:55:57 +0000"
    },
    "done": true
  },
  "biomesoplenty:recipes/transportation/boat_eucalyptus": {
    "criteria": {
      "entered_water": "2024-11-24 23:28:23 +0000"
    },
    "done": true
  },
  "minecraft:recipes/decorations/mossy_cobblestone_wall": {
    "criteria": {
      "has_mossy_cobblestone": "2024-11-25 18:32:27 +0000"
    },
    "done": true
  },
  "minecraft:recipes/building_blocks/hay_block": {
    "criteria": {
      "has_at_least_9_wheat": "2024-11-21 20:54:16 +0000"
    },
    "done": true
  },
  "minecraft:recipes/combat/leather_leggings": {
    "criteria": {
      "has_leather": "2024-11-20 22:00:42 +0000"
    },
    "done": true
  },
  "minecraft:recipes/combat/iron_helmet": {
    "criteria": {
      "has_iron_ingot": "2024-11-20 22:44:00 +0000"
    },
    "done": true
  },
  "minecraft:recipes/building_blocks/pink_concrete_powder": {
    "criteria": {
      "has_sand": "2024-11-21 20:38:25 +0000"
    },
    "done": true
  },
  "minecraft:recipes/combat/bow": {
    "criteria": {
      "has_string": "2024-11-20 23:42:27 +0000"
    },
    "done": true
  },
  "betteranimalsplus:animal_head_variants": {
    "criteria": {
      "head9": "2024-11-21 21:11:21 +0000"
    },
    "done": false
  },
  "twilightforest:alt/treasures/scepters": {
    "criteria": {
      "0": "2024-11-27 02:23:19 +0000"
    },
    "done": true
  },
  "minecraft:recipes/redstone/tnt": {
    "criteria": {
      "has_gunpowder": "2024-11-24 23:28:18 +0000"
    },
    "done": true
  },
  "minecraft:recipes/decorations/black_stained_glass_pane": {
    "criteria": {
      "has_glass": "2024-11-23 22:39:27 +0000"
    },
    "done": true
  },
  "minecraft:recipes/building_blocks/yellow_stained_glass": {
    "criteria": {
      "has_glass": "2024-11-23 22:39:27 +0000"
    },
    "done": true
  },
  "minecraft:recipes/building_blocks/purple_concrete_powder": {
    "criteria": {
      "has_sand": "2024-11-21 20:38:25 +0000"
    },
    "done": true
  },
  "minecraft:recipes/decorations/magenta_bed_from_white_bed": {
    "criteria": {
      "has_bed": "2024-11-22 17:38:40 +0000"
    },
    "done": true
  },
  "minecraft:recipes/decorations/iron_bars": {
    "criteria": {
      "has_iron_ingot": "2024-11-20 22:44:00 +0000"
    },
    "done": true
  },
  "minecraft:recipes/decorations/orange_bed_from_white_bed": {
    "criteria": {
      "has_bed": "2024-11-22 17:38:40 +0000"
    },
    "done": true
  },
  "twilightforest:alt/entities/fire_beetle": {
    "criteria": {
      "hurt_by_indirect": "2024-11-22 20:24:28 +0000"
    },
    "done": true
  },
  "minecraft:recipes/building_blocks/blue_wool": {
    "criteria": {
      "has_white_wool": "2024-11-21 21:13:18 +0000"
    },
    "done": true
  },
  "botania:challenge/root": {
    "criteria": {
      "flower": "2024-11-27 02:45:12 +0000"
    },
    "done": true
  },
  "minecraft:story/obtain_armor": {
    "criteria": {
      "iron_chestplate": "2024-11-20 23:10:28 +0000"
    },
    "done": true
  },
  "twilightforest:alt/biomes/oak_savannah": {
    "criteria": {
      "discover": "2024-11-25 19:50:12 +0000"
    },
    "done": true
  },
  "minecraft:recipes/combat/diamond_chestplate": {
    "criteria": {
      "has_diamond": "2024-11-20 23:09:53 +0000"
    },
    "done": true
  },
  "minecraft:story/mine_stone": {
    "criteria": {
      "get_stone": "2024-11-20 22:16:51 +0000"
    },
    "done": true
  },
  "twilightforest:alt/entities/animals": {
    "criteria": {
      "7": "2024-11-27 19:30:17 +0000"
    },
    "done": true
  },
  "minecraft:recipes/decorations/furnace": {
    "criteria": {
      "has_cobblestone": "2024-11-20 22:16:51 +0000"
    },
    "done": true
  },
  "minecraft:recipes/transportation/minecart": {
    "criteria": {
      "has_iron_ingot": "2024-11-20 22:44:00 +0000"
    },
    "done": true
  },
  "minecraft:recipes/brewing/cauldron": {
    "criteria": {
      "has_water_bucket": "2024-11-22 18:47:13 +0000"
    },
    "done": true
  },
  "twilightforest:progress_trophy_pedestal": {
    "criteria": {
      "kill_lich": "2024-11-27 02:32:45 +0000"
    },
    "done": false
  },
  "minecraft:recipes/combat/diamond_leggings": {
    "criteria": {
      "has_diamond": "2024-11-20 23:09:53 +0000"
    },
    "done": true
  },
  "minecraft:recipes/decorations/gray_stained_glass_pane": {
    "criteria": {
      "has_glass": "2024-11-23 22:39:27 +0000"
    },
    "done": true
  },
  "minecraft:recipes/decorations/armor_stand": {
    "criteria": {
      "has_stone_slab": "2024-11-27 02:51:16 +0000"
    },
    "done": true
  },
  "minecraft:recipes/building_blocks/sandstone": {
    "criteria": {
      "has_sand": "2024-11-21 20:38:25 +0000"
    },
    "done": true
  },
  "minecraft:adventure/sleep_in_bed": {
    "criteria": {
      "slept_in_bed": "2024-11-22 20:05:56 +0000"
    },
    "done": true
  },
  "minecraft:recipes/building_blocks/red_stained_glass": {
    "criteria": {
      "has_glass": "2024-11-23 22:39:27 +0000"
    },
    "done": true
  },
  "minecraft:recipes/building_blocks/orange_wool": {
    "criteria": {
      "has_white_wool": "2024-11-21 21:13:18 +0000"
    },
    "done": true
  },
  "minecraft:recipes/decorations/green_stained_glass_pane": {
    "criteria": {
      "has_glass": "2024-11-23 22:39:27 +0000"
    },
    "done": true
  },
  "galacticraftcore:galacticraft/oxygen_gear": {
    "criteria": {
      "heavy_tank": "2024-11-27 00:34:04 +0000",
      "oxygen_mask": "2024-11-25 16:51:05 +0000"
    },
    "done": false
  },
  "minecraft:recipes/tools/wooden_pickaxe": {
    "criteria": {
      "has_stick": "2024-11-20 22:16:26 +0000"
    },
    "done": true
  },
  "minecraft:recipes/tools/iron_hoe": {
    "criteria": {
      "has_iron_ingot": "2024-11-20 22:44:00 +0000"
    },
    "done": true
  },
  "minecraft:story/lava_bucket": {
    "criteria": {
      "lava_bucket": "2024-11-23 22:37:03 +0000"
    },
    "done": true
  },
  "minecraft:husbandry/root": {
    "criteria": {
      "consumed_item": "2024-11-20 21:57:40 +0000"
    },
    "done": true
  },
  "minecraft:recipes/redstone/redstone_torch": {
    "criteria": {
      "has_redstone": "2024-11-21 20:05:58 +0000"
    },
    "done": true
  },
  "minecraft:recipes/building_blocks/stone_brick_slab": {
    "criteria": {
      "has_stonebrick": "2024-11-21 21:48:59 +0000"
    },
    "done": true
  },
  "minecraft:recipes/transportation/birch_boat": {
    "criteria": {
      "entered_water": "2024-11-20 21:57:54 +0000"
    },
    "done": true
  },
  "minecraft:recipes/building_blocks/oak_stairs": {
    "criteria": {
      "has_planks": "2024-11-21 20:44:02 +0000"
    },
    "done": true
  },
  "minecraft:recipes/building_blocks/green_concrete_powder": {
    "criteria": {
      "has_sand": "2024-11-21 20:38:25 +0000"
    },
    "done": true
  },
  "twilightforest:alt/entities/blockchain_goblin": {
    "criteria": {
      "hurt_by_indirect": "2024-11-27 19:43:56 +0000"
    },
    "done": true
  },
  "minecraft:recipes/transportation/acacia_boat": {
    "criteria": {
      "entered_water": "2024-11-20 21:57:54 +0000"
    },
    "done": true
  },
  "minecraft:recipes/tools/iron_shovel": {
    "criteria": {
      "has_iron_ingot": "2024-11-20 22:44:00 +0000"
    },
    "done": true
  },
  "minecraft:recipes/redstone/iron_trapdoor": {
    "criteria": {
      "has_iron_ingot": "2024-11-20 22:44:00 +0000"
    },
    "done": true
  },
  "biomesoplenty:recipes/transportation/boat_redwood": {
    "criteria": {
      "entered_water": "2024-11-24 23:28:23 +0000"
    },
    "done": true
  },
  "minecraft:recipes/building_blocks/orange_stained_glass": {
    "criteria": {
      "has_glass": "2024-11-23 22:39:27 +0000"
    },
    "done": true
  },
  "minecraft:recipes/decorations/cyan_bed_from_white_bed": {
    "criteria": {
      "has_bed": "2024-11-22 17:38:40 +0000"
    },
    "done": true
  },
  "minecraft:adventure/root": {
    "criteria": {
      "killed_by_something": "2024-11-20 21:58:39 +0000"
    },
    "done": true
  },
  "minecraft:recipes/misc/bowl": {
    "criteria": {
      "has_red_mushroom": "2024-11-27 00:42:27 +0000"
    },
    "done": true
  },
  "betteranimalsplus:animal_head_first": {
    "criteria": {
      "head9": "2024-11-21 21:11:21 +0000"
    },
    "done": true
  },
  "evilcraft:cannibal": {
    "criteria": {
      "criteria_0": "2024-11-22 18:53:29 +0000"
    },
    "done": true
  },
  "minecraft:recipes/decorations/gray_bed_from_white_bed": {
    "criteria": {
      "has_bed": "2024-11-22 17:38:40 +0000"
    },
    "done": true
  },
  "minecraft:recipes/building_blocks/white_concrete_powder": {
    "criteria": {
      "has_sand": "2024-11-21 20:38:25 +0000"
    },
    "done": true
  },
  "minecraft:recipes/decorations/item_frame": {
    "criteria": {
      "has_leather": "2024-11-20 22:00:42 +0000"
    },
    "done": true
  },
  "minecraft:recipes/decorations/lime_bed_from_white_bed": {
    "criteria": {
      "has_bed": "2024-11-22 17:38:40 +0000"
    },
    "done": true
  },
  "minecraft:recipes/tools/stone_hoe": {
    "criteria": {
      "has_cobblestone": "2024-11-20 22:16:51 +0000"
    },
    "done": true
  },
  "minecraft:recipes/tools/clock": {
    "criteria": {
      "has_redstone": "2024-11-21 20:05:58 +0000"
    },
    "done": true
  },
  "minecraft:recipes/decorations/spruce_fence": {
    "criteria": {
      "has_planks": "2024-11-21 20:44:01 +0000"
    },
    "done": true
  },
  "minecraft:recipes/tools/diamond_pickaxe": {
    "criteria": {
      "has_diamond": "2024-11-20 23:09:53 +0000"
    },
    "done": true
  },
  "minecraft:recipes/tools/diamond_hoe": {
    "criteria": {
      "has_diamond": "2024-11-20 23:09:53 +0000"
    },
    "done": true
  },
  "biomesoplenty:recipes/transportation/boat_umbran": {
    "criteria": {
      "entered_water": "2024-11-24 23:28:23 +0000"
    },
    "done": true
  },
  "minecraft:recipes/decorations/white_stained_glass_pane": {
    "criteria": {
      "has_glass": "2024-11-23 22:39:27 +0000"
    },
    "done": true
  },
  "minecraft:adventure/kill_all_mobs": {
    "criteria": {
      "zombie_villager": "2024-11-20 23:07:13 +0000",
      "skeleton": "2024-11-20 23:37:07 +0000",
      "zombie": "2024-11-20 22:26:28 +0000",
      "cave_spider": "2024-11-25 19:52:46 +0000",
      "spider": "2024-11-24 17:47:39 +0000"
    },
    "done": false
  },
  "minecraft:recipes/tools/diamond_shovel": {
    "criteria": {
      "has_diamond": "2024-11-20 23:09:53 +0000"
    },
    "done": true
  },
  "minecraft:recipes/decorations/green_bed_from_white_bed": {
    "criteria": {
      "has_bed": "2024-11-22 17:38:40 +0000"
    },
    "done": true
  },
  "minecraft:story/enchant_item": {
    "criteria": {
      "enchanted_item": "2024-11-25 18:19:01 +0000"
    },
    "done": true
  },
  "galacticraftcore:galacticraft/oil": {
    "criteria": {
      "in_oil": "2024-11-22 19:02:54 +0000"
    },
    "done": true
  },
  "minecraft:recipes/redstone/redstone_block": {
    "criteria": {
      "has_at_least_9_redstone": "2024-11-21 20:06:01 +0000"
    },
    "done": true
  },
  "betteranimalsplus:ultimate_succening": {
    "criteria": {
      "zotz_succ": "2024-11-25 19:50:55 +0000"
    },
    "done": false
  },
  "minecraft:recipes/decorations/white_carpet": {
    "criteria": {
      "has_white_wool": "2024-11-21 21:13:18 +0000"
    },
    "done": true
  },
  "minecraft:recipes/decorations/pink_bed_from_white_bed": {
    "criteria": {
      "has_bed": "2024-11-22 17:38:40 +0000"
    },
    "done": true
  },
  "minecraft:recipes/building_blocks/lime_stained_glass": {
    "criteria": {
      "has_glass": "2024-11-23 22:39:27 +0000"
    },
    "done": true
  },
  "betteranimalsplus:animal_head_all": {
    "criteria": {
      "head9": "2024-11-21 21:11:21 +0000"
    },
    "done": false
  },
  "minecraft:recipes/decorations/pink_stained_glass_pane": {
    "criteria": {
      "has_glass": "2024-11-23 22:39:27 +0000"
    },
    "done": true
  },
  "minecraft:recipes/building_blocks/spruce_stairs": {
    "criteria": {
      "has_planks": "2024-11-21 20:44:01 +0000"
    },
    "done": true
  },
  "twilightforest:alt/treasures/knightmetal_armor_set": {
    "criteria": {
      "ingredient": "2024-11-27 19:37:55 +0000"
    },
    "done": true
  },
  "twilightforest:naga_armors": {
    "criteria": {
      "armor": "2024-11-27 02:33:57 +0000"
    },
    "done": true
  },
  "twilightforest:alt/treasures/naga_armor_set": {
    "criteria": {
      "ingredient": "2024-11-27 02:32:45 +0000"
    },
    "done": true
  },
  "rebornmod:reborn/amber": {
    "criteria": {
      "frozen_leech": "2024-11-20 23:14:50 +0000"
    },
    "done": true
  },
  "minecraft:recipes/redstone/birch_door": {
    "criteria": {
      "has_planks": "2024-11-20 22:16:22 +0000"
    },
    "done": true
  },
  "twilightforest:root": {
    "criteria": {
      "in_tf": "2024-11-22 20:18:47 +0000"
    },
    "done": true
  },
  "minecraft:recipes/decorations/glass_pane": {
    "criteria": {
      "has_glass": "2024-11-23 22:39:27 +0000"
    },
    "done": true
  },
  "biomesoplenty:recipes/transportation/boat_magic": {
    "criteria": {
      "entered_water": "2024-11-24 23:28:23 +0000"
    },
    "done": true
  },
  "minecraft:recipes/misc/lapis_lazuli": {
    "criteria": {
      "has_the_recipe": "2024-11-24 23:29:04 +0000"
    },
    "done": true
  },
  "minecraft:recipes/building_blocks/magenta_stained_glass": {
    "criteria": {
      "has_glass": "2024-11-23 22:39:27 +0000"
    },
    "done": true
  },
  "minecraft:story/mine_diamond": {
    "criteria": {
      "diamond": "2024-11-20 23:09:53 +0000"
    },
    "done": true
  },
  "minecraft:story/upgrade_tools": {
    "criteria": {
      "stone_pickaxe": "2024-11-20 22:17:09 +0000"
    },
    "done": true
  },
  "twilightforest:twilight_hunter": {
    "criteria": {
      "kobold": "2024-11-27 02:02:17 +0000"
    },
    "done": true
  },
  "minecraft:recipes/combat/diamond_helmet": {
    "criteria": {
      "has_diamond": "2024-11-20 23:09:53 +0000"
    },
    "done": true
  },
  "biomesoplenty:recipes/transportation/boat_palm": {
    "criteria": {
      "entered_water": "2024-11-24 23:28:23 +0000"
    },
    "done": true
  },
  "mowziesmobs:sneak_village": {
    "criteria": {
      "steal_crystal": "2024-11-21 20:31:07 +0000"
    },
    "done": true
  },
  "minecraft:recipes/decorations/birch_fence": {
    "criteria": {
      "has_planks": "2024-11-20 22:16:22 +0000"
    },
    "done": true
  },
  "minecraft:recipes/decorations/blue_bed_from_white_bed": {
    "criteria": {
      "has_bed": "2024-11-22 17:38:40 +0000"
    },
    "done": true
  },
  "minecraft:recipes/building_blocks/light_blue_stained_glass": {
    "criteria": {
      "has_glass": "2024-11-23 22:39:27 +0000"
    },
    "done": true
  },
  "minecraft:recipes/misc/pink_dye_from_pink_tulip": {
    "criteria": {
      "has_red_flower": "2024-11-25 18:44:50 +0000"
    },
    "done": true
  },
  "minecraft:recipes/building_blocks/orange_concrete_powder": {
    "criteria": {
      "has_sand": "2024-11-21 20:38:25 +0000"
    },
    "done": true
  },
  "minecraft:recipes/building_blocks/cyan_concrete_powder": {
    "criteria": {
      "has_sand": "2024-11-21 20:38:25 +0000"
    },
    "done": true
  },
  "minecraft:recipes/building_blocks/stone_brick_stairs": {
    "criteria": {
      "has_stonebrick": "2024-11-21 21:48:59 +0000"
    },
    "done": true
  },
  "minecraft:recipes/decorations/blue_stained_glass_pane": {
    "criteria": {
      "has_glass": "2024-11-23 22:39:27 +0000"
    },
    "done": true
  },
  "rebornmod:reborn/dna_extractor": {
    "criteria": {
      "dna_extractor": "2024-11-21 21:09:07 +0000"
    },
    "done": true
  },
  "minecraft:husbandry/tame_an_animal": {
    "criteria": {
      "tamed_animal": "2024-11-20 22:17:48 +0000"
    },
    "done": true
  },
  "twilightforest:alt/major_landmarks/naga_courtyard": {
    "criteria": {
      "discover": "2024-11-27 02:01:03 +0000"
    },
    "done": true
  },
  "minecraft:recipes/tools/wooden_axe": {
    "criteria": {
      "has_stick": "2024-11-20 22:16:26 +0000"
    },
    "done": true
  },
  "minecraft:recipes/building_blocks/lime_wool": {
    "criteria": {
      "has_white_wool": "2024-11-21 21:13:18 +0000"
    },
    "done": true
  },
  "minecraft:recipes/misc/cyan_dye": {
    "criteria": {
      "has_lapis": "2024-11-24 23:28:38 +0000"
    },
    "done": true
  },
  "twilightforest:alt/major_landmarks/ice_tower": {
    "criteria": {
      "discover": "2024-11-27 19:30:55 +0000"
    },
    "done": true
  },
  "minecraft:recipes/misc/magenta_dye_from_lapis_ink_bonemeal": {
    "criteria": {
      "has_lapis": "2024-11-24 23:28:38 +0000"
    },
    "done": true
  },
  "minecraft:recipes/building_blocks/black_wool": {
    "criteria": {
      "has_white_wool": "2024-11-21 21:13:18 +0000"
    },
    "done": true
  },
  "minecraft:recipes/building_blocks/green_wool": {
    "criteria": {
      "has_white_wool": "2024-11-21 21:13:18 +0000"
    },
    "done": true
  },
  "minecraft:recipes/misc/light_blue_dye_from_lapis_bonemeal": {
    "criteria": {
      "has_lapis": "2024-11-24 23:28:38 +0000"
    },
    "done": true
  },
  "minecraft:recipes/tools/diamond_axe": {
    "criteria": {
      "has_diamond": "2024-11-20 23:09:53 +0000"
    },
    "done": true
  },
  "minecraft:recipes/misc/magenta_dye_from_lapis_red_pink": {
    "criteria": {
      "has_lapis": "2024-11-24 23:28:38 +0000"
    },
    "done": true
  },
  "minecraft:recipes/brewing/glass_bottle": {
    "criteria": {
      "has_glass": "2024-11-23 22:39:27 +0000"
    },
    "done": true
  },
  "twilightforest:alt/entities/undead": {
    "criteria": {
      "0": "2024-11-27 02:29:18 +0000"
    },
    "done": true
  },
  "minecraft:recipes/building_blocks/brown_wool": {
    "criteria": {
      "has_white_wool": "2024-11-21 21:13:18 +0000"
    },
    "done": true
  },
  "biomesoplenty:recipes/transportation/boat_fir": {
    "criteria": {
      "entered_water": "2024-11-24 23:28:23 +0000"
    },
    "done": true
  },
  "minecraft:recipes/decorations/light_blue_stained_glass_pane": {
    "criteria": {
      "has_glass": "2024-11-23 22:39:27 +0000"
    },
    "done": true
  },
  "twilightforest:alt/biomes/thornlands": {
    "criteria": {
      "discover": "2024-11-27 02:02:01 +0000"
    },
    "done": true
  },
  "minecraft:recipes/building_blocks/iron_block": {
    "criteria": {
      "has_at_least_9_iron_ingot": "2024-11-20 23:10:18 +0000"
    },
    "done": true
  },
  "minecraft:recipes/decorations/painting": {
    "criteria": {
      "has_wool": "2024-11-21 21:13:18 +0000"
    },
    "done": true
  },
  "minecraft:recipes/building_blocks/white_stained_glass": {
    "criteria": {
      "has_glass": "2024-11-23 22:39:27 +0000"
    },
    "done": true
  },
  "biomesoplenty:recipes/transportation/boat_sacred_oak": {
    "criteria": {
      "entered_water": "2024-11-24 23:28:23 +0000"
    },
    "done": true
  },
  "minecraft:recipes/misc/red_dye_from_poppy": {
    "criteria": {
      "has_red_flower": "2024-11-21 21:04:06 +0000"
    },
    "done": true
  },
  "biomesoplenty:recipes/transportation/boat_pine": {
    "criteria": {
      "entered_water": "2024-11-24 23:28:23 +0000"
    },
    "done": true
  },
  "botania:main/flower_pickup": {
    "criteria": {
      "flower": "2024-11-27 02:45:12 +0000"
    },
    "done": true
  },
  "minecraft:recipes/redstone/wooden_pressure_plate": {
    "criteria": {
      "has_planks": "2024-11-20 22:16:22 +0000"
    },
    "done": true
  },
  "evilcraft:first_age": {
    "criteria": {
      "criteria_0": "2024-11-21 20:13:47 +0000"
    },
    "done": true
  },
  "twilightforest:alt/biomes/dark_forest_center": {
    "criteria": {
      "discover": "2024-11-27 19:40:15 +0000"
    },
    "done": true
  },
  "minecraft:recipes/combat/arrow": {
    "criteria": {
      "has_feather": "2024-11-20 22:13:37 +0000"
    },
    "done": true
  },
  "minecraft:recipes/building_blocks/stone_slab": {
    "criteria": {
      "has_stone": "2024-11-22 17:39:03 +0000"
    },
    "done": true
  },
  "twilightforest:alt/entities/lich": {
    "criteria": {
      "hurt_by_indirect": "2024-11-25 19:54:45 +0000"
    },
    "done": true
  },
  "minecraft:recipes/building_blocks/coal_block": {
    "criteria": {
      "has_at_least_9_coal": "2024-11-20 22:25:59 +0000"
    },
    "done": true
  },
  "mowziesmobs:root": {
    "criteria": {
      "custom_test_name": "2024-11-20 21:55:57 +0000"
    },
    "done": true
  },
  "minecraft:recipes/misc/yellow_dye_from_dandelion": {
    "criteria": {
      "has_yellow_flower": "2024-11-21 21:15:53 +0000"
    },
    "done": true
  },
  "minecraft:recipes/building_blocks/green_stained_glass": {
    "criteria": {
      "has_glass": "2024-11-23 22:39:27 +0000"
    },
    "done": true
  },
  "biomesoplenty:recipes/buildingblocks/coarse_loamy_dirt": {
    "criteria": {
      "has_gravel": "2024-11-25 17:26:43 +0000"
    },
    "done": true
  },
  "minecraft:story/deflect_arrow": {
    "criteria": {
      "deflected_projectile": "2024-11-21 20:23:42 +0000"
    },
    "done": true
  },
  "minecraft:recipes/decorations/snow_layer": {
    "criteria": {
      "has_snowball": "2024-11-27 19:32:22 +0000"
    },
    "done": true
  },
  "minecraft:recipes/building_blocks/light_blue_wool": {
    "criteria": {
      "has_white_wool": "2024-11-21 21:13:18 +0000"
    },
    "done": true
  },
  "minecraft:recipes/redstone/wooden_button": {
    "criteria": {
      "has_planks": "2024-11-20 22:16:22 +0000"
    },
    "done": true
  },
  "minecraft:recipes/combat/wooden_sword": {
    "criteria": {
      "has_stick": "2024-11-20 22:16:26 +0000"
    },
    "done": true
  },
  "minecraft:recipes/tools/stone_shovel": {
    "criteria": {
      "has_cobblestone": "2024-11-20 22:16:51 +0000"
    },
    "done": true
  },
  "minecraft:recipes/decorations/yellow_stained_glass_pane": {
    "criteria": {
      "has_glass": "2024-11-23 22:39:27 +0000"
    },
    "done": true
  },
  "minecraft:recipes/building_blocks/oak_planks": {
    "criteria": {
      "has_log": "2024-11-21 21:01:34 +0000"
    },
    "done": true
  },
  "minecraft:recipes/building_blocks/blue_concrete_powder": {
    "criteria": {
      "has_sand": "2024-11-21 20:38:25 +0000"
    },
    "done": true
  },
  "twilightforest:alt/entities/helmet_crab": {
    "criteria": {
      "slay": "2024-11-27 19:37:54 +0000"
    },
    "done": true
  },
  "minecraft:recipes/building_blocks/gray_concrete_powder": {
    "criteria": {
      "has_sand": "2024-11-21 20:38:25 +0000"
    },
    "done": true
  },
  "biomesoplenty:recipes/transportation/boat_cherry": {
    "criteria": {
      "entered_water": "2024-11-24 23:28:23 +0000"
    },
    "done": true
  },
  "minecraft:recipes/building_blocks/cyan_stained_glass": {
    "criteria": {
      "has_glass": "2024-11-23 22:39:27 +0000"
    },
    "done": true
  },
  "botania:main/root": {
    "criteria": {
      "flower": "2024-11-27 02:45:12 +0000"
    },
    "done": true
  },
  "minecraft:recipes/building_blocks/bookshelf": {
    "criteria": {
      "has_book": "2024-11-22 19:01:16 +0000"
    },
    "done": true
  },
  "minecraft:recipes/decorations/fence": {
    "criteria": {
      "has_planks": "2024-11-21 20:44:02 +0000"
    },
    "done": true
  },
  "minecraft:recipes/tools/iron_axe": {
    "criteria": {
      "has_iron_ingot": "2024-11-20 22:44:00 +0000"
    },
    "done": true
  },
  "minecraft:recipes/building_blocks/andesite": {
    "criteria": {
      "has_stone": "2024-11-20 23:26:34 +0000"
    },
    "done": true
  },
  "twilightforest:alt/entities/skeleton_druid": {
    "criteria": {
      "hurt_by_indirect": "2024-11-27 02:29:18 +0000"
    },
    "done": true
  },
  "minecraft:recipes/tools/lead": {
    "criteria": {
      "has_slime_ball": "2024-11-27 00:47:49 +0000"
    },
    "done": true
  },
  "minecraft:recipes/redstone/tripwire_hook": {
    "criteria": {
      "has_string": "2024-11-20 23:42:27 +0000"
    },
    "done": true
  },
  "minecraft:recipes/combat/iron_boots": {
    "criteria": {
      "has_iron_ingot": "2024-11-20 22:44:00 +0000"
    },
    "done": true
  },
  "minecraft:recipes/building_blocks/birch_planks": {
    "criteria": {
      "has_log": "2024-11-20 22:08:58 +0000"
    },
    "done": true
  },
  "biomesoplenty:biomesoplenty/root": {
    "criteria": {
      "yellow_flower": "2024-11-25 18:44:50 +0000",
      "red_flower": "2024-11-25 18:44:50 +0000"
    },
    "done": true
  },
  "minecraft:recipes/misc/bone_meal_from_bone": {
    "criteria": {
      "has_bone": "2024-11-20 22:17:30 +0000"
    },
    "done": true
  },
  "minecraft:recipes/building_blocks/black_concrete_powder": {
    "criteria": {
      "has_sand": "2024-11-21 20:38:25 +0000"
    },
    "done": true
  },
  "twilightforest:alt/biomes/firefly_forest": {
    "criteria": {
      "discover": "2024-11-22 20:18:54 +0000"
    },
    "done": true
  },
  "minecraft:story/iron_tools": {
    "criteria": {
      "iron_pickaxe": "2024-11-20 22:44:35 +0000"
    },
    "done": true
  },
  "twilightforest:alt/major_landmarks/hedge_maze": {
    "criteria": {
      "discover": "2024-11-27 02:40:48 +0000"
    },
    "done": true
  },
  "biomesoplenty:recipes/transportation/boat_ebony": {
    "criteria": {
      "entered_water": "2024-11-24 23:28:23 +0000"
    },
    "done": true
  },
  "moreplanets:recipes/empty_capsule": {
    "criteria": {
      "has_item": "2024-11-25 16:54:46 +0000"
    },
    "done": true
  },
  "biomesoplenty:recipes/transportation/boat_hellbark": {
    "criteria": {
      "entered_water": "2024-11-24 23:28:23 +0000"
    },
    "done": true
  },
  "twilightforest:alt/treasures/knightmetal_tool_set": {
    "criteria": {
      "ingredient": "2024-11-27 19:37:55 +0000"
    },
    "done": true
  },
  "minecraft:recipes/building_blocks/spruce_wooden_slab": {
    "criteria": {
      "has_planks": "2024-11-21 20:44:01 +0000"
    },
    "done": true
  },
  "minecraft:recipes/redstone/birch_fence_gate": {
    "criteria": {
      "has_planks": "2024-11-20 22:16:22 +0000"
    },
    "done": true
  },
  "minecraft:story/root": {
    "criteria": {
      "crafting_table": "2024-11-20 22:16:34 +0000"
    },
    "done": true
  },
  "twilightforest:alt/biomes/mushroom_forest": {
    "criteria": {
      "discover": "2024-11-22 20:18:47 +0000"
    },
    "done": true
  },
  "minecraft:recipes/redstone/stone_button": {
    "criteria": {
      "has_stone": "2024-11-22 17:39:03 +0000"
    },
    "done": true
  },
  "minecraft:recipes/combat/iron_chestplate": {
    "criteria": {
      "has_iron_ingot": "2024-11-20 22:44:00 +0000"
    },
    "done": true
  },
  "minecraft:recipes/redstone/dropper": {
    "criteria": {
      "has_redstone": "2024-11-21 20:05:58 +0000"
    },
    "done": true
  },
  "minecraft:recipes/building_blocks/yellow_wool": {
    "criteria": {
      "has_white_wool": "2024-11-21 21:13:18 +0000"
    },
    "done": true
  },
  "minecraft:recipes/misc/coal": {
    "criteria": {
      "has_the_recipe": "2024-11-20 22:25:59 +0000"
    },
    "done": true
  },
  "twilightforest:alt/major_landmarks/hollow_hills": {
    "criteria": {
      "2": "2024-11-22 20:20:21 +0000"
    },
    "done": true
  },
  "rebornmod:reborn/root": {
    "criteria": {
      "tick": "2024-11-20 21:55:57 +0000"
    },
    "done": true
  },
  "moreplanets:recipes/laser_bullet": {
    "criteria": {
      "has_item": "2024-11-21 20:05:58 +0000"
    },
    "done": true
  },
  "minecraft:recipes/redstone/noteblock": {
    "criteria": {
      "has_redstone": "2024-11-21 20:05:58 +0000"
    },
    "done": true
  },
  "minecraft:recipes/building_blocks/red_concrete_powder": {
    "criteria": {
      "has_sand": "2024-11-21 20:38:25 +0000"
    },
    "done": true
  },
  "minecraft:recipes/decorations/light_blue_bed_from_white_bed": {
    "criteria": {
      "has_bed": "2024-11-22 17:38:40 +0000"
    },
    "done": true
  },
  "minecraft:recipes/building_blocks/string_to_wool": {
    "criteria": {
      "has_string": "2024-11-20 23:42:27 +0000"
    },
    "done": true
  },
  "biomesoplenty:recipes/transportation/boat_mahogany": {
    "criteria": {
      "entered_water": "2024-11-24 23:28:23 +0000"
    },
    "done": true
  },
  "twilightforest:alt/entities/kobold": {
    "criteria": {
      "hurt": "2024-11-25 19:52:42 +0000"
    },
    "done": true
  },
  "minecraft:recipes/combat/leather_chestplate": {
    "criteria": {
      "has_leather": "2024-11-20 22:00:42 +0000"
    },
    "done": true
  },
  "minecraft:recipes/tools/compass": {
    "criteria": {
      "has_redstone": "2024-11-21 20:05:58 +0000"
    },
    "done": true
  },
  "minecraft:recipes/redstone/repeater": {
    "criteria": {
      "has_redstone_torch": "2024-11-25 17:01:54 +0000"
    },
    "done": true
  },
  "minecraft:adventure/kill_a_mob": {
    "criteria": {
      "zombie": "2024-11-20 22:26:28 +0000"
    },
    "done": true
  },
  "galacticraftcore:galacticraft/fill_all_tanks": {
    "criteria": {
      "heavy_tank": "2024-11-27 00:34:04 +0000"
    },
    "done": false
  },
  "biomesoplenty:recipes/buildingblocks/coarse_sandy_dirt": {
    "criteria": {
      "has_gravel": "2024-11-25 17:26:43 +0000"
    },
    "done": true
  },
  "twilightforest:alt/major_landmarks/medium_hollow_hill": {
    "criteria": {
      "discover": "2024-11-27 19:36:07 +0000"
    },
    "done": true
  },
  "twilightforest:alt/major_landmarks/lich_tower": {
    "criteria": {
      "discover": "2024-11-25 19:51:40 +0000"
    },
    "done": true
  },
  "twilightforest:alt/entities/arthopods": {
    "criteria": {
      "3": "2024-11-22 20:24:28 +0000"
    },
    "done": true
  },
  "galacticraftcore:galacticraft/fill_tank": {
    "criteria": {
      "heavy_tank": "2024-11-27 00:34:04 +0000"
    },
    "done": true
  },
  "minecraft:recipes/redstone/sticky_piston": {
    "criteria": {
      "has_slime_ball": "2024-11-27 00:47:49 +0000"
    },
    "done": true
  },
  "minecraft:recipes/building_blocks/polished_andesite": {
    "criteria": {
      "has_stone": "2024-11-20 22:24:49 +0000"
    },
    "done": true
  },
  "twilightforest:alt/treasures/armors": {
    "criteria": {
      "1": "2024-11-27 02:32:45 +0000"
    },
    "done": true
  },
  "galacticraftcore:galacticraft/oxygen_collector": {
    "criteria": {
      "oxygen_collector": "2024-11-25 17:12:12 +0000"
    },
    "done": true
  },
  "minecraft:adventure/adventuring_time": {
    "criteria": {
      "forest": "2024-11-20 22:02:24 +0000",
      "birch_forest": "2024-11-20 21:59:43 +0000",
      "deep_ocean": "2024-11-20 22:33:30 +0000",
      "beaches": "2024-11-20 22:02:30 +0000",
      "extreme_hills_with_trees": "2024-11-20 22:21:01 +0000",
      "forest_hills": "2024-11-20 22:39:10 +0000",
      "plains": "2024-11-20 21:55:57 +0000",
      "savanna": "2024-11-20 23:00:05 +0000",
      "savanna_rock": "2024-11-20 23:01:16 +0000",
      "taiga": "2024-11-20 22:13:15 +0000",
      "taiga_hills": "2024-11-20 22:20:16 +0000",
      "birch_forest_hills": "2024-11-20 22:10:59 +0000",
      "ocean": "2024-11-20 22:02:48 +0000",
      "extreme_hills": "2024-11-20 22:20:30 +0000",
      "roofed_forest": "2024-11-20 22:37:02 +0000",
      "river": "2024-11-20 21:59:09 +0000",
      "desert": "2024-11-21 20:33:24 +0000",
      "stone_beach": "2024-11-20 22:22:03 +0000"
    },
    "done": false
  },
  "minecraft:recipes/redstone/iron_door": {
    "criteria": {
      "has_iron_ingot": "2024-11-20 22:44:00 +0000"
    },
    "done": true
  },
  "minecraft:recipes/building_blocks/birch_wooden_slab": {
    "criteria": {
      "has_planks": "2024-11-20 22:16:22 +0000"
    },
    "done": true
  },
  "minecraft:recipes/decorations/purple_bed_from_white_bed": {
    "criteria": {
      "has_bed": "2024-11-22 17:38:40 +0000"
    },
    "done": true
  },
  "minecraft:recipes/misc/book": {
    "criteria": {
      "has_paper": "2024-11-22 19:01:16 +0000"
    },
    "done": true
  },
  "twilightforest:progress_labyrinth": {
    "criteria": {
      "kill_lich": "2024-11-27 02:32:45 +0000"
    },
    "done": false
  },
  "minecraft:recipes/combat/stone_sword": {
    "criteria": {
      "has_cobblestone": "2024-11-20 22:16:51 +0000"
    },
    "done": true
  },
  "biomesoplenty:recipes/transportation/boat_willow": {
    "criteria": {
      "entered_water": "2024-11-24 23:28:23 +0000"
    },
    "done": true
  },
  "minecraft:recipes/decorations/cobblestone_wall": {
    "criteria": {
      "has_cobblestone": "2024-11-20 22:16:51 +0000"
    },
    "done": true
  },
  "minecraft:recipes/brewing/fermented_spider_eye": {
    "criteria": {
      "has_spider_eye": "2024-11-24 22:59:58 +0000"
    },
    "done": true
  },
  "minecraft:recipes/tools/stone_pickaxe": {
    "criteria": {
      "has_cobblestone": "2024-11-20 22:16:51 +0000"
    },
    "done": true
  },
  "twilightforest:alt/major_landmarks/knight_stronghold": {
    "criteria": {
      "discover": "2024-11-27 19:38:40 +0000"
    },
    "done": true
  },
  "betteranimalsplus:root": {
    "criteria": {
      "tick": "2024-11-20 21:55:57 +0000"
    },
    "done": true
  },
  "twilightforest:alt/biomes/deep_mushroom_forest": {
    "criteria": {
      "discover": "2024-11-27 02:39:47 +0000"
    },
    "done": true
  },
  "minecraft:recipes/redstone/stone_pressure_plate": {
    "criteria": {
      "has_stone": "2024-11-22 17:39:03 +0000"
    },
    "done": true
  },
  "minecraft:recipes/building_blocks/brown_stained_glass": {
    "criteria": {
      "has_glass": "2024-11-23 22:39:27 +0000"
    },
    "done": true
  },
  "minecraft:recipes/transportation/boat": {
    "criteria": {
      "entered_water": "2024-11-20 21:57:54 +0000"
    },
    "done": true
  },
  "minecraft:recipes/combat/leather_boots": {
    "criteria": {
      "has_leather": "2024-11-20 22:00:42 +0000"
    },
    "done": true
  },
  "minecraft:recipes/misc/purple_dye": {
    "criteria": {
      "has_lapis": "2024-11-24 23:28:38 +0000"
    },
    "done": true
  },
  "minecraft:recipes/transportation/jungle_boat": {
    "criteria": {
      "entered_water": "2024-11-20 21:57:54 +0000"
    },
    "done": true
  },
  "rebornmod:reborn/plant_fossils": {
    "criteria": {
      "plant_fossil": "2024-11-20 22:22:27 +0000"
    },
    "done": true
  },
  "minecraft:recipes/misc/red_dye_from_tulip": {
    "criteria": {
      "has_red_flower": "2024-11-21 21:20:45 +0000"
    },
    "done": true
  },
  "minecraft:adventure/shoot_arrow": {
    "criteria": {
      "shot_arrow": "2024-11-21 22:11:45 +0000"
    },
    "done": true
  },
  "minecraft:recipes/building_blocks/birch_stairs": {
    "criteria": {
      "has_planks": "2024-11-20 22:16:22 +0000"
    },
    "done": true
  },
  "minecraft:recipes/misc/orange_dye_from_orange_tulip": {
    "criteria": {
      "has_red_flower": "2024-11-21 21:20:10 +0000"
    },
    "done": true
  },
  "minecraft:recipes/building_blocks/light_gray_stained_glass": {
    "criteria": {
      "has_glass": "2024-11-23 22:39:27 +0000"
    },
    "done": true
  },
  "twilightforest:alt/entities/lich_zombies": {
    "criteria": {
      "hurt_by_indirect_alt": "2024-11-27 02:22:06 +0000"
    },
    "done": true
  },
  "minecraft:recipes/redstone/heavy_weighted_pressure_plate": {
    "criteria": {
      "has_iron_ingot": "2024-11-20 22:44:00 +0000"
    },
    "done": true
  },
  "minecraft:recipes/building_blocks/diamond_block": {
    "criteria": {
      "has_at_least_9_diamond": "2024-11-21 19:56:15 +0000"
    },
    "done": true
  },
  "twilightforest:alt/biomes/enchanted_forest": {
    "criteria": {
      "discover": "2024-11-27 02:47:22 +0000"
    },
    "done": true
  },
  "minecraft:recipes/transportation/dark_oak_boat": {
    "criteria": {
      "entered_water": "2024-11-20 21:57:54 +0000"
    },
    "done": true
  },
  "minecraft:recipes/transportation/carrot_on_a_stick": {
    "criteria": {
      "has_carrot": "2024-11-22 18:50:59 +0000"
    },
    "done": true
  },
  "minecraft:recipes/building_blocks/pink_wool": {
    "criteria": {
      "has_white_wool": "2024-11-21 21:13:18 +0000"
    },
    "done": true
  },
  "biomesoplenty:recipes/transportation/boat_jacaranda": {
    "criteria": {
      "entered_water": "2024-11-24 23:28:23 +0000"
    },
    "done": true
  },
  "minecraft:recipes/decorations/red_stained_glass_pane": {
    "criteria": {
      "has_glass": "2024-11-23 22:39:27 +0000"
    },
    "done": true
  },
  "evilcraft:root": {
    "criteria": {
      "criteria_0": "2024-11-21 20:13:47 +0000"
    },
    "done": true
  },
  "minecraft:recipes/building_blocks/lapis_block": {
    "criteria": {
      "has_at_least_9_lapis": "2024-11-24 23:29:04 +0000"
    },
    "done": true
  },
  "minecraft:recipes/decorations/brown_bed_from_white_bed": {
    "criteria": {
      "has_bed": "2024-11-22 17:38:40 +0000"
    },
    "done": true
  },
  "minecraft:recipes/building_blocks/polished_granite": {
    "criteria": {
      "has_stone": "2024-11-20 23:12:34 +0000"
    },
    "done": true
  },
  "biomesoplenty:recipes/misc/sand_from_dried_sand": {
    "criteria": {
      "has_gem_block": "2024-11-24 22:57:00 +0000"
    },
    "done": true
  },
  "minecraft:recipes/building_blocks/stonebrick": {
    "criteria": {
      "has_stone": "2024-11-22 17:39:03 +0000"
    },
    "done": true
  },
  "minecraft:recipes/redstone/piston": {
    "criteria": {
      "has_redstone": "2024-11-21 20:05:58 +0000"
    },
    "done": true
  },
  "twilightforest:progress_yeti": {
    "criteria": {
      "previous_progression": "2024-11-27 02:32:45 +0000"
    },
    "done": false
  },
  "minecraft:recipes/building_blocks/melon_block": {
    "criteria": {
      "has_melon": "2024-11-20 22:11:43 +0000"
    },
    "done": true
  },
  "minecraft:recipes/building_blocks/stone_stairs": {
    "criteria": {
      "has_cobblestone": "2024-11-20 22:16:51 +0000"
    },
    "done": true
  },
  "biomesoplenty:recipes/misc/mud_from_dirt": {
    "criteria": {
      "has_gem_block": "2024-11-24 22:57:00 +0000"
    },
    "done": true
  },
  "twilightforest:alt/entities/slime_beetle": {
    "criteria": {
      "hurt_by_indirect": "2024-11-27 19:39:02 +0000"
    },
    "done": true
  },
  "twilightforest:alt/treasures/tools": {
    "criteria": {
      "4": "2024-11-27 19:37:55 +0000"
    },
    "done": true
  },
  "minecraft:recipes/decorations/brown_stained_glass_pane": {
    "criteria": {
      "has_glass": "2024-11-23 22:39:27 +0000"
    },
    "done": true
  },
  "minecraft:recipes/misc/diamond": {
    "criteria": {
      "has_the_recipe": "2024-11-21 19:56:15 +0000"
    },
    "done": true
  },
  "minecraft:recipes/combat/diamond_boots": {
    "criteria": {
      "has_diamond": "2024-11-20 23:09:53 +0000"
    },
    "done": true
  },
  "minecraft:recipes/building_blocks/polished_diorite": {
    "criteria": {
      "has_stone": "2024-11-20 23:26:34 +0000"
    },
    "done": true
  },
  "twilightforest:progress_lich": {
    "criteria": {
      "twilight_scepter": "2024-11-27 02:23:19 +0000",
      "kill_naga": "2024-11-27 02:32:45 +0000"
    },
    "done": true
  },
  "twilightforest:alt/biomes/twilight_glacier": {
    "criteria": {
      "discover": "2024-11-27 19:26:51 +0000"
    },
    "done": true
  },
  "minecraft:recipes/building_blocks/light_gray_wool": {
    "criteria": {
      "has_white_wool": "2024-11-21 21:13:18 +0000"
    },
    "done": true
  },
  "minecraft:recipes/decorations/red_bed_from_white_bed": {
    "criteria": {
      "has_bed": "2024-11-22 17:38:40 +0000"
    },
    "done": true
  },
  "minecraft:recipes/building_blocks/red_wool": {
    "criteria": {
      "has_white_wool": "2024-11-21 21:13:18 +0000"
    },
    "done": true
  },
  "twilightforest:alt/biomes/twilight_highlands": {
    "criteria": {
      "discover": "2024-11-27 02:02:05 +0000"
    },
    "done": true
  },
  "minecraft:story/smelt_iron": {
    "criteria": {
      "iron": "2024-11-20 22:44:00 +0000"
    },
    "done": true
  },
  "minecraft:recipes/tools/stone_axe": {
    "criteria": {
      "has_cobblestone": "2024-11-20 22:16:51 +0000"
    },
    "done": true
  },
  "minecraft:recipes/redstone/wooden_door": {
    "criteria": {
      "has_planks": "2024-11-21 20:44:02 +0000"
    },
    "done": true
  },
  "minecraft:recipes/building_blocks/chiseled_stonebrick": {
    "criteria": {
      "has_stonebrick": "2024-11-21 21:48:59 +0000"
    },
    "done": true
  },
  "minecraft:recipes/building_blocks/pink_stained_glass": {
    "criteria": {
      "has_glass": "2024-11-23 22:39:27 +0000"
    },
    "done": true
  },
  "minecraft:recipes/decorations/light_gray_bed_from_white_bed": {
    "criteria": {
      "has_bed": "2024-11-22 17:38:40 +0000"
    },
    "done": true
  },
  "minecraft:recipes/decorations/light_gray_stained_glass_pane": {
    "criteria": {
      "has_glass": "2024-11-23 22:39:27 +0000"
    },
    "done": true
  }
}